kod,ana_unite,ifade,tur,bilissel_duzey,islem_turu,on_kosul_kodlari,on_kosul_diger,yanilgilar,olcme_turleri,ustalik_olcutu,durum,eklenme_tarihi
Fiz01MK0001,01,"Fizik biliminin matematik, kimya, biyoloji, astronomi ve müzik gibi disiplinlerle ilişkisini günlük hayat örnekleriyle açıklar.",Bilgi,Anlama,Açıklama ve özetleme,,Fen bilimleri dersindeki temel kavramlar (ön öğrenme),,AU,3 maddeden en az 2'si doğru,taslak,2026-10-01
Fiz01MK0002,01,"Fizik bilimini, belirlediği disiplin ilişkilerinden yararlanarak madde, enerji ve bunların etkileşimini inceleyen bilim olarak tanımlar.",Bilgi,Analiz,Çıkarım ve ilişkilendirme,Fiz01MK0001,,Fiz01YG0001,AU,3 maddeden en az 2'si doğru,taslak,2026-10-01
Fiz01MK0003,01,Mekaniğin ilgilendiği olgu ve olayları belirtir.,Bilgi,Hatırlama,Tanıma ve hatırlama,Fiz01MK0002,,,ÇS,3 maddeden en az 2'si doğru,taslak,2026-10-01
Fiz01MK0004,01,Elektromanyetizmanın ilgilendiği olgu ve olayları belirtir.,Bilgi,Hatırlama,Tanıma ve hatırlama,Fiz01MK0002,,,ÇS,3 maddeden en az 2'si doğru,taslak,2026-10-01
Fiz01MK0005,01,Termodinamiğin ilgilendiği olgu ve olayları belirtir.,Bilgi,Hatırlama,Tanıma ve hatırlama,Fiz01MK0002,,,ÇS,3 maddeden en az 2'si doğru,taslak,2026-10-01
Fiz01MK0006,01,Optiğin ilgilendiği olgu ve olayları belirtir.,Bilgi,Hatırlama,Tanıma ve hatırlama,Fiz01MK0002,,,ÇS,3 maddeden en az 2'si doğru,taslak,2026-10-01
Fiz01MK0007,01,Katı hâl fiziğinin ilgilendiği olgu ve olayları belirtir.,Bilgi,Hatırlama,Tanıma ve hatırlama,Fiz01MK0002,,,ÇS,3 maddeden en az 2'si doğru,taslak,2026-10-01
Fiz01MK0008,01,Atom fiziğinin ilgilendiği olgu ve olayları belirtir.,Bilgi,Hatırlama,Tanıma ve hatırlama,Fiz01MK0002,,,ÇS,3 maddeden en az 2'si doğru,taslak,2026-10-01
Fiz01MK0009,01,Nükleer fiziğin ilgilendiği olgu ve olayları belirtir.,Bilgi,Hatırlama,Tanıma ve hatırlama,Fiz01MK0002,,,ÇS,3 maddeden en az 2'si doğru,taslak,2026-10-01
Fiz01MK0010,01,Yüksek enerji fiziğinin ilgilendiği olgu ve olayları belirtir.,Bilgi,Hatırlama,Tanıma ve hatırlama,Fiz01MK0002,,,ÇS,3 maddeden en az 2'si doğru,taslak,2026-10-01
Fiz01MK0011,01,Plazma fiziğinin ilgilendiği olgu ve olayları belirtir.,Bilgi,Hatırlama,Tanıma ve hatırlama,Fiz01MK0002,,,ÇS,3 maddeden en az 2'si doğru,taslak,2026-10-01
Fiz01MK0012,01,Görsellerdeki olgu ve olayları ilgili oldukları alt dala göre ayrıştırır ve gruplandırır.,Beceri,Analiz,Ayırt etme ve sınıflama,Fiz01MK0003; Fiz01MK0004; Fiz01MK0005; Fiz01MK0006; Fiz01MK0007; Fiz01MK0008; Fiz01MK0009; Fiz01MK0010; Fiz01MK0011,,Fiz01YG0001,ÇS; AU,3 maddeden en az 2'si doğru,taslak,2026-10-01
Fiz01MK0013,01,"İbnülheysem, Hazini, Newton ve Einstein gibi bilim insanlarının bilime bakış açılarını, çalışma biçimlerini ve çalışmalarının etkilerini inceleyerek not eder.",Beceri,Uygulama,Gözlem ve kayıt,Fiz01MK0002,,,PG,Rubrikte yeterli ve üstü,taslak,2026-10-01
Fiz01MK0014,01,"Bilim insanlarının deneyimlerinden bilimsel çalışmanın merak, azim, sistemli çalışma ve birikim gerektirdiğine ilişkin çıkarım yapar.",Bilgi,Analiz,Çıkarım ve ilişkilendirme,Fiz01MK0013,,Fiz01YG0002,AU,3 maddeden en az 2'si doğru,taslak,2026-10-01
Fiz01MK0015,01,"Bilim insanlarına ilişkin çıkarımlarını kararlılık, bilimsel erdem, eğitim ve araştırma becerileri ölçütlerine göre değerlendirir.",Beceri,Değerlendirme,Sınama ve değerlendirme,Fiz01MK0014,,,PG,Rubrikte yeterli ve üstü,taslak,2026-10-01
Fiz01MK0016,01,"Bilim ve teknoloji kurumlarında (ASELSAN, MTA, TENMAK, TUA, TÜBİTAK, CERN, ESA, NASA) fizikle ilişkili çalışmalar ve meslekler hakkında araştırılabilir sorular sorar.",Beceri,Uygulama,Çıkarım ve ilişkilendirme,Fiz01MK0003; Fiz01MK0004; Fiz01MK0005; Fiz01MK0006; Fiz01MK0007; Fiz01MK0008; Fiz01MK0009; Fiz01MK0010; Fiz01MK0011,,,PG,Rubrikte yeterli ve üstü,taslak,2026-10-01
Fiz01MK0017,01,"Sorularına yönelik güvenilir kaynaklardan, kaynak bilgisini belirterek bilgi toplar.",Beceri,Uygulama,Gözlem ve kayıt,Fiz01MK0016,,,PG,Rubrikte yeterli ve üstü,taslak,2026-10-01
Fiz01MK0018,01,Kurum ve meslekler hakkında topladığı bilgilerin doğruluğunu kaynağın güvenilirliği açısından değerlendirir.,Beceri,Değerlendirme,Sınama ve değerlendirme,Fiz01MK0017,,,PG,Rubrikte yeterli ve üstü,taslak,2026-10-01
Fiz01MK0019,01,Fiziğin alt dallarından yararlanan meslekler hakkında çıkarım yapar.,Bilgi,Analiz,Çıkarım ve ilişkilendirme,Fiz01MK0018; Fiz01MK0012,,,AU; PG,3 maddeden en az 2'si doğru; PG'de rubrikte yeterli ve üstü,taslak,2026-10-01
Fiz02MK0001,02,Uzunluğun SI birimini (metre) belirtir.,Bilgi,Hatırlama,Tanıma ve hatırlama,,Fen bilimlerinde kullanılan nicelikler ve birimleri (ön öğrenme),,ÇS,3 maddeden en az 2'si doğru,taslak,2026-10-01
Fiz02MK0002,02,Kütlenin SI birimini (kilogram) belirtir.,Bilgi,Hatırlama,Tanıma ve hatırlama,,Fen bilimlerinde kullanılan nicelikler ve birimleri (ön öğrenme),,ÇS,3 maddeden en az 2'si doğru,taslak,2026-10-01
Fiz02MK0003,02,Zamanın SI birimini (saniye) belirtir.,Bilgi,Hatırlama,Tanıma ve hatırlama,,Fen bilimlerinde kullanılan nicelikler ve birimleri (ön öğrenme),,ÇS,3 maddeden en az 2'si doğru,taslak,2026-10-01
Fiz02MK0004,02,Sıcaklığın SI birimini (kelvin) belirtir.,Bilgi,Hatırlama,Tanıma ve hatırlama,,Fen bilimlerinde kullanılan nicelikler ve birimleri (ön öğrenme),,ÇS,3 maddeden en az 2'si doğru,taslak,2026-10-01
Fiz02MK0005,02,Elektrik akımının SI birimini (amper) belirtir.,Bilgi,Hatırlama,Tanıma ve hatırlama,,Fen bilimlerinde kullanılan nicelikler ve birimleri (ön öğrenme),,ÇS,3 maddeden en az 2'si doğru,taslak,2026-10-01
Fiz02MK0006,02,Madde miktarının SI birimini (mol) belirtir.,Bilgi,Hatırlama,Tanıma ve hatırlama,,Fen bilimlerinde kullanılan nicelikler ve birimleri (ön öğrenme),,ÇS,3 maddeden en az 2'si doğru,taslak,2026-10-01
Fiz02MK0007,02,Işık şiddetinin SI birimini (kandela) belirtir.,Bilgi,Hatırlama,Tanıma ve hatırlama,,Fen bilimlerinde kullanılan nicelikler ve birimleri (ön öğrenme),,ÇS,3 maddeden en az 2'si doğru,taslak,2026-10-01
Fiz02MK0008,02,Temel nicelikleri başka niceliklerden türetilmeyen nicelikler olarak tanımlar.,Bilgi,Anlama,Tanıma ve hatırlama,Fiz02MK0001; Fiz02MK0002; Fiz02MK0003; Fiz02MK0004; Fiz02MK0005; Fiz02MK0006; Fiz02MK0007,,,ÇS,3 maddeden en az 2'si doğru,taslak,2026-10-01
Fiz02MK0009,02,Türetilmiş nicelikleri temel niceliklerden elde edilen nicelikler olarak tanımlar.,Bilgi,Anlama,Tanıma ve hatırlama,Fiz02MK0008,,,ÇS,3 maddeden en az 2'si doğru,taslak,2026-10-01
Fiz02MK0010,02,"Verilen nicelikleri temel ve türetilmiş olarak ayrıştırır, gruplandırır ve adlandırır.",Beceri,Analiz,Ayırt etme ve sınıflama,Fiz02MK0008; Fiz02MK0009,,Fiz02YG0001,ÇS,3 maddeden en az 2'si doğru,taslak,2026-10-01
Fiz02MK0011,02,Skaler niceliklerin yalnızca büyüklükle ifade edildiğini belirtir.,Bilgi,Anlama,Tanıma ve hatırlama,,Fen bilimleri: nicelikler (ön öğrenme),,ÇS,3 maddeden en az 2'si doğru,taslak,2026-10-01
Fiz02MK0012,02,Vektörel niceliklerin büyüklük ve yönle ifade edildiğini belirtir.,Bilgi,Anlama,Tanıma ve hatırlama,,Fen bilimleri: nicelikler (ön öğrenme),,ÇS,3 maddeden en az 2'si doğru,taslak,2026-10-01
Fiz02MK0013,02,Skaler ve vektörel nicelikleri yön bakımından karşılaştırır.,Bilgi,Analiz,Karşılaştırma,Fiz02MK0011; Fiz02MK0012,,Fiz02YG0002,ÇS; AU,3 maddeden en az 2'si doğru,taslak,2026-10-01
Fiz02MK0014,02,Skaler ve vektörel nicelikleri toplanma biçimi bakımından karşılaştırır.,Bilgi,Analiz,Karşılaştırma,Fiz02MK0011; Fiz02MK0012,,,ÇS; AU,3 maddeden en az 2'si doğru,taslak,2026-10-01
Fiz02MK0015,02,Kareli düzlemde bir vektörü ok yönü ve uzunluğuyla gösterir.,Beceri,Uygulama,Dönüştürme,Fiz02MK0012,,,ÇS,3 maddeden en az 2'si doğru,taslak,2026-10-01
Fiz02MK0016,02,Kareli düzlemde verilen bir vektörün yönünü ve büyüklüğünü okur.,Beceri,Uygulama,Dönüştürme,Fiz02MK0012,,,ÇS,3 maddeden en az 2'si doğru,taslak,2026-10-01
Fiz02MK0017,02,Aynı doğrultudaki vektörlerin yön ve büyüklüklerini kareli düzlemden okuyup tabloya kaydeder.,Beceri,Uygulama,Gözlem ve kayıt,Fiz02MK0015; Fiz02MK0016,,,AU,3 maddeden en az 2'si doğru,taslak,2026-10-01
Fiz02MK0018,02,Verilerden eşit vektörlerin aynı yön ve büyüklükte olduğu çıkarımını yapar.,Bilgi,Analiz,Çıkarım ve ilişkilendirme,Fiz02MK0017,,,ÇS; AU,3 maddeden en az 2'si doğru,taslak,2026-10-01
Fiz02MK0019,02,Verilerden zıt vektörlerin aynı büyüklükte ve zıt yönde olduğu çıkarımını yapar.,Bilgi,Analiz,Çıkarım ve ilişkilendirme,Fiz02MK0017,,,ÇS,3 maddeden en az 2'si doğru,taslak,2026-10-01
Fiz02MK0020,02,Bir vektörü pozitif sayıyla çarpmanın yalnızca büyüklüğünü değiştirdiği çıkarımını yapar.,Bilgi,Analiz,Çıkarım ve ilişkilendirme,Fiz02MK0016,,,ÇS,3 maddeden en az 2'si doğru,taslak,2026-10-01
Fiz02MK0021,02,Bir vektörü negatif sayıyla çarpmanın yönünü ters çevirdiği çıkarımını yapar.,Bilgi,Analiz,Çıkarım ve ilişkilendirme,Fiz02MK0019,,Fiz02YG0003,ÇS,3 maddeden en az 2'si doğru,taslak,2026-10-01
Fiz02MK0022,02,Aynı doğrultudaki iki vektörü uç uca ekleme yöntemiyle kareli düzlemde toplar.,Beceri,Uygulama,Kural uygulama,Fiz02MK0015; Fiz02MK0019,,,ÇS,3 maddeden en az 2'si doğru,taslak,2026-10-01
Fiz02MK0023,02,"Bir vektörü dik koordinat sisteminde, trigonometri kullanmadan x ve y bileşenlerine ayırır.",Beceri,Uygulama,Dönüştürme,Fiz02MK0015; Fiz02MK0016,,,ÇS,3 maddeden en az 2'si doğru,taslak,2026-10-01
Fiz02MK0024,02,Farklı doğrultudaki iki vektörü uç uca ekleme yöntemiyle kareli düzlemde toplar.,Beceri,Uygulama,Kural uygulama,Fiz02MK0022,,Fiz02YG0004,ÇS; AU,3 maddeden en az 2'si doğru,taslak,2026-10-01
Fiz02MK0025,02,Farklı doğrultudaki iki vektörü paralelkenar yöntemiyle kareli düzlemde toplayarak bileşkeyi çizer.,Beceri,Uygulama,Kural uygulama,Fiz02MK0024,,Fiz02YG0004,ÇS,3 maddeden en az 2'si doğru,taslak,2026-10-01
Fiz02MK0026,02,Uç uca ekleme ve paralelkenar yöntemlerinin aynı bileşkeyi verdiği genellemesini yapar.,Bilgi,Analiz,Çıkarım ve ilişkilendirme,Fiz02MK0024; Fiz02MK0025,,,ÇS; AU,3 maddeden en az 2'si doğru,taslak,2026-10-01
Fiz02MK0027,02,İki vektörün bileşkesinin vektörler aynı yönlüyken en büyük olduğu genellemesini yapar.,Bilgi,Analiz,Çıkarım ve ilişkilendirme,Fiz02MK0026; Fiz02MK0022,,Fiz02YG0004,ÇS,3 maddeden en az 2'si doğru,taslak,2026-10-01
Fiz02MK0028,02,İki vektörün bileşkesinin vektörler zıt yönlüyken en küçük olduğu genellemesini yapar.,Bilgi,Analiz,Çıkarım ve ilişkilendirme,Fiz02MK0026; Fiz02MK0022,,Fiz02YG0004,ÇS,3 maddeden en az 2'si doğru,taslak,2026-10-01
Fiz02MK0029,02,Kütle çekim kuvvetini etkisinin görüldüğü olaylarla belirtir.,Bilgi,Anlama,Tanıma ve hatırlama,,Kuvvetin harekete etkileri (fen bilimleri ön öğrenmesi),,ÇS,3 maddeden en az 2'si doğru,taslak,2026-10-01
Fiz02MK0030,02,Elektromanyetik kuvveti etkisinin görüldüğü olaylarla belirtir.,Bilgi,Anlama,Tanıma ve hatırlama,,Kuvvetin harekete etkileri (fen bilimleri ön öğrenmesi),,ÇS,3 maddeden en az 2'si doğru,taslak,2026-10-01
Fiz02MK0031,02,Güçlü nükleer kuvveti etkisinin görüldüğü olaylarla belirtir.,Bilgi,Anlama,Tanıma ve hatırlama,,Kuvvetin harekete etkileri (fen bilimleri ön öğrenmesi),,ÇS,3 maddeden en az 2'si doğru,taslak,2026-10-01
Fiz02MK0032,02,Zayıf nükleer kuvveti etkisinin görüldüğü olaylarla belirtir.,Bilgi,Anlama,Tanıma ve hatırlama,,Kuvvetin harekete etkileri (fen bilimleri ön öğrenmesi),,ÇS,3 maddeden en az 2'si doğru,taslak,2026-10-01
Fiz02MK0033,02,Temel kuvvetleri etki menzili bakımından karşılaştırır.,Bilgi,Analiz,Karşılaştırma,Fiz02MK0029; Fiz02MK0030; Fiz02MK0031; Fiz02MK0032,,,ÇS; AU,3 maddeden en az 2'si doğru,taslak,2026-10-01
Fiz02MK0034,02,Temel kuvvetleri göreli şiddeti bakımından karşılaştırır.,Bilgi,Analiz,Karşılaştırma,Fiz02MK0029; Fiz02MK0030; Fiz02MK0031; Fiz02MK0032,,Fiz02YG0005,ÇS; AU,3 maddeden en az 2'si doğru,taslak,2026-10-01
Fiz02MK0035,02,Temel kuvvetleri etkilediği cisimler bakımından karşılaştırır.,Bilgi,Analiz,Karşılaştırma,Fiz02MK0029; Fiz02MK0030; Fiz02MK0031; Fiz02MK0032,,,ÇS; AU,3 maddeden en az 2'si doğru,taslak,2026-10-01
Fiz02MK0036,02,Referans noktasını tanımlar.,Bilgi,Anlama,Tanıma ve hatırlama,,Fen bilimleri: konum ve hareket (ön öğrenme),,ÇS,3 maddeden en az 2'si doğru,taslak,2026-10-01
Fiz02MK0037,02,Konumu tanımlar.,Bilgi,Anlama,Tanıma ve hatırlama,Fiz02MK0036; Fiz02MK0012,Sürat kavramı (fen bilimleri ön öğrenmesi),,ÇS,3 maddeden en az 2'si doğru,taslak,2026-10-01
Fiz02MK0038,02,Alınan yolu tanımlar.,Bilgi,Anlama,Tanıma ve hatırlama,Fiz02MK0011,Sürat kavramı (fen bilimleri ön öğrenmesi),,ÇS,3 maddeden en az 2'si doğru,taslak,2026-10-01
Fiz02MK0039,02,Seçilen referans noktasına göre cismin konumunu işaretiyle (+/−) belirtir.,Beceri,Uygulama,Tanıma ve hatırlama,Fiz02MK0036; Fiz02MK0037,,,ÇS,3 maddeden en az 2'si doğru,taslak,2026-09-29
Fiz02MK0040,02,Yer değiştirmeyi (son konum − ilk konum) alınan yoldan ayırt eder.,Bilgi,Anlama,Ayırt etme ve sınıflama,Fiz02MK0039; Fiz02MK0038,,Fiz02YG0006,ÇS,3 maddeden en az 2'si doğru,taslak,2026-09-29
Fiz02MK0041,02,Hızın yönlü (vektörel) bir büyüklük olduğunu açıklar.,Bilgi,Anlama,Açıklama ve özetleme,Fiz02MK0040; Fiz02MK0013,,Fiz02YG0007,ÇS,3 maddeden en az 2'si doğru,taslak,2026-09-29
Fiz02MK0042,02,Süratin yönsüz (skaler) bir büyüklük olduğunu açıklar.,Bilgi,Anlama,Açıklama ve özetleme,Fiz02MK0038; Fiz02MK0013,,,ÇS,3 maddeden en az 2'si doğru,taslak,2026-10-01
Fiz02MK0043,02,Anlık sürat ile ortalama sürati örnekler üzerinden ayırt eder.,Bilgi,Anlama,Ayırt etme ve sınıflama,Fiz02MK0042,,Fiz02YG0008,ÇS,3 maddeden en az 2'si doğru,taslak,2026-10-01
Fiz02MK0044,02,Anlık hız ile ortalama hızı örnekler üzerinden ayırt eder.,Bilgi,Anlama,Ayırt etme ve sınıflama,Fiz02MK0041,,,ÇS,3 maddeden en az 2'si doğru,taslak,2026-10-01
Fiz02MK0045,02,İvmeyi hızdaki değişimi gösteren nicelik olarak örneklerle tanımlar.,Bilgi,Anlama,Tanıma ve hatırlama,Fiz02MK0041,,,ÇS,3 maddeden en az 2'si doğru,taslak,2026-10-01
Fiz02MK0046,02,İvmenin vektörel bir nicelik olduğunu belirtir.,Bilgi,Anlama,Tanıma ve hatırlama,Fiz02MK0045; Fiz02MK0012,,,ÇS,3 maddeden en az 2'si doğru,taslak,2026-10-01
Fiz02MK0047,02,Alınan yoldan ortalama sürati hesaplar.,Beceri,Uygulama,Kural uygulama,Fiz02MK0043,,,ÇS,3 maddeden en az 2'si doğru,taslak,2026-09-29
Fiz02MK0048,02,Yer değiştirmeden ortalama hızı hesaplar.,Beceri,Uygulama,Kural uygulama,Fiz02MK0044,,Fiz02YG0007; Fiz02YG0006,ÇS,3 maddeden en az 2'si doğru,taslak,2026-10-01
Fiz02MK0049,02,Hareketin temel kavramlarını sürat sınırları ve trafikteki yeşil dalga gibi günlük hayat durumlarıyla ilişkilendirerek açıklar.,Bilgi,Anlama,Açıklama ve özetleme,Fiz02MK0043; Fiz02MK0044; Fiz02MK0045; Fiz02MK0046,,,AU; PG,3 maddeden en az 2'si doğru; PG'de rubrikte yeterli ve üstü,taslak,2026-10-01
Fiz02MK0050,02,Öteleme hareketinin niteliklerini belirtir.,Bilgi,Anlama,Tanıma ve hatırlama,Fiz02MK0036; Fiz02MK0037; Fiz02MK0038,,,ÇS,3 maddeden en az 2'si doğru,taslak,2026-10-01
Fiz02MK0051,02,Dönme hareketinin niteliklerini belirtir.,Bilgi,Anlama,Tanıma ve hatırlama,Fiz02MK0036; Fiz02MK0037; Fiz02MK0038,,,ÇS,3 maddeden en az 2'si doğru,taslak,2026-10-01
Fiz02MK0052,02,Titreşim hareketinin niteliklerini belirtir.,Bilgi,Anlama,Tanıma ve hatırlama,Fiz02MK0036; Fiz02MK0037; Fiz02MK0038,,,ÇS,3 maddeden en az 2'si doğru,taslak,2026-10-01
Fiz02MK0053,02,"Verilen hareketleri öteleme, dönme ve titreşim olarak ayrıştırır, gruplandırır ve adlandırır.",Bilgi,Analiz,Ayırt etme ve sınıflama,Fiz02MK0050; Fiz02MK0051; Fiz02MK0052,,,ÇS; AU,3 maddeden en az 2'si doğru,taslak,2026-10-01
Fiz02MK0054,02,"Birden fazla hareket türünü aynı anda yapan cisimleri (yuvarlanan top, dönen pervane) belirler.",Bilgi,Analiz,Ayırt etme ve sınıflama,Fiz02MK0053,,Fiz02YG0009,ÇS,3 maddeden en az 2'si doğru,taslak,2026-10-01
Fiz02MK0055,02,Sabit hızlı hareket deneyinde ya da simülasyonda konum-zaman verisi toplar ve tabloya kaydeder.,Beceri,Uygulama,Gözlem ve kayıt,Fiz02MK0039,,,PG,Rubrikte yeterli ve üstü,taslak,2026-09-29
Fiz02MK0056,02,Konum-zaman tablosundan konum-zaman grafiğini çizer.,Beceri,Uygulama,Dönüştürme,Fiz02MK0055,,Fiz02YG0010,AU; PG,3 maddeden en az 2'si doğru; PG'de rubrikte yeterli ve üstü,taslak,2026-09-29
Fiz02MK0057,02,Konum-zaman grafiğinin eğiminden hızı (v = Δx / Δt) bulur.,Beceri,Uygulama,Kural uygulama,Fiz02MK0056; Fiz02MK0048,,Fiz02YG0011,ÇS; AU,3 maddeden en az 2'si doğru,taslak,2026-09-29
Fiz02MK0058,02,Hız değerlerinden hız-zaman grafiğini çizer.,Beceri,Uygulama,Dönüştürme,Fiz02MK0057,,,AU,3 maddeden en az 2'si doğru,taslak,2026-09-29
Fiz02MK0059,02,Hız-zaman grafiği altındaki alandan yer değiştirmeyi hesaplar.,Beceri,Uygulama,Kural uygulama,Fiz02MK0058,,,ÇS,3 maddeden en az 2'si doğru,taslak,2026-09-29
Fiz02MK0060,02,Sabit hızlı harekette konum-zaman grafiğinin eğik doğru olduğu genellemesini yapar.,Bilgi,Analiz,Çıkarım ve ilişkilendirme,Fiz02MK0056,,Fiz02YG0010,ÇS; AU,3 maddeden en az 2'si doğru,taslak,2026-09-29
Fiz02MK0061,02,Sabit hızlı harekette hız-zaman grafiğinin zaman eksenine paralel doğru olduğu genellemesini yapar.,Bilgi,Analiz,Çıkarım ve ilişkilendirme,Fiz02MK0058,,,ÇS; AU,3 maddeden en az 2'si doğru,taslak,2026-10-01
Fiz02MK0062,02,x = x₀ + v·t modelini kullanarak cismin herhangi bir andaki konumunu hesaplar.,Beceri,Uygulama,Kural uygulama,Fiz02MK0057; Fiz02MK0060,,Fiz02YG0011,ÇS,3 maddeden en az 2'si doğru,taslak,2026-09-29
Fiz02MK0063,02,Hız-zaman verisinden birim zamandaki hız değişimini hesaplar.,Beceri,Uygulama,Kural uygulama,Fiz02MK0058,,,AU; PG,3 maddeden en az 2'si doğru; PG'de rubrikte yeterli ve üstü,taslak,2026-09-29
Fiz02MK0064,02,İvmeyi birim zamandaki hız değişimi (a = Δv / Δt) olarak tanımlar.,Bilgi,Anlama,Tanıma ve hatırlama,Fiz02MK0063; Fiz02MK0045,,,ÇS,3 maddeden en az 2'si doğru,taslak,2026-09-29
Fiz02MK0065,02,İvmenin birimini (m/s²) belirtir.,Bilgi,Anlama,Tanıma ve hatırlama,Fiz02MK0064,,,ÇS,3 maddeden en az 2'si doğru,taslak,2026-10-01
Fiz02MK0066,02,Hızın büyük olmasının ivmenin büyük olduğunu göstermediğini verilerle gösterir.,Bilgi,Analiz,Ayırt etme ve sınıflama,Fiz02MK0064,,Fiz02YG0012,ÇS; AU,3 maddeden en az 2'si doğru,taslak,2026-09-29
Fiz02MK0067,02,Hızın sıfır olmasının ivmenin sıfır olduğunu göstermediğini verilerle gösterir.,Bilgi,Analiz,Ayırt etme ve sınıflama,Fiz02MK0064,,Fiz02YG0013,ÇS; AU,3 maddeden en az 2'si doğru,taslak,2026-10-01
Fiz02MK0068,02,Sabit ivmeli harekette hızın eşit zaman aralıklarında eşit miktarda değiştiği genellemesini verilerle destekler.,Beceri,Analiz,Çıkarım ve ilişkilendirme,Fiz02MK0064,,,AU; PG,3 maddeden en az 2'si doğru; PG'de rubrikte yeterli ve üstü,taslak,2026-09-29
Fiz02MK0069,02,Hız ve ivme aynı yönlüyse cismin hızlandığı genellemesini yapar.,Bilgi,Analiz,Çıkarım ve ilişkilendirme,Fiz02MK0046; Fiz02MK0041,,,ÇS,3 maddeden en az 2'si doğru,taslak,2026-09-29
Fiz02MK0070,02,Hız ve ivme zıt yönlüyse cismin yavaşladığı genellemesini yapar.,Bilgi,Analiz,Çıkarım ve ilişkilendirme,Fiz02MK0046; Fiz02MK0041,,Fiz02YG0014,ÇS,3 maddeden en az 2'si doğru,taslak,2026-10-01
Fiz02MK0071,02,Sabit ivmeli hareketin konum-zaman grafiğini (parabol) şeklinden tanır.,Bilgi,Hatırlama,Tanıma ve hatırlama,Fiz02MK0060; Fiz02MK0068,,Fiz02YG0010,ÇS,3 maddeden en az 2'si doğru,taslak,2026-09-29
Fiz02MK0072,02,Sabit ivmeli hareketin hız-zaman grafiğini (eğik doğru) şeklinden tanır.,Bilgi,Hatırlama,Tanıma ve hatırlama,Fiz02MK0058; Fiz02MK0068,,,ÇS,3 maddeden en az 2'si doğru,taslak,2026-10-01
Fiz02MK0073,02,Sabit ivmeli hareketin ivme-zaman grafiğini (yatay doğru) şeklinden tanır.,Bilgi,Hatırlama,Tanıma ve hatırlama,Fiz02MK0068,,,ÇS,3 maddeden en az 2'si doğru,taslak,2026-10-01
Fiz02MK0074,02,Hız-zaman grafiğinden hareketin hızlanan ya da yavaşlayan olduğunu belirler.,Beceri,Analiz,Yorumlama,Fiz02MK0069; Fiz02MK0070,,,ÇS,3 maddeden en az 2'si doğru,taslak,2026-09-29
Fiz02MK0075,02,Hız-zaman grafiğinden cismin yön değiştirdiği anı belirler.,Beceri,Analiz,Yorumlama,Fiz02MK0058; Fiz02MK0041,,Fiz02YG0015,ÇS,3 maddeden en az 2'si doğru,taslak,2026-10-01
Fiz02MK0076,02,Hız-zaman grafiğinin eğiminden ivmeyi bulur.,Beceri,Uygulama,Kural uygulama,Fiz02MK0064; Fiz02MK0057,,,ÇS,3 maddeden en az 2'si doğru,taslak,2026-09-29
Fiz02MK0077,02,İvme-zaman grafiği altındaki alandan hız değişimini bulur.,Beceri,Uygulama,Kural uygulama,Fiz02MK0076,,Fiz02YG0016,ÇS,3 maddeden en az 2'si doğru,taslak,2026-09-29
Fiz02MK0078,02,Hız-zaman grafiğini ivme-zaman grafiğine dönüştürür.,Beceri,Uygulama,Dönüştürme,Fiz02MK0076,,,AU,3 maddeden en az 2'si doğru,taslak,2026-09-29
Fiz02MK0079,02,Hız-zaman grafiğinden konum-zaman grafiğinin şeklini çizer.,Beceri,Analiz,Dönüştürme,Fiz02MK0059; Fiz02MK0071; Fiz02MK0072,,Fiz02YG0010,AU,3 maddeden en az 2'si doğru,taslak,2026-09-29
Fiz02MK0080,02,Grafiklerden v = v₀ + a·t modeline ulaşır.,Beceri,Analiz,Model kurma,Fiz02MK0076,,,AU,3 maddeden en az 2'si doğru,taslak,2026-09-29
Fiz02MK0081,02,Grafiklerden Δx = v₀·t + ½·a·t² modeline ulaşır.,Beceri,Analiz,Model kurma,Fiz02MK0076; Fiz02MK0059,,,AU,3 maddeden en az 2'si doğru,taslak,2026-10-01
Fiz02MK0082,02,Grafik eğiminin matematiksel modeldeki karşılığını açıklar.,Bilgi,Analiz,Açıklama ve özetleme,Fiz02MK0080,,,AU,3 maddeden en az 2'si doğru,taslak,2026-09-29
Fiz02MK0083,02,Grafik altındaki alanın matematiksel modeldeki karşılığını açıklar.,Bilgi,Analiz,Açıklama ve özetleme,Fiz02MK0081,,Fiz02YG0016,AU,3 maddeden en az 2'si doğru,taslak,2026-10-01
Fiz02MK0084,02,Hava direncinin ihmal edildiği ortamda serbest düşen farklı kütleli cisimlerin hareketini gözlemleyerek hız-zaman verilerini kaydeder.,Beceri,Uygulama,Gözlem ve kayıt,Fiz02MK0068; Fiz02MK0029,,,PG,Rubrikte yeterli ve üstü,taslak,2026-10-01
Fiz02MK0085,02,Verilerden serbest düşen cismin hızının eşit zaman aralıklarında eşit miktarda arttığı ilişkisini bulur.,Bilgi,Analiz,Çıkarım ve ilişkilendirme,Fiz02MK0084,,,ÇS; AU,3 maddeden en az 2'si doğru,taslak,2026-10-01
Fiz02MK0086,02,Hava direnci ihmal edildiğinde serbest düşen tüm cisimlerin kütlelerinden bağımsız olarak aynı ivmeyle (g) düştüğü genellemesini yapar.,Bilgi,Analiz,Çıkarım ve ilişkilendirme,Fiz02MK0085,,Fiz02YG0017,ÇS,3 maddeden en az 2'si doğru,taslak,2026-10-01
Fiz02MK0087,02,"İlk hızı sıfır olan ve olmayan serbest düşen cisimlerde konum, hız ve zaman verilerini toplayıp kaydeder.",Beceri,Uygulama,Gözlem ve kayıt,Fiz02MK0086,,,PG,Rubrikte yeterli ve üstü,taslak,2026-10-01
Fiz02MK0088,02,Topladığı verilerden serbest düşen cismin hız-zaman grafiğini çizer.,Beceri,Uygulama,Dönüştürme,Fiz02MK0087; Fiz02MK0058,,,AU; PG,3 maddeden en az 2'si doğru; PG'de rubrikte yeterli ve üstü,taslak,2026-10-01
Fiz02MK0089,02,Topladığı verilerden serbest düşen cismin ivme-zaman grafiğini çizer.,Beceri,Uygulama,Dönüştürme,Fiz02MK0087; Fiz02MK0078,,,AU; PG,3 maddeden en az 2'si doğru; PG'de rubrikte yeterli ve üstü,taslak,2026-10-01
Fiz02MK0090,02,Topladığı verilerden serbest düşen cismin konum-zaman grafiğini çizer.,Beceri,Uygulama,Dönüştürme,Fiz02MK0087; Fiz02MK0056,,,ÇS,3 maddeden en az 2'si doğru,taslak,2026-10-01
Fiz02MK0091,02,Yukarı atılan cismin tepe noktasında hızının sıfır olduğunu grafiklere dayanarak açıklar.,Bilgi,Analiz,Yorumlama,Fiz02MK0088; Fiz02MK0075,,,ÇS; AU,3 maddeden en az 2'si doğru,taslak,2026-10-01
Fiz02MK0092,02,Yukarı atılan cismin tepe noktasında ivmesinin g olduğunu grafiklere dayanarak açıklar.,Bilgi,Analiz,Yorumlama,Fiz02MK0088; Fiz02MK0089,,Fiz02YG0013,ÇS; AU,3 maddeden en az 2'si doğru,taslak,2026-10-01
Fiz02MK0093,02,Yukarı atılan cismin hareketinin tamamının serbest düşme olduğunu grafiklere dayanarak açıklar.,Bilgi,Analiz,Yorumlama,Fiz02MK0088; Fiz02MK0089,,,ÇS; AU,3 maddeden en az 2'si doğru,taslak,2026-10-01
Fiz02MK0094,02,Düşey doğrultudaki serbest düşmede v = v₀ − g·t modeliyle hızı ya da süreyi hesaplar.,Beceri,Uygulama,Kural uygulama,Fiz02MK0091; Fiz02MK0093; Fiz02MK0080,,,ÇS; AU,3 maddeden en az 2'si doğru,taslak,2026-10-01
Fiz02MK0095,02,Düşey doğrultudaki serbest düşmede h = v₀·t − ½·g·t² modeliyle yüksekliği ya da yer değiştirmeyi hesaplar.,Beceri,Uygulama,Kural uygulama,Fiz02MK0081; Fiz02MK0093,,,ÇS,3 maddeden en az 2'si doğru,taslak,2026-10-01
Fiz02MK0096,02,Yalnızca yer çekimi etkisinde iki boyutta hareket eden cismin hızını trigonometri kullanarak yatay ve düşey bileşenlerine ayırır.,Beceri,Uygulama,Dönüştürme,Fiz02MK0023; Fiz02MK0086,Trigonometrik oranlar (matematik ön öğrenmesi),,ÇS; AU,3 maddeden en az 2'si doğru,taslak,2026-10-01
Fiz02MK0097,02,İki boyutlu harekette yatay bileşenin sabit hızlı olduğu ilişkisini bulur.,Bilgi,Analiz,Çıkarım ve ilişkilendirme,Fiz02MK0096; Fiz02MK0060; Fiz02MK0061,,Fiz02YG0018,ÇS; AU,3 maddeden en az 2'si doğru,taslak,2026-10-01
Fiz02MK0098,02,İki boyutlu harekette düşey bileşenin sabit ivmeli (g) olduğu ilişkisini bulur.,Bilgi,Analiz,Çıkarım ve ilişkilendirme,Fiz02MK0096; Fiz02MK0086,,,ÇS; AU,3 maddeden en az 2'si doğru,taslak,2026-10-01
Fiz02MK0099,02,Yatay ve düşey hareketlerin birbirinden bağımsız olduğu genellemesini yapar.,Bilgi,Analiz,Çıkarım ve ilişkilendirme,Fiz02MK0097; Fiz02MK0098,,,ÇS; AU,3 maddeden en az 2'si doğru,taslak,2026-10-01
Fiz02MK0100,02,Uçuş süresinin düşey hareketle belirlendiği genellemesini yapar.,Bilgi,Analiz,Çıkarım ve ilişkilendirme,Fiz02MK0097; Fiz02MK0098,,Fiz02YG0019,ÇS; AU,3 maddeden en az 2'si doğru,taslak,2026-10-01
Fiz02MK0101,02,Bileşen modellerini kullanarak iki boyutlu harekette uçuş süresini hesaplar.,Beceri,Uygulama,Kural uygulama,Fiz02MK0099; Fiz02MK0100; Fiz02MK0094,,,ÇS; AU,3 maddeden en az 2'si doğru,taslak,2026-10-01
Fiz02MK0102,02,İki boyutlu hareketin yörüngesini yorumlar.,Bilgi,Analiz,Yorumlama,Fiz02MK0099; Fiz02MK0100,,,ÇS; AU,3 maddeden en az 2'si doğru,taslak,2026-10-01
Fiz02MK0103,02,İki boyutlu harekette yatay bileşenin hız-zaman grafiğini yorumlar.,Bilgi,Analiz,Yorumlama,Fiz02MK0099; Fiz02MK0100,,,ÇS; AU,3 maddeden en az 2'si doğru,taslak,2026-10-01
Fiz02MK0104,02,İki boyutlu harekette düşey bileşenin hız-zaman grafiğini yorumlar.,Bilgi,Analiz,Yorumlama,Fiz02MK0099; Fiz02MK0100,,,ÇS; AU,3 maddeden en az 2'si doğru,taslak,2026-10-01
Fiz02MK0105,02,İki boyutlu harekette en büyük yüksekliği düşey bileşen modeliyle hesaplar.,Beceri,Uygulama,Kural uygulama,Fiz02MK0101; Fiz02MK0095,,,ÇS,3 maddeden en az 2'si doğru,taslak,2026-10-01
Fiz02MK0106,02,İki boyutlu harekette menzili yatay hız bileşeni ve uçuş süresinden hesaplar.,Beceri,Uygulama,Kural uygulama,Fiz02MK0101; Fiz02MK0096,,,ÇS,3 maddeden en az 2'si doğru,taslak,2026-10-01
Fiz02MK0107,02,Bileşke kuvvet sıfırken durgun cismin durgun kaldığı ilişkisini keşfeder.,Bilgi,Analiz,Çıkarım ve ilişkilendirme,Fiz02MK0024,,,ÇS; AU,3 maddeden en az 2'si doğru,taslak,2026-10-01
Fiz02MK0108,02,Bileşke kuvvet sıfırken hareketli cismin sabit hızla hareketine devam ettiği ilişkisini keşfeder.,Bilgi,Analiz,Çıkarım ve ilişkilendirme,Fiz02MK0024,,Fiz02YG0020,ÇS; AU,3 maddeden en az 2'si doğru,taslak,2026-10-01
Fiz02MK0109,02,Bileşke kuvvet ile ivmenin doğru orantılı olduğu ilişkisini keşfeder.,Bilgi,Analiz,Çıkarım ve ilişkilendirme,Fiz02MK0107; Fiz02MK0108; Fiz02MK0064,,,ÇS; AU,3 maddeden en az 2'si doğru,taslak,2026-10-01
Fiz02MK0110,02,Aynı bileşke kuvvet altında kütle ile ivmenin ters orantılı olduğu ilişkisini keşfeder.,Bilgi,Analiz,Çıkarım ve ilişkilendirme,Fiz02MK0109,,,ÇS,3 maddeden en az 2'si doğru,taslak,2026-10-01
Fiz02MK0111,02,Etki-tepki kuvvetlerinin eşit büyüklükte olduğu genellemesini yapar.,Bilgi,Analiz,Çıkarım ve ilişkilendirme,Fiz02MK0012,,Fiz02YG0021,ÇS,3 maddeden en az 2'si doğru,taslak,2026-10-01
Fiz02MK0112,02,Etki-tepki kuvvetlerinin zıt yönde olduğu genellemesini yapar.,Bilgi,Analiz,Çıkarım ve ilişkilendirme,Fiz02MK0012,,,ÇS,3 maddeden en az 2'si doğru,taslak,2026-10-01
Fiz02MK0113,02,Etki-tepki kuvvetlerinin farklı cisimlere etki ettiği genellemesini yapar.,Bilgi,Analiz,Çıkarım ve ilişkilendirme,Fiz02MK0012,,Fiz02YG0022,ÇS,3 maddeden en az 2'si doğru,taslak,2026-10-01
Fiz02MK0114,02,Newton'ın ikinci yasasını Fnet = m·a modeli olarak genelleştirir.,Beceri,Analiz,Model kurma,Fiz02MK0109; Fiz02MK0110,,,ÇS; AU,3 maddeden en az 2'si doğru,taslak,2026-10-01
Fiz02MK0115,02,Newtonu temel birimlerle (kg·m/s²) ifade eder.,Beceri,Uygulama,Dönüştürme,Fiz02MK0114; Fiz02MK0009,,,ÇS,3 maddeden en az 2'si doğru,taslak,2026-10-01
Fiz02MK0116,02,Verilen bir durumda cisme etki eden ağırlığı belirler ve yönünü gösterir.,Bilgi,Anlama,Ayırt etme ve sınıflama,,Fen bilimleri: kuvvet çeşitleri (ön öğrenme),,ÇS,3 maddeden en az 2'si doğru,taslak,2026-10-01
Fiz02MK0117,02,Verilen bir durumda cisme etki eden tepki kuvvetini belirler ve yönünü gösterir.,Bilgi,Anlama,Ayırt etme ve sınıflama,,Fen bilimleri: kuvvet çeşitleri (ön öğrenme),Fiz02YG0023,ÇS,3 maddeden en az 2'si doğru,taslak,2026-10-01
Fiz02MK0118,02,Verilen bir durumda cisme etki eden gerilme kuvvetini belirler ve yönünü gösterir.,Bilgi,Anlama,Ayırt etme ve sınıflama,,Fen bilimleri: kuvvet çeşitleri (ön öğrenme),,ÇS,3 maddeden en az 2'si doğru,taslak,2026-10-01
Fiz02MK0119,02,Verilen bir durumda cisme etki eden sürtünme kuvvetini belirler ve yönünü gösterir.,Bilgi,Anlama,Ayırt etme ve sınıflama,,Fen bilimleri: kuvvet çeşitleri (ön öğrenme),,ÇS,3 maddeden en az 2'si doğru,taslak,2026-10-01
Fiz02MK0120,02,Verilen bir durumda cisme etki eden uygulanan kuvveti belirler ve yönünü gösterir.,Bilgi,Anlama,Ayırt etme ve sınıflama,,Fen bilimleri: kuvvet çeşitleri (ön öğrenme),,ÇS,3 maddeden en az 2'si doğru,taslak,2026-10-01
Fiz02MK0121,02,Cisme etki eden kuvvetleri serbest cisim diyagramı üzerinde gösterir.,Beceri,Uygulama,Dönüştürme,Fiz02MK0116; Fiz02MK0117; Fiz02MK0118; Fiz02MK0119; Fiz02MK0120,,Fiz02YG0023,AU,3 maddeden en az 2'si doğru,taslak,2026-10-01
Fiz02MK0122,02,Serbest cisim diyagramını kullanarak Newton’ın birinci yasasını kendi cümleleriyle ifade eder.,Bilgi,Anlama,Açıklama ve özetleme,Fiz02MK0121; Fiz02MK0107; Fiz02MK0108,,,AU,3 maddeden en az 2'si doğru,taslak,2026-10-01
Fiz02MK0123,02,Serbest cisim diyagramını kullanarak Newton’ın ikinci yasasını kendi cümleleriyle ifade eder.,Bilgi,Anlama,Açıklama ve özetleme,Fiz02MK0121; Fiz02MK0114,,,AU,3 maddeden en az 2'si doğru,taslak,2026-10-01
Fiz02MK0124,02,Serbest cisim diyagramını kullanarak Newton’ın üçüncü yasasını kendi cümleleriyle ifade eder.,Bilgi,Anlama,Açıklama ve özetleme,Fiz02MK0121; Fiz02MK0111; Fiz02MK0112; Fiz02MK0113,,,AU,3 maddeden en az 2'si doğru,taslak,2026-10-01
Fiz02MK0125,02,Serbest cisim diyagramından net kuvveti bulur.,Beceri,Uygulama,Kural uygulama,Fiz02MK0121; Fiz02MK0024,,,ÇS; AU,3 maddeden en az 2'si doğru,taslak,2026-10-01
Fiz02MK0126,02,Net kuvvetten ivmeyi Fnet = m·a ile hesaplar.,Beceri,Uygulama,Kural uygulama,Fiz02MK0125; Fiz02MK0114,,,ÇS; AU,3 maddeden en az 2'si doğru,taslak,2026-10-01
Fiz02MK0127,02,İple bağlı ya da birbirine temas eden cisimlerden oluşan sistemlerde ortak ivmeyi hesaplar.,Beceri,Uygulama,Kural uygulama,Fiz02MK0125; Fiz02MK0126,,,ÇS,3 maddeden en az 2'si doğru,taslak,2026-10-01
Fiz02MK0128,02,İple bağlı cisimlerden oluşan sistemlerde ip gerilme kuvvetini hesaplar.,Beceri,Uygulama,Kural uygulama,Fiz02MK0125; Fiz02MK0126,,,ÇS,3 maddeden en az 2'si doğru,taslak,2026-10-01
Fiz02MK0129,02,Statik sürtünmeyi harekete zorlanan durgun cisme etki eden kuvvet olarak tanımlar.,Bilgi,Anlama,Tanıma ve hatırlama,Fiz02MK0119; Fiz02MK0107,,Fiz02YG0024,ÇS,3 maddeden en az 2'si doğru,taslak,2026-10-01
Fiz02MK0130,02,Kinetik sürtünmeyi kayan cisme etki eden kuvvet olarak tanımlar.,Bilgi,Anlama,Tanıma ve hatırlama,Fiz02MK0119; Fiz02MK0108,,,ÇS,3 maddeden en az 2'si doğru,taslak,2026-10-01
Fiz02MK0131,02,Statik ve kinetik sürtünmeyi büyüklük bakımından karşılaştırır.,Bilgi,Analiz,Karşılaştırma,Fiz02MK0129; Fiz02MK0130,,,ÇS; AU,3 maddeden en az 2'si doğru,taslak,2026-10-01
Fiz02MK0132,02,Statik ve kinetik sürtünmeyi yön bakımından karşılaştırır.,Bilgi,Analiz,Karşılaştırma,Fiz02MK0129; Fiz02MK0130,,Fiz02YG0025,ÇS; AU,3 maddeden en az 2'si doğru,taslak,2026-10-01
Fiz02MK0133,02,Statik ve kinetik sürtünmeyi oluşma koşulu bakımından karşılaştırır.,Bilgi,Analiz,Karşılaştırma,Fiz02MK0129; Fiz02MK0130,,Fiz02YG0024,ÇS; AU,3 maddeden en az 2'si doğru,taslak,2026-10-01
Fiz02MK0134,02,Uygulanan kuvveti artırarak sürtünme kuvveti verilerini toplar ve kaydeder.,Beceri,Uygulama,Gözlem ve kayıt,Fiz02MK0131; Fiz02MK0132; Fiz02MK0133,,,PG,Rubrikte yeterli ve üstü,taslak,2026-10-01
Fiz02MK0135,02,Sürtünme kuvveti-uygulanan kuvvet grafiğini çizer.,Beceri,Uygulama,Dönüştürme,Fiz02MK0134,,,ÇS,3 maddeden en az 2'si doğru,taslak,2026-10-01
Fiz02MK0136,02,Grafikte statik sürtünmenin en büyük değerini gösterir.,Beceri,Uygulama,Dönüştürme,Fiz02MK0134,,,ÇS,3 maddeden en az 2'si doğru,taslak,2026-10-01
Fiz02MK0137,02,Verilerden sürtünme kuvvetinin yüzeylerin cinsine ve tepki kuvvetine bağlı olduğu Fs = k·N modeline ulaşır.,Beceri,Analiz,Model kurma,Fiz02MK0135; Fiz02MK0136,,Fiz02YG0026,AU; PG,3 maddeden en az 2'si doğru; PG'de rubrikte yeterli ve üstü,taslak,2026-10-01
Fiz02MK0138,02,Yürüme ve dönen tekerlek gibi kayarak ve dönerek öteleme durumlarında sürtünme kuvvetinin yönünü belirler.,Bilgi,Analiz,Transfer ve problem çözme,Fiz02MK0132,,Fiz02YG0025,ÇS; AU,3 maddeden en az 2'si doğru,taslak,2026-10-01
Fiz02MK0139,02,Fs = k·N modeliyle sürtünme kuvvetini hesaplar.,Beceri,Uygulama,Kural uygulama,Fiz02MK0137,,,ÇS; AU,3 maddeden en az 2'si doğru,taslak,2026-10-01
Fiz02MK0140,02,Sürtünmeli yatay düzlemde cismin ivmesini Fnet = m·a ve Fs = k·N ile hesaplar.,Beceri,Uygulama,Kural uygulama,Fiz02MK0139; Fiz02MK0125; Fiz02MK0126,,,ÇS,3 maddeden en az 2'si doğru,taslak,2026-10-01
Fiz02MK0141,02,"Limit hızı, hava direnci ağırlığa eşitlendiğinde ulaşılan sabit hız olarak tanımlar.",Bilgi,Anlama,Tanıma ve hatırlama,Fiz02MK0086; Fiz02MK0108,,,ÇS,3 maddeden en az 2'si doğru,taslak,2026-10-01
Fiz02MK0142,02,Limit hızın kesit alanına bağlı olduğunu belirtir.,Bilgi,Hatırlama,Tanıma ve hatırlama,Fiz02MK0141,,,ÇS,3 maddeden en az 2'si doğru,taslak,2026-10-01
Fiz02MK0143,02,Limit hızın cismin şekline bağlı olduğunu belirtir.,Bilgi,Hatırlama,Tanıma ve hatırlama,Fiz02MK0141,,,ÇS,3 maddeden en az 2'si doğru,taslak,2026-10-01
Fiz02MK0144,02,Limit hızın kütleye bağlı olduğunu belirtir.,Bilgi,Hatırlama,Tanıma ve hatırlama,Fiz02MK0141,,,ÇS,3 maddeden en az 2'si doğru,taslak,2026-10-01
Fiz02MK0145,02,Limit hızın ortamın yoğunluğuna bağlı olduğunu belirtir.,Bilgi,Hatırlama,Tanıma ve hatırlama,Fiz02MK0141,,,ÇS,3 maddeden en az 2'si doğru,taslak,2026-10-01
Fiz02MK0146,02,Simülasyonda değişkenleri değiştirerek limit hız verilerini kaydeder.,Beceri,Uygulama,Gözlem ve kayıt,Fiz02MK0141; Fiz02MK0142; Fiz02MK0143; Fiz02MK0144; Fiz02MK0145,,,PG,Rubrikte yeterli ve üstü,taslak,2026-10-01
Fiz02MK0147,02,Verilerden limit hızın kesit alanı arttıkça azaldığını yorumlar.,Bilgi,Analiz,Yorumlama,Fiz02MK0146,,Fiz02YG0027,ÇS; AU,3 maddeden en az 2'si doğru,taslak,2026-10-01
Fiz02MK0148,02,Verilerden limit hızın ağırlık arttıkça arttığını yorumlar.,Bilgi,Analiz,Yorumlama,Fiz02MK0146,,,ÇS; AU,3 maddeden en az 2'si doğru,taslak,2026-10-01
Fiz02MK0149,02,"Uydu ve dönme dolap gibi düzgün çembersel hareket yapan cisimlerin yörüngesini, merkezini ve sabit süratle döndüğünü gözlemleyerek tespit eder.",Bilgi,Anlama,Gözlem ve kayıt,Fiz02MK0053,,,ÇS,3 maddeden en az 2'si doğru,taslak,2026-10-01
Fiz02MK0150,02,Düzgün çembersel harekette hız vektörünün yörüngeye teğet ve yarıçapa dik olduğu çıkarımını yapar.,Bilgi,Analiz,Çıkarım ve ilişkilendirme,Fiz02MK0149; Fiz02MK0041,,,ÇS; AU,3 maddeden en az 2'si doğru,taslak,2026-10-01
Fiz02MK0151,02,Düzgün çembersel harekette sürat sabitken hızın yönünün sürekli değiştiği çıkarımını yapar.,Bilgi,Analiz,Çıkarım ve ilişkilendirme,Fiz02MK0149; Fiz02MK0041,,Fiz02YG0028,ÇS; AU,3 maddeden en az 2'si doğru,taslak,2026-10-01
Fiz02MK0152,02,Çizgisel sürati tanımlar.,Bilgi,Hatırlama,Tanıma ve hatırlama,Fiz02MK0149; Fiz02MK0042,,,ÇS,3 maddeden en az 2'si doğru,taslak,2026-10-01
Fiz02MK0153,02,Açısal hızı tanımlar.,Bilgi,Hatırlama,Tanıma ve hatırlama,Fiz02MK0149,,,ÇS,3 maddeden en az 2'si doğru,taslak,2026-10-01
Fiz02MK0154,02,Değişkenler arasındaki ilişkiden v = 2πr/T modeline ulaşır.,Beceri,Analiz,Model kurma,Fiz06MK0003; Fiz02MK0152,,,AU,3 maddeden en az 2'si doğru,taslak,2026-10-01
Fiz02MK0155,02,Değişkenler arasındaki ilişkiden ω = 2π/T modeline ulaşır.,Beceri,Analiz,Model kurma,Fiz06MK0003; Fiz02MK0153,,,AU,3 maddeden en az 2'si doğru,taslak,2026-10-01
Fiz02MK0156,02,Değişkenler arasındaki ilişkiden v = ω·r modeline ulaşır.,Beceri,Analiz,Model kurma,Fiz02MK0152; Fiz02MK0153,,,AU,3 maddeden en az 2'si doğru,taslak,2026-10-01
Fiz02MK0157,02,Merkezcil ivmeyi çemberin merkezine yönelen ivme olarak tanımlar.,Bilgi,Hatırlama,Tanıma ve hatırlama,Fiz02MK0151; Fiz02MK0045,,,ÇS,3 maddeden en az 2'si doğru,taslak,2026-10-01
Fiz02MK0158,02,Merkezcil kuvveti çemberin merkezine yönelen net kuvvet olarak tanımlar.,Bilgi,Hatırlama,Tanıma ve hatırlama,Fiz02MK0157; Fiz02MK0114,,Fiz02YG0029,ÇS,3 maddeden en az 2'si doğru,taslak,2026-10-01
Fiz02MK0159,02,Değişkenler arasındaki ilişkiden a = v²/r modeline ulaşır.,Beceri,Analiz,Model kurma,Fiz02MK0154; Fiz02MK0157,,,AU,3 maddeden en az 2'si doğru,taslak,2026-10-01
Fiz02MK0160,02,Değişkenler arasındaki ilişkiden F = m·v²/r modeline ulaşır.,Beceri,Analiz,Model kurma,Fiz02MK0159; Fiz02MK0158; Fiz02MK0114,,,AU,3 maddeden en az 2'si doğru,taslak,2026-10-01
Fiz02MK0161,02,Düzgün çembersel harekette periyodu hesaplar.,Beceri,Uygulama,Kural uygulama,Fiz02MK0154; Fiz02MK0155,,,ÇS; AU,3 maddeden en az 2'si doğru,taslak,2026-10-01
Fiz02MK0162,02,Düzgün çembersel harekette frekansı hesaplar.,Beceri,Uygulama,Kural uygulama,Fiz02MK0161; Fiz06MK0005,,,ÇS; AU,3 maddeden en az 2'si doğru,taslak,2026-10-01
Fiz02MK0163,02,Düzgün çembersel harekette çizgisel sürati hesaplar.,Beceri,Uygulama,Kural uygulama,Fiz02MK0154; Fiz02MK0156,,,ÇS; AU,3 maddeden en az 2'si doğru,taslak,2026-10-01
Fiz02MK0164,02,Düzgün çembersel harekette açısal hızı hesaplar.,Beceri,Uygulama,Kural uygulama,Fiz02MK0154; Fiz02MK0155,,,ÇS; AU,3 maddeden en az 2'si doğru,taslak,2026-10-01
Fiz02MK0165,02,Yatay düzlemde düzgün çembersel harekette merkezcil ivmeyi hesaplar.,Beceri,Uygulama,Kural uygulama,Fiz02MK0159; Fiz02MK0163,,,ÇS,3 maddeden en az 2'si doğru,taslak,2026-10-01
Fiz02MK0166,02,Yatay düzlemde düzgün çembersel harekette merkezcil kuvveti hesaplar.,Beceri,Uygulama,Kural uygulama,Fiz02MK0160; Fiz02MK0165,,,ÇS,3 maddeden en az 2'si doğru,taslak,2026-10-01
Fiz02MK0167,02,Yatay virajda merkezcil kuvveti sürtünmenin sağladığını belirleyerek güvenli dönüş süratini hesaplar.,Beceri,Uygulama,Transfer ve problem çözme,Fiz02MK0166; Fiz02MK0139,,Fiz02YG0029,AU,3 maddeden en az 2'si doğru,taslak,2026-10-01
Fiz02MK0168,02,Eğimli virajda merkezcil kuvveti tepki kuvvetinin bileşeninin sağladığını belirleyerek güvenli dönüş süratini hesaplar.,Beceri,Uygulama,Transfer ve problem çözme,Fiz02MK0166; Fiz02MK0023,,Fiz02YG0029,AU,3 maddeden en az 2'si doğru,taslak,2026-10-01
Fiz02MK0169,02,Düşey düzlemde çembersel harekette en üst noktada ip gerilmesini ya da tepki kuvvetini hesaplar.,Beceri,Uygulama,Transfer ve problem çözme,Fiz02MK0166; Fiz02MK0125,,Fiz02YG0029,ÇS,3 maddeden en az 2'si doğru,taslak,2026-10-01
Fiz02MK0170,02,Düşey düzlemde çembersel harekette en alt noktada ip gerilmesini ya da tepki kuvvetini hesaplar.,Beceri,Uygulama,Transfer ve problem çözme,Fiz02MK0166; Fiz02MK0125,,Fiz02YG0029,ÇS,3 maddeden en az 2'si doğru,taslak,2026-10-01
Fiz02MK0171,02,Torku kuvvetin döndürme etkisi olarak tanımlar.,Bilgi,Anlama,Tanıma ve hatırlama,Fiz02MK0051,Kuvvetin döndürme etkisi (fen bilimleri ön öğrenmesi),,ÇS,3 maddeden en az 2'si doğru,taslak,2026-10-01
Fiz02MK0172,02,Dönme noktasını belirtir.,Bilgi,Anlama,Tanıma ve hatırlama,Fiz02MK0171,Kuvvetin döndürme etkisi (fen bilimleri ön öğrenmesi),,ÇS,3 maddeden en az 2'si doğru,taslak,2026-10-01
Fiz02MK0173,02,Kuvvet kolunu belirtir.,Bilgi,Anlama,Tanıma ve hatırlama,Fiz02MK0171; Fiz02MK0172,Kuvvetin döndürme etkisi (fen bilimleri ön öğrenmesi),,ÇS,3 maddeden en az 2'si doğru,taslak,2026-10-01
Fiz02MK0174,02,Kuvvetin uygulama açısını belirtir.,Bilgi,Anlama,Tanıma ve hatırlama,Fiz02MK0171,Kuvvetin döndürme etkisi (fen bilimleri ön öğrenmesi),,ÇS,3 maddeden en az 2'si doğru,taslak,2026-10-01
Fiz02MK0175,02,Ölçüm sonuçlarından τ = F·d·sinθ modeline ulaşır.,Beceri,Analiz,Model kurma,Fiz02MK0171; Fiz02MK0172; Fiz02MK0173; Fiz02MK0174; Fiz02MK0096,,,AU,3 maddeden en az 2'si doğru,taslak,2026-10-01
Fiz02MK0176,02,"Tork modeliyle kapı, anahtar ve tahterevalli gibi durumlarda torku hesaplar.",Beceri,Uygulama,Kural uygulama,Fiz02MK0175,,Fiz02YG0030,ÇS; AU,3 maddeden en az 2'si doğru,taslak,2026-10-01
Fiz02MK0177,02,Kuvvetin cismi döndürme yönünü (saat yönü ya da tersi) belirleyerek torkun işaretini belirtir.,Beceri,Uygulama,Kural uygulama,Fiz02MK0175,,,ÇS,3 maddeden en az 2'si doğru,taslak,2026-10-01
Fiz02MK0178,02,Bir çubuğun ya da düzgün olmayan levhanın asıldığı ve desteklendiği noktaları değiştirerek denge verilerini kaydeder.,Beceri,Uygulama,Gözlem ve kayıt,Fiz02MK0176; Fiz02MK0177,,,PG,Rubrikte yeterli ve üstü,taslak,2026-10-01
Fiz02MK0179,02,Denge verilerinden kuvvet ve tork veri setleri oluşturur.,Beceri,Uygulama,Dönüştürme,Fiz02MK0178,,,AU; PG,3 maddeden en az 2'si doğru; PG'de rubrikte yeterli ve üstü,taslak,2026-10-01
Fiz02MK0180,02,Öteleme dengesini net kuvvetin sıfır olması olarak verilere dayanarak açıklar.,Bilgi,Anlama,Açıklama ve özetleme,Fiz02MK0179; Fiz02MK0107; Fiz02MK0108,,,ÇS; AU,3 maddeden en az 2'si doğru,taslak,2026-10-01
Fiz02MK0181,02,Dönme dengesini net torkun sıfır olması olarak verilere dayanarak açıklar.,Bilgi,Anlama,Açıklama ve özetleme,Fiz02MK0179; Fiz02MK0176,,,ÇS; AU,3 maddeden en az 2'si doğru,taslak,2026-10-01
Fiz02MK0182,02,Kütle merkezi ile ağırlık merkezini ayırt eder.,Bilgi,Anlama,Ayırt etme ve sınıflama,Fiz02MK0180; Fiz02MK0181,,Fiz02YG0031,ÇS,3 maddeden en az 2'si doğru,taslak,2026-10-01
Fiz02MK0183,02,Denge koşullarını kullanarak destek kuvvetlerini ve bilinmeyen ağırlıkları hesaplar (Lami teoremi kullanmadan).,Beceri,Uygulama,Kural uygulama,Fiz02MK0180; Fiz02MK0181,,,ÇS; AU,3 maddeden en az 2'si doğru,taslak,2026-10-01
Fiz02MK0184,02,Düzgün ve simetrik cisimlerde ağırlık merkezini belirler.,Beceri,Uygulama,Kural uygulama,Fiz02MK0182,,,ÇS,3 maddeden en az 2'si doğru,taslak,2026-10-01
Fiz02MK0185,02,Basit birleşik cisimlerde ağırlık merkezini belirler.,Beceri,Uygulama,Kural uygulama,Fiz02MK0182,,Fiz02YG0031,ÇS,3 maddeden en az 2'si doğru,taslak,2026-10-01
Fiz02MK0186,02,Momentumu kütle ile hızın çarpımı (p = m·v) olarak tanımlar.,Bilgi,Anlama,Tanıma ve hatırlama,Fiz02MK0041,,,ÇS,3 maddeden en az 2'si doğru,taslak,2026-10-01
Fiz02MK0187,02,Momentumun vektörel bir nicelik olduğunu belirtir.,Bilgi,Anlama,Tanıma ve hatırlama,Fiz02MK0186; Fiz02MK0012,,,ÇS,3 maddeden en az 2'si doğru,taslak,2026-10-01
Fiz02MK0188,02,İtmeyi kuvvet ile etki süresinin çarpımı (I = F·Δt) olarak tanımlar.,Bilgi,Hatırlama,Tanıma ve hatırlama,Fiz02MK0114,,,ÇS,3 maddeden en az 2'si doğru,taslak,2026-10-01
Fiz02MK0189,02,"Çarpışma deneyi ya da simülasyonundan kuvvet, süre ve hız değişimi verilerini kaydeder.",Beceri,Uygulama,Gözlem ve kayıt,Fiz02MK0186; Fiz02MK0187; Fiz02MK0188,,,PG,Rubrikte yeterli ve üstü,taslak,2026-10-01
Fiz02MK0190,02,Verileri yorumlayarak itmenin momentum değişimine eşit olduğunu (F·Δt = Δp) açıklar.,Bilgi,Analiz,Yorumlama,Fiz02MK0189,,,ÇS; AU,3 maddeden en az 2'si doğru,taslak,2026-10-01
Fiz02MK0191,02,Aynı momentum değişiminde etki süresi uzadıkça ortalama kuvvetin azaldığını hava yastığı ve emniyet kemeri örnekleriyle yorumlar.,Bilgi,Analiz,Yorumlama,Fiz02MK0190,,Fiz02YG0032,ÇS,3 maddeden en az 2'si doğru,taslak,2026-10-01
Fiz02MK0192,02,"F·Δt = Δp ilişkisiyle itmeyi, ortalama kuvveti ya da hız değişimini hesaplar.",Beceri,Uygulama,Kural uygulama,Fiz02MK0190,,,ÇS,3 maddeden en az 2'si doğru,taslak,2026-10-01
Fiz02MK0193,02,Çarpışma ve patlama durumlarında cisimlerin önceki ve sonraki hız verilerini toplar.,Beceri,Uygulama,Gözlem ve kayıt,Fiz02MK0190,,,PG,Rubrikte yeterli ve üstü,taslak,2026-10-01
Fiz02MK0194,02,Momentumun korunumunu kullanarak bir boyutlu çarpışmalarda bilinmeyen hızı hesaplar.,Beceri,Uygulama,Kural uygulama,Fiz02MK0193,,,ÇS; AU,3 maddeden en az 2'si doğru,taslak,2026-10-01
Fiz02MK0195,02,Momentumun korunumunu kullanarak patlamalarda bilinmeyen hızı hesaplar.,Beceri,Uygulama,Kural uygulama,Fiz02MK0193,,,ÇS; AU,3 maddeden en az 2'si doğru,taslak,2026-10-01
Fiz02MK0196,02,İki boyutlu çarpışmalarda momentumun korunumunu bileşenler üzerinden kullanarak bilinmeyen hızı hesaplar.,Beceri,Uygulama,Kural uygulama,Fiz02MK0194; Fiz02MK0024,,,ÇS,3 maddeden en az 2'si doğru,taslak,2026-10-01
Fiz02MK0197,02,"Roket, geri tepme ve çarpışma gibi uygulamalarda dış kuvvet yokken momentumun korunduğuna ilişkin yargıda bulunur.",Beceri,Değerlendirme,Sınama ve değerlendirme,Fiz02MK0194; Fiz02MK0195,,Fiz02YG0033,AU,3 maddeden en az 2'si doğru,taslak,2026-10-01
Fiz02MK0198,02,Kütlesi ya da kütle dağılımı farklı cisimlerin dönmeye başlama ve durma kolaylığını gözlemler.,Beceri,Uygulama,Gözlem ve kayıt,Fiz02MK0176,,,PG,Rubrikte yeterli ve üstü,taslak,2026-10-01
Fiz02MK0199,02,Eylemsizlik momentinin kütleye bağlı olduğunu bulur.,Bilgi,Analiz,Çıkarım ve ilişkilendirme,Fiz02MK0198,,,ÇS,3 maddeden en az 2'si doğru,taslak,2026-10-01
Fiz02MK0200,02,Eylemsizlik momentinin kütlenin dönme eksenine uzaklığına bağlı olduğunu bulur.,Bilgi,Analiz,Çıkarım ve ilişkilendirme,Fiz02MK0198,,Fiz02YG0034,ÇS,3 maddeden en az 2'si doğru,taslak,2026-10-01
Fiz02MK0201,02,"Kütle eksenden uzaklaştıkça cismin dönmeye karşı direncinin arttığı genellemesini (cambaz sırığı, artistik patinaj) yapar.",Bilgi,Analiz,Çıkarım ve ilişkilendirme,Fiz02MK0199; Fiz02MK0200,,,ÇS; AU,3 maddeden en az 2'si doğru,taslak,2026-10-01
Fiz02MK0202,02,Açısal momentumun eylemsizlik momentine bağlı olduğunu belirtir.,Bilgi,Anlama,Tanıma ve hatırlama,Fiz02MK0201,,,ÇS,3 maddeden en az 2'si doğru,taslak,2026-10-01
Fiz02MK0203,02,Açısal momentumun açısal hıza bağlı olduğunu belirtir.,Bilgi,Anlama,Tanıma ve hatırlama,Fiz02MK0201; Fiz02MK0153,,,ÇS,3 maddeden en az 2'si doğru,taslak,2026-10-01
Fiz02MK0204,02,Kollarını kapatan patenci gibi örneklerde eylemsizlik momenti azalınca açısal hızın arttığı ilişkisini bulur.,Bilgi,Analiz,Çıkarım ve ilişkilendirme,Fiz02MK0202; Fiz02MK0203,,Fiz02YG0035,ÇS,3 maddeden en az 2'si doğru,taslak,2026-10-01
Fiz02MK0205,02,Net tork sıfırken açısal momentumun korunduğu genellemesini matematiksel model kullanmadan tork ile ilişkilendirerek yapar.,Bilgi,Analiz,Çıkarım ve ilişkilendirme,Fiz02MK0204; Fiz02MK0176,,Fiz02YG0035,ÇS; AU,3 maddeden en az 2'si doğru,taslak,2026-10-01
Fiz03MK0001,03,Basıncı birim yüzeye dik etki eden kuvvet olarak tanımlar.,Bilgi,Anlama,Tanıma ve hatırlama,,Kuvvet ve alan kavramları (fen bilimleri ve matematik ön öğrenmesi),Fiz03YG0001,ÇS,3 maddeden en az 2'si doğru,taslak,2026-10-01
Fiz03MK0002,03,Basıncın kuvvete bağlı olduğunu belirtir.,Bilgi,Anlama,Tanıma ve hatırlama,,Kuvvet ve alan kavramları (fen bilimleri ve matematik ön öğrenmesi),,ÇS,3 maddeden en az 2'si doğru,taslak,2026-10-01
Fiz03MK0003,03,Basıncın yüzey alanına bağlı olduğunu belirtir.,Bilgi,Anlama,Tanıma ve hatırlama,,Kuvvet ve alan kavramları (fen bilimleri ve matematik ön öğrenmesi),,ÇS,3 maddeden en az 2'si doğru,taslak,2026-10-01
Fiz03MK0004,03,Kuvveti ve yüzey alanını değiştirerek basınç (batma miktarı) verilerini toplar ve kaydeder.,Beceri,Uygulama,Gözlem ve kayıt,Fiz03MK0001; Fiz03MK0002; Fiz03MK0003,,,PG,Rubrikte yeterli ve üstü,taslak,2026-10-01
Fiz03MK0005,03,Topladığı verilerden P = F / A modeline ulaşır.,Beceri,Analiz,Model kurma,Fiz03MK0004,,,AU; PG,3 maddeden en az 2'si doğru; PG'de rubrikte yeterli ve üstü,taslak,2026-10-01
Fiz03MK0006,03,P = F / A modelinden kuvvet değiştiğinde basıncın nasıl değişeceğini çıkarır.,Bilgi,Analiz,Çıkarım ve ilişkilendirme,Fiz03MK0005,,Fiz03YG0001; Fiz03YG0002,ÇS; AU,3 maddeden en az 2'si doğru,taslak,2026-10-01
Fiz03MK0007,03,P = F / A modelinden yüzey alanı değiştiğinde basıncın nasıl değişeceğini çıkarır.,Bilgi,Analiz,Çıkarım ve ilişkilendirme,Fiz03MK0005,,Fiz03YG0001; Fiz03YG0002,ÇS; AU,3 maddeden en az 2'si doğru,taslak,2026-10-01
Fiz03MK0008,03,"P = F / A modeliyle basıncı, kuvveti ya da yüzey alanını hesaplar.",Beceri,Uygulama,Kural uygulama,Fiz03MK0005,,,ÇS,3 maddeden en az 2'si doğru,taslak,2026-10-01
Fiz03MK0009,03,"Durgun sıvılarda basınca etki edebilecek etmenleri (derinlik, sıvının yoğunluğu, kabın şekli ve sıvı miktarı) tanımlar.",Bilgi,Anlama,Tanıma ve hatırlama,Fiz03MK0001; Fiz03MK0002; Fiz03MK0003,Yoğunluk kavramı (fen bilimleri ön öğrenmesi),,ÇS,3 maddeden en az 2'si doğru,taslak,2026-10-01
Fiz03MK0010,03,Farklı derinlik ve sıvılarla deney yaparak sıvı basıncı verilerini kaydeder.,Beceri,Uygulama,Gözlem ve kayıt,Fiz03MK0009,,,PG,Rubrikte yeterli ve üstü,taslak,2026-10-01
Fiz03MK0011,03,Verilerden durgun sıvı basıncının P = h·d·g modeline ulaşır.,Beceri,Analiz,Model kurma,Fiz03MK0010; Fiz03MK0005,,,AU; PG,3 maddeden en az 2'si doğru; PG'de rubrikte yeterli ve üstü,taslak,2026-10-01
Fiz03MK0012,03,Sıvı basıncının kabın şekline bağlı olmadığı çıkarımını yapar.,Bilgi,Analiz,Çıkarım ve ilişkilendirme,Fiz03MK0011,,Fiz03YG0003,ÇS; AU,3 maddeden en az 2'si doğru,taslak,2026-10-01
Fiz03MK0013,03,Sıvı basıncının sıvı miktarına bağlı olmadığı çıkarımını yapar.,Bilgi,Analiz,Çıkarım ve ilişkilendirme,Fiz03MK0011,,Fiz03YG0004,ÇS; AU,3 maddeden en az 2'si doğru,taslak,2026-10-01
Fiz03MK0014,03,"P = h·d·g modeliyle sıvı basıncını, derinliği ya da sıvının yoğunluğunu hesaplar.",Beceri,Uygulama,Kural uygulama,Fiz03MK0011; Fiz03MK0008,,,ÇS,3 maddeden en az 2'si doğru,taslak,2026-10-01
Fiz03MK0015,03,"Sıvı basıncının kullanıldığı sistemlerle (su cenderesi, hidrolik fren, baraj) ilgili araştırılabilir sorular sorar.",Beceri,Uygulama,Çıkarım ve ilişkilendirme,Fiz03MK0012; Fiz03MK0013,,,PG,Rubrikte yeterli ve üstü,taslak,2026-10-01
Fiz03MK0016,03,Sorularına yönelik güvenilir kaynaklardan bilgi toplar.,Beceri,Uygulama,Gözlem ve kayıt,Fiz03MK0015,,,PG,Rubrikte yeterli ve üstü,taslak,2026-10-01
Fiz03MK0017,03,"Topladığı bilgileri doğruluk, güvenilirlik, amaca uygunluk ve açıklık ölçütlerine göre değerlendirir.",Beceri,Değerlendirme,Sınama ve değerlendirme,Fiz03MK0016,,,PG,Rubrikte yeterli ve üstü,taslak,2026-10-01
Fiz03MK0018,03,Doğrulanmış bilgilerden sıvı basıncının seçtiği sistemdeki rolüne ilişkin çıkarım yapar.,Bilgi,Analiz,Çıkarım ve ilişkilendirme,Fiz03MK0017,,,AU; PG,3 maddeden en az 2'si doğru; PG'de rubrikte yeterli ve üstü,taslak,2026-10-01
Fiz03MK0019,03,Sıvı basıncı bilgisinden yararlanarak havanın da ağırlığı nedeniyle basınç uyguladığına dair hipotez kurar.,Beceri,Analiz,Model kurma,Fiz03MK0011,,Fiz03YG0005,AU,3 maddeden en az 2'si doğru,taslak,2026-10-01
Fiz03MK0020,03,Sıvı basıncı ile açık hava basıncını derinlik–yükseklik ilişkisi bakımından karşılaştırır.,Bilgi,Analiz,Karşılaştırma,Fiz03MK0019,,Fiz03YG0006,ÇS; AU,3 maddeden en az 2'si doğru,taslak,2026-10-01
Fiz03MK0021,03,Sıvı basıncı ile açık hava basıncını yoğunluğun homojenliği bakımından karşılaştırır.,Bilgi,Analiz,Karşılaştırma,Fiz03MK0019,,,ÇS; AU,3 maddeden en az 2'si doğru,taslak,2026-10-01
Fiz03MK0022,03,Torricelli deneyini cıva sütununun ağırlığı ile açık hava basıncının dengelenmesi üzerinden açıklar.,Bilgi,Anlama,Açıklama ve özetleme,Fiz03MK0020; Fiz03MK0021; Fiz03MK0011,,,ÇS; AU,3 maddeden en az 2'si doğru,taslak,2026-10-01
Fiz03MK0023,03,Atmosfer (atm) birimini cıva sütunu yüksekliği üzerinden pascala dönüştürür.,Beceri,Uygulama,Dönüştürme,Fiz03MK0022; Fiz03MK0014,,,ÇS,3 maddeden en az 2'si doğru,taslak,2026-10-01
Fiz03MK0024,03,Pascal birimini temel birimlerle (kg/(m·s²)) ifade eder.,Beceri,Uygulama,Dönüştürme,Fiz03MK0005; Fiz02MK0009,,,ÇS,3 maddeden en az 2'si doğru,taslak,2026-10-01
Fiz03MK0025,03,Alçak ve yüksek basınç bölgeleri arasında havanın yer değiştirmesiyle rüzgârın oluştuğuna ilişkin önerme sunar.,Bilgi,Analiz,Çıkarım ve ilişkilendirme,Fiz03MK0020; Fiz03MK0021,,,AU,3 maddeden en az 2'si doğru,taslak,2026-10-01
Fiz03MK0026,03,Açık hava basıncı bilgisini pipetle içme ve vantuz gibi durumlara uygular.,Beceri,Değerlendirme,Transfer ve problem çözme,Fiz03MK0022,,Fiz03YG0005,AU,3 maddeden en az 2'si doğru,taslak,2026-10-01
Fiz03MK0027,03,Yüksek rakımda suyun daha düşük sıcaklıkta kaynamasını açık hava basıncıyla açıklar.,Beceri,Değerlendirme,Transfer ve problem çözme,Fiz03MK0020; Fiz04MK0027,,,AU,3 maddeden en az 2'si doğru,taslak,2026-10-01
Fiz03MK0028,03,Kaldırma kuvvetini sıvının içindeki cisme uyguladığı yukarı yönlü kuvvet olarak tanımlar.,Bilgi,Anlama,Tanıma ve hatırlama,Fiz03MK0011,Ağırlık ve dinamometreyle ölçüm (fen bilimleri ön öğrenmesi),,ÇS,3 maddeden en az 2'si doğru,taslak,2026-10-01
Fiz03MK0029,03,Kaldırma kuvvetinin bağlı olduğu değişkenleri belirlemek için değişkenleri kontrol eden bir deney tasarlar.,Beceri,Yaratma,Üretme ve tasarım,Fiz03MK0028,,,PG,Rubrikte yeterli ve üstü,taslak,2026-10-01
Fiz03MK0030,03,Dinamometreyle cismin havadaki ve sıvıdaki ağırlıklarını ölçerek kaldırma kuvveti verilerini kaydeder.,Beceri,Uygulama,Gözlem ve kayıt,Fiz03MK0029,,,PG,Rubrikte yeterli ve üstü,taslak,2026-10-01
Fiz03MK0031,03,Verilerden kaldırma kuvvetinin batan hacme bağlı olduğu çıkarımını yapar.,Bilgi,Analiz,Çıkarım ve ilişkilendirme,Fiz03MK0030,,Fiz03YG0007,ÇS; AU,3 maddeden en az 2'si doğru,taslak,2026-10-01
Fiz03MK0032,03,Verilerden kaldırma kuvvetinin sıvının yoğunluğuna bağlı olduğu çıkarımını yapar.,Bilgi,Analiz,Çıkarım ve ilişkilendirme,Fiz03MK0030,,,ÇS; AU,3 maddeden en az 2'si doğru,taslak,2026-10-01
Fiz03MK0033,03,Verilerden kaldırma kuvvetinin cismin kütlesine bağlı olmadığı çıkarımını yapar.,Bilgi,Analiz,Çıkarım ve ilişkilendirme,Fiz03MK0030,,Fiz03YG0008,ÇS,3 maddeden en az 2'si doğru,taslak,2026-10-01
Fiz03MK0034,03,Kaldırma kuvveti ile yer değiştiren sıvının ağırlığı arasındaki ilişkiye dair hipotez kurar.,Beceri,Analiz,Model kurma,Fiz03MK0031; Fiz03MK0032; Fiz03MK0033,,,AU,3 maddeden en az 2'si doğru,taslak,2026-10-01
Fiz03MK0035,03,Deney verilerinden kaldırma kuvvetinin Fk = Vb·ds·g modeline (Arşimet ilkesi) ulaşır.,Beceri,Analiz,Model kurma,Fiz03MK0034,,,AU; PG,3 maddeden en az 2'si doğru; PG'de rubrikte yeterli ve üstü,taslak,2026-10-01
Fiz03MK0036,03,Fk = Vb·ds·g modeliyle kaldırma kuvvetini ya da batan hacmi hesaplar.,Beceri,Uygulama,Kural uygulama,Fiz03MK0035,,,ÇS,3 maddeden en az 2'si doğru,taslak,2026-10-01
Fiz03MK0037,03,"Kaldırma kuvveti ve sıvı basıncı modellerini (Fk = Vb·ds·g, P = h·d·g) ortak nicelikleri bakımından karşılaştırır.",Bilgi,Analiz,Karşılaştırma,Fiz03MK0035; Fiz03MK0011,,,AU,3 maddeden en az 2'si doğru,taslak,2026-10-01
Fiz03MK0038,03,"Kaldırma kuvvetinin, cismin alt ve üst yüzeylerine etki eden sıvı basınç kuvvetlerinin farkından kaynaklandığı önermesinde bulunur.",Bilgi,Analiz,Çıkarım ve ilişkilendirme,Fiz03MK0037,,,AU,3 maddeden en az 2'si doğru,taslak,2026-10-01
Fiz03MK0039,03,Cismin yoğunluğu sıvınınkinden küçükse cismin yüzdüğüne karar verir.,Bilgi,Analiz,Çıkarım ve ilişkilendirme,Fiz03MK0035,,Fiz03YG0009,ÇS,3 maddeden en az 2'si doğru,taslak,2026-10-01
Fiz03MK0040,03,Cismin yoğunluğu sıvınınkine eşitse cismin askıda kaldığına karar verir.,Bilgi,Analiz,Çıkarım ve ilişkilendirme,Fiz03MK0035,,,ÇS,3 maddeden en az 2'si doğru,taslak,2026-10-01
Fiz03MK0041,03,Cismin yoğunluğu sıvınınkinden büyükse cismin battığına karar verir.,Bilgi,Analiz,Çıkarım ve ilişkilendirme,Fiz03MK0035,,,ÇS,3 maddeden en az 2'si doğru,taslak,2026-10-01
Fiz03MK0042,03,"Deney verilerini ve gemi, denizaltı, yüzen plastik atık gibi örnekleri Arşimet ilkesi kapsamında değerlendirir.",Beceri,Değerlendirme,Sınama ve değerlendirme,Fiz03MK0039; Fiz03MK0040; Fiz03MK0041; Fiz03MK0036,,Fiz03YG0009,AU,3 maddeden en az 2'si doğru,taslak,2026-10-01
Fiz03MK0043,03,Kesit alanı daralan borudan akan akışkanın süratinin arttığını gözlemlerden tespit eder.,Bilgi,Analiz,Çıkarım ve ilişkilendirme,Fiz02MK0042,,,ÇS; PG,3 maddeden en az 2'si doğru; PG'de rubrikte yeterli ve üstü,taslak,2026-10-01
Fiz03MK0044,03,Kesit alanı daralan bölgede akışkanın çeperlere yaptığı basıncın azaldığını gözlemlerden tespit eder.,Bilgi,Analiz,Çıkarım ve ilişkilendirme,Fiz03MK0043,,Fiz03YG0010,ÇS,3 maddeden en az 2'si doğru,taslak,2026-10-01
Fiz03MK0045,03,Akışkanın sürati arttıkça basıncının azaldığı genellemesini (Bernoulli ilkesi) günlük hayat örnekleri üzerinden yapar.,Bilgi,Analiz,Çıkarım ve ilişkilendirme,Fiz03MK0043; Fiz03MK0044,,Fiz03YG0010; Fiz03YG0011,ÇS; AU,3 maddeden en az 2'si doğru,taslak,2026-10-01
Fiz03MK0046,03,"Çatıların uçması, sprey püskürtücü ve hızlı aracın yakınındaki nesneleri çekmesi gibi olayları Bernoulli ilkesiyle açıklar.",Beceri,Uygulama,Transfer ve problem çözme,Fiz03MK0045,,Fiz03YG0011,AU,3 maddeden en az 2'si doğru,taslak,2026-10-01
Fiz04MK0001,04,Sıcaklığı taneciklerin ortalama hareket enerjisinin göstergesi olarak tanımlar.,Bilgi,Hatırlama,Tanıma ve hatırlama,,"Maddenin tanecikli yapısı, ısı ve sıcaklık (fen bilimleri ön öğrenmesi)",,ÇS,3 maddeden en az 2'si doğru,taslak,2026-10-01
Fiz04MK0002,04,Isıyı sıcaklık farkıyla aktarılan enerji olarak tanımlar.,Bilgi,Hatırlama,Tanıma ve hatırlama,,"Maddenin tanecikli yapısı, ısı ve sıcaklık (fen bilimleri ön öğrenmesi)",Fiz04YG0001,ÇS,3 maddeden en az 2'si doğru,taslak,2026-10-01
Fiz04MK0003,04,İç enerjiyi taneciklerin toplam enerjisi olarak tanımlar.,Bilgi,Hatırlama,Tanıma ve hatırlama,,"Maddenin tanecikli yapısı, ısı ve sıcaklık (fen bilimleri ön öğrenmesi)",,ÇS,3 maddeden en az 2'si doğru,taslak,2026-10-01
Fiz04MK0004,04,"Isı, sıcaklık ve iç enerjiyi birbirinden ayırt eder.",Bilgi,Hatırlama,Ayırt etme ve sınıflama,Fiz04MK0001; Fiz04MK0002; Fiz04MK0003,"Maddenin tanecikli yapısı, ısı ve sıcaklık (fen bilimleri ön öğrenmesi)",Fiz04YG0002; Fiz04YG0001,ÇS,3 maddeden en az 2'si doğru,taslak,2026-10-01
Fiz04MK0005,04,Bir maddeye ısı verildiğinde iç enerjisinin arttığını ilişkilendirir.,Bilgi,Analiz,Çıkarım ve ilişkilendirme,Fiz04MK0002; Fiz04MK0003,,,ÇS; AU,3 maddeden en az 2'si doğru,taslak,2026-10-01
Fiz04MK0006,04,Bir maddeye ısı verildiğinde sıcaklığının nasıl değiştiğini (hâl değişimi yoksa artar) ilişkilendirir.,Bilgi,Analiz,Çıkarım ve ilişkilendirme,Fiz04MK0001; Fiz04MK0002,,,ÇS; AU,3 maddeden en az 2'si doğru,taslak,2026-10-01
Fiz04MK0007,04,İç enerjinin madde miktarına bağlı olduğu genellemesini yapar.,Bilgi,Analiz,Çıkarım ve ilişkilendirme,Fiz04MK0003; Fiz04MK0005,,Fiz04YG0003,ÇS; AU,3 maddeden en az 2'si doğru,taslak,2026-10-01
Fiz04MK0008,04,İç enerjinin sıcaklığa bağlı olduğu genellemesini yapar.,Bilgi,Analiz,Çıkarım ve ilişkilendirme,Fiz04MK0005; Fiz04MK0006,,,ÇS; AU,3 maddeden en az 2'si doğru,taslak,2026-10-01
Fiz04MK0009,04,Isı akışının sıcaklık farkından kaynaklandığı genellemesini yapar.,Bilgi,Analiz,Çıkarım ve ilişkilendirme,Fiz04MK0002; Fiz04MK0006,,,ÇS,3 maddeden en az 2'si doğru,taslak,2026-10-01
Fiz04MK0010,04,Isının sıcak cisimden soğuk cisme doğru aktığı genellemesini yapar.,Bilgi,Analiz,Çıkarım ve ilişkilendirme,Fiz04MK0009,,,ÇS,3 maddeden en az 2'si doğru,taslak,2026-10-01
Fiz04MK0011,04,Kelvin ölçeğinin kullanım amacını belirtir.,Bilgi,Hatırlama,Tanıma ve hatırlama,Fiz04MK0001,,,ÇS,3 maddeden en az 2'si doğru,taslak,2026-10-01
Fiz04MK0012,04,Kelvin ölçeğinin sabit noktalarını belirtir.,Bilgi,Hatırlama,Tanıma ve hatırlama,Fiz04MK0001,,,ÇS,3 maddeden en az 2'si doğru,taslak,2026-10-01
Fiz04MK0013,04,Celsius ölçeğinin kullanım amacını belirtir.,Bilgi,Hatırlama,Tanıma ve hatırlama,Fiz04MK0001,,,ÇS,3 maddeden en az 2'si doğru,taslak,2026-10-01
Fiz04MK0014,04,Celsius ölçeğinin sabit noktalarını belirtir.,Bilgi,Hatırlama,Tanıma ve hatırlama,Fiz04MK0001,,,ÇS,3 maddeden en az 2'si doğru,taslak,2026-10-01
Fiz04MK0015,04,Fahrenheit ölçeğinin kullanım amacını belirtir.,Bilgi,Hatırlama,Tanıma ve hatırlama,Fiz04MK0001,,,ÇS,3 maddeden en az 2'si doğru,taslak,2026-10-01
Fiz04MK0016,04,Fahrenheit ölçeğinin sabit noktalarını belirtir.,Bilgi,Hatırlama,Tanıma ve hatırlama,Fiz04MK0001,,,ÇS,3 maddeden en az 2'si doğru,taslak,2026-10-01
Fiz04MK0017,04,Öz ısıyı tanımlar.,Bilgi,Hatırlama,Tanıma ve hatırlama,Fiz04MK0006; Fiz04MK0007,,,ÇS,3 maddeden en az 2'si doğru,taslak,2026-10-01
Fiz04MK0018,04,Isı sığasını (ısı kapasitesi) tanımlar.,Bilgi,Hatırlama,Tanıma ve hatırlama,Fiz04MK0006,,,ÇS,3 maddeden en az 2'si doğru,taslak,2026-10-01
Fiz04MK0019,04,Öz ısı ile ısı sığasını ayırt eder.,Bilgi,Hatırlama,Ayırt etme ve sınıflama,Fiz04MK0017; Fiz04MK0018,,,ÇS,3 maddeden en az 2'si doğru,taslak,2026-10-01
Fiz04MK0020,04,Özdeş ısıtıcılarla farklı kütle ve cinsteki maddeleri ısıtarak sıcaklık değişimi verilerini toplar.,Beceri,Uygulama,Gözlem ve kayıt,Fiz04MK0019; Fiz04MK0014,,,PG,Rubrikte yeterli ve üstü,taslak,2026-10-01
Fiz04MK0021,04,Verilerden Q = m·c·ΔT modeline ulaşır.,Beceri,Analiz,Model kurma,Fiz04MK0020,,,AU; PG,3 maddeden en az 2'si doğru; PG'de rubrikte yeterli ve üstü,taslak,2026-10-01
Fiz04MK0022,04,Q = m·c·ΔT modelinden ısı sığası için Q = C·ΔT modeline ulaşır.,Beceri,Analiz,Model kurma,Fiz04MK0021; Fiz04MK0018,,,AU,3 maddeden en az 2'si doğru,taslak,2026-10-01
Fiz04MK0023,04,"Q = m·c·ΔT modeliyle ısı, kütle, öz ısı ya da sıcaklık değişimini hesaplar.",Beceri,Uygulama,Kural uygulama,Fiz04MK0021,,,ÇS; AU,3 maddeden en az 2'si doğru,taslak,2026-10-01
Fiz04MK0024,04,"Hesaplamalardan, aynı ısıyı alan eşit kütleli maddelerden öz ısısı küçük olanın sıcaklığının daha çok değiştiği genellemesini yapar.",Bilgi,Analiz,Çıkarım ve ilişkilendirme,Fiz04MK0023,,Fiz04YG0004,ÇS; AU,3 maddeden en az 2'si doğru,taslak,2026-10-01
Fiz04MK0025,04,Hâl değişiminin maddenin cinsine bağlı olduğunu belirtir.,Bilgi,Anlama,Tanıma ve hatırlama,Fiz04MK0005,,,ÇS,3 maddeden en az 2'si doğru,taslak,2026-10-01
Fiz04MK0026,04,Hâl değişiminin kütleye bağlı olduğunu belirtir.,Bilgi,Anlama,Tanıma ve hatırlama,Fiz04MK0005,,,ÇS,3 maddeden en az 2'si doğru,taslak,2026-10-01
Fiz04MK0027,04,Hâl değişiminin basınca bağlı olduğunu belirtir.,Bilgi,Anlama,Tanıma ve hatırlama,Fiz04MK0005,,,ÇS,3 maddeden en az 2'si doğru,taslak,2026-10-01
Fiz04MK0028,04,Hâl değişiminin saflığa bağlı olduğunu belirtir.,Bilgi,Anlama,Tanıma ve hatırlama,Fiz04MK0005,,,ÇS,3 maddeden en az 2'si doğru,taslak,2026-10-01
Fiz04MK0029,04,Isıtılan saf bir maddenin (ör. buz) sıcaklığını zamana göre ölçüp tabloya kaydeder.,Beceri,Uygulama,Gözlem ve kayıt,Fiz04MK0014,,,PG,Rubrikte yeterli ve üstü,taslak,2026-10-01
Fiz04MK0030,04,Ölçüm verilerinden sıcaklık-verilen ısı grafiğini çizer.,Beceri,Uygulama,Dönüştürme,Fiz04MK0029,,,AU; PG,3 maddeden en az 2'si doğru; PG'de rubrikte yeterli ve üstü,taslak,2026-10-01
Fiz04MK0031,04,Grafikten hâl değişimi sırasında sıcaklığın sabit kaldığını yorumlar.,Bilgi,Analiz,Yorumlama,Fiz04MK0030,,Fiz04YG0005,ÇS; AU,3 maddeden en az 2'si doğru,taslak,2026-10-01
Fiz04MK0032,04,Grafikten hâl değişimi sırasında verilen ısının hâl değişimi için kullanıldığını yorumlar.,Bilgi,Analiz,Yorumlama,Fiz04MK0030,,,ÇS; AU,3 maddeden en az 2'si doğru,taslak,2026-10-01
Fiz04MK0033,04,Verilerden hâl değişimi için gereken ısının kütleyle orantılı olduğu Q = m·L modeline ulaşır.,Beceri,Analiz,Model kurma,Fiz04MK0031; Fiz04MK0032,,,AU,3 maddeden en az 2'si doğru,taslak,2026-10-01
Fiz04MK0034,04,Q = m·L modeliyle hâl değişimi için gereken ısıyı ya da kütleyi hesaplar.,Beceri,Uygulama,Kural uygulama,Fiz04MK0033,,,ÇS,3 maddeden en az 2'si doğru,taslak,2026-10-01
Fiz04MK0035,04,Sıcaklık-ısı grafiği üzerinden Q = m·c·ΔT ve Q = m·L ile toplam ısıyı hesaplar.,Beceri,Uygulama,Kural uygulama,Fiz04MK0033; Fiz04MK0023; Fiz04MK0034,,,ÇS; AU,3 maddeden en az 2'si doğru,taslak,2026-10-01
Fiz04MK0036,04,Isıl dengede temas eden cisimlerin sıcaklıklarının eşitlendiğini belirtir.,Bilgi,Anlama,Tanıma ve hatırlama,Fiz04MK0009; Fiz04MK0010,,,ÇS,3 maddeden en az 2'si doğru,taslak,2026-10-01
Fiz04MK0037,04,Isıl dengede cisimler arasında net ısı akışının durduğunu belirtir.,Bilgi,Anlama,Tanıma ve hatırlama,Fiz04MK0009; Fiz04MK0010,,Fiz04YG0006,ÇS,3 maddeden en az 2'si doğru,taslak,2026-10-01
Fiz04MK0038,04,"Farklı sıcaklıktaki maddeler karıştırıldığında ilk ve son sıcaklık, kütle ve madde cinsi verilerini tabloya kaydeder.",Beceri,Uygulama,Gözlem ve kayıt,Fiz04MK0036; Fiz04MK0037,,,PG,Rubrikte yeterli ve üstü,taslak,2026-10-01
Fiz04MK0039,04,Verilerden karışımın son sıcaklığının ilk sıcaklıklar arasında olduğu çıkarımını yapar.,Bilgi,Analiz,Çıkarım ve ilişkilendirme,Fiz04MK0038,,,ÇS; AU,3 maddeden en az 2'si doğru,taslak,2026-10-01
Fiz04MK0040,04,Verilerden son sıcaklığın kütlesi büyük olan maddenin ilk sıcaklığına daha yakın olduğu çıkarımını yapar.,Bilgi,Analiz,Çıkarım ve ilişkilendirme,Fiz04MK0039; Fiz04MK0024,,Fiz04YG0007,ÇS,3 maddeden en az 2'si doğru,taslak,2026-10-01
Fiz04MK0041,04,Verilerden son sıcaklığın öz ısısı büyük olan maddenin ilk sıcaklığına daha yakın olduğu çıkarımını yapar.,Bilgi,Analiz,Çıkarım ve ilişkilendirme,Fiz04MK0039; Fiz04MK0024,,Fiz04YG0007,ÇS,3 maddeden en az 2'si doğru,taslak,2026-10-01
Fiz04MK0042,04,Isı aktarımında maddesel ortamın gerekip gerekmediğini günlük olaylar üzerinden açıklar.,Bilgi,Anlama,Açıklama ve özetleme,Fiz04MK0009,,Fiz04YG0008,ÇS; AU,3 maddeden en az 2'si doğru,taslak,2026-10-01
Fiz04MK0043,04,Isı aktarımında ortamın akışkan olup olmadığının önemini günlük olaylar üzerinden açıklar.,Bilgi,Anlama,Açıklama ve özetleme,Fiz04MK0009,,,ÇS; AU,3 maddeden en az 2'si doğru,taslak,2026-10-01
Fiz04MK0044,04,"Isı aktarım yollarını iletim, konveksiyon (taşıma) ve ışıma olarak ayrıştırır, gruplandırır ve adlandırır.",Bilgi,Analiz,Ayırt etme ve sınıflama,Fiz04MK0042; Fiz04MK0043,,Fiz04YG0008; Fiz04YG0009,ÇS,3 maddeden en az 2'si doğru,taslak,2026-10-01
Fiz04MK0045,04,İletim yoluyla ısı aktarımını taneciklerin titreşimi ve çarpışmasıyla açıklar.,Bilgi,Anlama,Açıklama ve özetleme,Fiz04MK0044; Fiz04MK0001,,,ÇS,3 maddeden en az 2'si doğru,taslak,2026-10-01
Fiz04MK0046,04,Konveksiyon yoluyla ısı aktarımını akışkanın yer değiştirmesiyle açıklar.,Bilgi,Anlama,Açıklama ve özetleme,Fiz04MK0044,,,ÇS,3 maddeden en az 2'si doğru,taslak,2026-10-01
Fiz04MK0047,04,Işıma yoluyla ısı aktarımını elektromanyetik dalgalarla açıklar.,Bilgi,Anlama,Açıklama ve özetleme,Fiz04MK0044,,,ÇS,3 maddeden en az 2'si doğru,taslak,2026-10-01
Fiz04MK0048,04,Sera etkisini ısının ışıma yoluyla aktarımıyla ilişkilendirir.,Bilgi,Analiz,Çıkarım ve ilişkilendirme,Fiz04MK0047,,,AU,3 maddeden en az 2'si doğru,taslak,2026-10-01
Fiz04MK0049,04,Metal ve tahta kaşık gibi günlük deneyimlerinden farklı maddelerde ısı iletim hızını karşılaştırır.,Bilgi,Anlama,Karşılaştırma,Fiz04MK0044,,Fiz04YG0010,ÇS,3 maddeden en az 2'si doğru,taslak,2026-10-01
Fiz04MK0050,04,Katı maddelerde ısı iletim hızını gözlemlemek için bir deney tasarlar.,Beceri,Yaratma,Üretme ve tasarım,Fiz04MK0049,,,PG,Rubrikte yeterli ve üstü,taslak,2026-10-01
Fiz04MK0051,04,Isı iletim hızının maddenin cinsine bağlı olduğu çıkarımını yapar.,Bilgi,Analiz,Çıkarım ve ilişkilendirme,Fiz04MK0050,,,ÇS; AU,3 maddeden en az 2'si doğru,taslak,2026-10-01
Fiz04MK0052,04,Isı iletim hızının kesit alanına bağlı olduğu çıkarımını yapar.,Bilgi,Analiz,Çıkarım ve ilişkilendirme,Fiz04MK0050,,,ÇS; AU,3 maddeden en az 2'si doğru,taslak,2026-10-01
Fiz04MK0053,04,Isı iletim hızının uzunluğa bağlı olduğu çıkarımını yapar.,Bilgi,Analiz,Çıkarım ve ilişkilendirme,Fiz04MK0050,,,ÇS; AU,3 maddeden en az 2'si doğru,taslak,2026-10-01
Fiz04MK0054,04,Isı iletim hızının sıcaklık farkına bağlı olduğu çıkarımını yapar.,Bilgi,Analiz,Çıkarım ve ilişkilendirme,Fiz04MK0050,,,ÇS; AU,3 maddeden en az 2'si doğru,taslak,2026-10-01
Fiz04MK0055,04,Isı iletimine ilişkin çıkarımlarını bina yalıtımı ve termos gibi örneklerde enerji tasarrufu açısından değerlendirir.,Beceri,Değerlendirme,Sınama ve değerlendirme,Fiz04MK0051; Fiz04MK0052; Fiz04MK0053; Fiz04MK0054,,,AU; PG,3 maddeden en az 2'si doğru; PG'de rubrikte yeterli ve üstü,taslak,2026-10-01
Fiz04MK0056,04,Kuvvet uygulandığı hâlde yer değiştirme olmazsa fiziksel anlamda iş yapılmadığını açıklar.,Bilgi,Anlama,Açıklama ve özetleme,Fiz02MK0040,İş kavramını temel düzeyde bilir (ön kabul),Fiz04YG0011,ÇS,3 maddeden en az 2'si doğru,taslak,2026-09-29
Fiz04MK0057,04,Sabit kuvvet için kuvvet-yer değiştirme grafiğini çizer.,Beceri,Uygulama,Dönüştürme,Fiz04MK0056,,,AU,3 maddeden en az 2'si doğru,taslak,2026-09-29
Fiz04MK0058,04,Kuvvet-yer değiştirme grafiği altındaki alandan yapılan işi hesaplar.,Beceri,Uygulama,Kural uygulama,Fiz04MK0057,,,ÇS,3 maddeden en az 2'si doğru,taslak,2026-09-29
Fiz04MK0059,04,Kuvvet yer değiştirmeyle aynı doğrultuda iken W = F·Δx modelini kullanarak işi hesaplar.,Beceri,Uygulama,Kural uygulama,Fiz04MK0058,,,ÇS,3 maddeden en az 2'si doğru,taslak,2026-09-29
Fiz04MK0060,04,Yer değiştirmeye dik kuvvetin iş yapmadığı sonucunu çıkarır.,Bilgi,Analiz,Çıkarım ve ilişkilendirme,Fiz04MK0059; Fiz02MK0023,,Fiz04YG0012,ÇS,3 maddeden en az 2'si doğru,taslak,2026-09-29
Fiz04MK0061,04,Değişken kuvvetlerde de yapılan işin kuvvet-yer değiştirme grafiği altındaki alana eşit olduğu genellemesini yapar.,Bilgi,Analiz,Çıkarım ve ilişkilendirme,Fiz04MK0058,,,AU,3 maddeden en az 2'si doğru,taslak,2026-09-29
Fiz04MK0062,04,"İş, enerji ve güç arasındaki ilişki hakkında mevcut bilgisine dayalı sınanabilir bir hipotez kurar.",Beceri,Uygulama,Model kurma,Fiz04MK0059,,,AU,3 maddeden en az 2'si doğru,taslak,2026-09-29
Fiz04MK0063,04,Enerjiyi iş yapabilme yeteneği olarak tanımlar.,Bilgi,Anlama,Tanıma ve hatırlama,Fiz04MK0059,,,ÇS,3 maddeden en az 2'si doğru,taslak,2026-09-29
Fiz04MK0064,04,Yapılan işin aktarılan enerjiye eşit olduğunu belirtir.,Bilgi,Anlama,Tanıma ve hatırlama,Fiz04MK0059,,Fiz04YG0013,ÇS,3 maddeden en az 2'si doğru,taslak,2026-10-01
Fiz04MK0065,04,İşin birimini (joule) belirtir.,Bilgi,Hatırlama,Tanıma ve hatırlama,Fiz04MK0059,,Fiz04YG0014,ÇS,3 maddeden en az 2'si doğru,taslak,2026-09-29
Fiz04MK0066,04,Enerjinin birimini (joule) belirtir.,Bilgi,Hatırlama,Tanıma ve hatırlama,Fiz04MK0063; Fiz04MK0064,,Fiz04YG0014,ÇS,3 maddeden en az 2'si doğru,taslak,2026-10-01
Fiz04MK0067,04,Gücün birimini (watt) belirtir.,Bilgi,Hatırlama,Tanıma ve hatırlama,Fiz04MK0068,,,ÇS,3 maddeden en az 2'si doğru,taslak,2026-10-01
Fiz04MK0068,04,Gücü birim zamanda yapılan iş (aktarılan enerji) olarak tanımlar.,Bilgi,Hatırlama,Tanıma ve hatırlama,Fiz04MK0059; Fiz04MK0064,,,ÇS,3 maddeden en az 2'si doğru,taslak,2026-09-29
Fiz04MK0069,04,Güç kavramını iş kavramından ayırt eder.,Bilgi,Hatırlama,Ayırt etme ve sınıflama,Fiz04MK0063; Fiz04MK0064; Fiz04MK0068,,Fiz04YG0015,ÇS,3 maddeden en az 2'si doğru,taslak,2026-10-01
Fiz04MK0070,04,Aynı işi daha kısa sürede yapan sistemin gücünün daha büyük olduğuna yönelik önermede bulunur.,Bilgi,Analiz,Çıkarım ve ilişkilendirme,Fiz04MK0068; Fiz04MK0069,,Fiz04YG0015,ÇS; AU,3 maddeden en az 2'si doğru,taslak,2026-09-29
Fiz04MK0071,04,"P = W / t modelini kullanarak güç, iş ya da süreyi hesaplar.",Beceri,Uygulama,Kural uygulama,Fiz04MK0068; Fiz04MK0069; Fiz04MK0059,,,ÇS,3 maddeden en az 2'si doğru,taslak,2026-09-29
Fiz04MK0072,04,İş ve güce ilişkin önermelerini P = W / t modeliyle sınayarak değerlendirir (ör. iki motorun karşılaştırılması).,Beceri,Değerlendirme,Sınama ve değerlendirme,Fiz04MK0070; Fiz04MK0071,,Fiz04YG0015,AU,3 maddeden en az 2'si doğru,taslak,2026-09-29
Fiz04MK0073,04,Kinetik enerjiyi örnekleriyle tanır.,Bilgi,Anlama,Tanıma ve hatırlama,Fiz04MK0063,,,ÇS,3 maddeden en az 2'si doğru,taslak,2026-09-29
Fiz04MK0074,04,Çekim potansiyel enerjisini örnekleriyle tanır.,Bilgi,Anlama,Tanıma ve hatırlama,Fiz04MK0063,,,ÇS,3 maddeden en az 2'si doğru,taslak,2026-10-01
Fiz04MK0075,04,Esneklik potansiyel enerjisini örnekleriyle tanır.,Bilgi,Anlama,Tanıma ve hatırlama,Fiz04MK0063,,,ÇS,3 maddeden en az 2'si doğru,taslak,2026-10-01
Fiz04MK0076,04,Isı enerjisini örnekleriyle tanır.,Bilgi,Anlama,Tanıma ve hatırlama,Fiz04MK0063,,,ÇS,3 maddeden en az 2'si doğru,taslak,2026-10-01
Fiz04MK0077,04,Kimyasal enerjiyi örnekleriyle tanır.,Bilgi,Anlama,Tanıma ve hatırlama,Fiz04MK0063,,,ÇS,3 maddeden en az 2'si doğru,taslak,2026-10-01
Fiz04MK0078,04,Elektrik enerjisini örnekleriyle tanır.,Bilgi,Anlama,Tanıma ve hatırlama,Fiz04MK0063,,,ÇS,3 maddeden en az 2'si doğru,taslak,2026-10-01
Fiz04MK0079,04,Işık enerjisini örnekleriyle tanır.,Bilgi,Anlama,Tanıma ve hatırlama,Fiz04MK0063,,,ÇS,3 maddeden en az 2'si doğru,taslak,2026-10-01
Fiz04MK0080,04,Ses enerjisini örnekleriyle tanır.,Bilgi,Anlama,Tanıma ve hatırlama,Fiz04MK0063,,,ÇS,3 maddeden en az 2'si doğru,taslak,2026-10-01
Fiz04MK0081,04,Nükleer enerjiyi örnekleriyle tanır.,Bilgi,Anlama,Tanıma ve hatırlama,Fiz04MK0063,,,ÇS,3 maddeden en az 2'si doğru,taslak,2026-10-01
Fiz04MK0082,04,"Verilen bir durumda (ör. gerilmiş yay, hareket eden araç, pil) bulunan enerji biçimlerini belirler.",Beceri,Uygulama,Ayırt etme ve sınıflama,Fiz04MK0073; Fiz04MK0074; Fiz04MK0075; Fiz04MK0076; Fiz04MK0077; Fiz04MK0078; Fiz04MK0079; Fiz04MK0080; Fiz04MK0081,,Fiz04YG0016,ÇS,3 maddeden en az 2'si doğru,taslak,2026-09-29
Fiz04MK0083,04,Bütün enerji biçimlerinin joule ile ölçüldüğünü belirtir.,Bilgi,Anlama,Tanıma ve hatırlama,Fiz04MK0073; Fiz04MK0074; Fiz04MK0075; Fiz04MK0076; Fiz04MK0077; Fiz04MK0078; Fiz04MK0079; Fiz04MK0080; Fiz04MK0081; Fiz04MK0065; Fiz04MK0066,,,ÇS; AU,3 maddeden en az 2'si doğru,taslak,2026-09-29
Fiz04MK0084,04,Enerji biçimlerinin birbirine dönüşebildiğini belirtir.,Bilgi,Anlama,Tanıma ve hatırlama,Fiz04MK0073; Fiz04MK0074; Fiz04MK0075; Fiz04MK0076; Fiz04MK0077; Fiz04MK0078; Fiz04MK0079; Fiz04MK0080; Fiz04MK0081,,,ÇS; AU,3 maddeden en az 2'si doğru,taslak,2026-10-01
Fiz04MK0085,04,Dönüşümlerde toplam enerjinin korunduğunu belirtir.,Bilgi,Anlama,Tanıma ve hatırlama,Fiz04MK0073; Fiz04MK0074; Fiz04MK0075; Fiz04MK0076; Fiz04MK0077; Fiz04MK0078; Fiz04MK0079; Fiz04MK0080; Fiz04MK0081; Fiz04MK0066,,Fiz04YG0013,ÇS; AU,3 maddeden en az 2'si doğru,taslak,2026-10-01
Fiz04MK0086,04,"Bir enerji dönüşüm zincirini (ör. hidroelektrik santral, bisiklet dinamosu) enerji biçimleriyle şemalaştırır.",Beceri,Uygulama,Dönüştürme,Fiz04MK0082; Fiz04MK0084; Fiz04MK0085,,,AU; PG,3 maddeden en az 2'si doğru; PG'de rubrikte yeterli ve üstü,taslak,2026-09-29
Fiz04MK0087,04,Enerji biçimlerini kaynakları bakımından karşılaştırır.,Bilgi,Analiz,Karşılaştırma,Fiz04MK0073; Fiz04MK0074; Fiz04MK0075; Fiz04MK0076; Fiz04MK0077; Fiz04MK0078; Fiz04MK0079; Fiz04MK0080; Fiz04MK0081,,,AU,3 maddeden en az 2'si doğru,taslak,2026-09-29
Fiz04MK0088,04,"Enerji biçimlerini bağlı oldukları nicelikler (hız, yükseklik, sıcaklık, kimyasal bağ) bakımından karşılaştırır.",Bilgi,Analiz,Karşılaştırma,Fiz04MK0073; Fiz04MK0074; Fiz04MK0076; Fiz04MK0077,,,AU,3 maddeden en az 2'si doğru,taslak,2026-10-01
Fiz04MK0089,04,Mekanik enerjinin kinetik ve potansiyel enerjinin toplamı olduğunu belirtir.,Bilgi,Hatırlama,Tanıma ve hatırlama,Fiz04MK0073; Fiz04MK0074; Fiz04MK0075,,,ÇS,3 maddeden en az 2'si doğru,taslak,2026-09-29
Fiz04MK0090,04,Kinetik enerjinin kütleye bağlı olduğunu belirler.,Bilgi,Anlama,Açıklama ve özetleme,Fiz04MK0073,,,ÇS,3 maddeden en az 2'si doğru,taslak,2026-09-29
Fiz04MK0091,04,Kinetik enerjinin hıza bağlı olduğunu belirler.,Bilgi,Anlama,Açıklama ve özetleme,Fiz04MK0073,,,ÇS,3 maddeden en az 2'si doğru,taslak,2026-10-01
Fiz04MK0092,04,Çekim potansiyel enerjisinin kütleye bağlı olduğunu belirler.,Bilgi,Anlama,Açıklama ve özetleme,Fiz04MK0074,,Fiz04YG0017,ÇS,3 maddeden en az 2'si doğru,taslak,2026-10-01
Fiz04MK0093,04,Çekim potansiyel enerjisinin yüksekliğe bağlı olduğunu belirler.,Bilgi,Anlama,Açıklama ve özetleme,Fiz04MK0074,,,ÇS,3 maddeden en az 2'si doğru,taslak,2026-10-01
Fiz04MK0094,04,Sürtünmesiz ortamda mekanik enerjinin korunduğunu (Ek + Ep = sabit) belirtir.,Bilgi,Anlama,Tanıma ve hatırlama,Fiz04MK0089,,Fiz04YG0018,ÇS,3 maddeden en az 2'si doğru,taslak,2026-09-29
Fiz04MK0095,04,Ek = ½·m·v² modeliyle kinetik enerjiyi hesaplar.,Beceri,Uygulama,Kural uygulama,Fiz04MK0090; Fiz04MK0091,,Fiz04YG0019,ÇS,3 maddeden en az 2'si doğru,taslak,2026-09-29
Fiz04MK0096,04,Ep = m·g·h modeliyle çekim potansiyel enerjisini seçilen referans düzeyine göre hesaplar.,Beceri,Uygulama,Kural uygulama,Fiz04MK0092; Fiz04MK0093,,Fiz04YG0017,ÇS,3 maddeden en az 2'si doğru,taslak,2026-09-29
Fiz04MK0097,04,Sürtünmeli ortamda mekanik enerjinin bir kısmının ısı enerjisine dönüştüğünü açıklar.,Bilgi,Analiz,Açıklama ve özetleme,Fiz04MK0094; Fiz04MK0084; Fiz04MK0085; Fiz04MK0008,,,ÇS; AU,3 maddeden en az 2'si doğru,taslak,2026-09-29
Fiz04MK0098,04,Sürtünmeli ortamda da toplam enerjinin korunduğunu açıklar.,Bilgi,Analiz,Açıklama ve özetleme,Fiz04MK0094; Fiz04MK0084; Fiz04MK0085,,Fiz04YG0013,ÇS; AU,3 maddeden en az 2'si doğru,taslak,2026-10-01
Fiz04MK0099,04,Mekanik enerjinin korunumunu kullanarak serbest düşen ya da sürtünmesiz eğik düzlemden kayan cismin hızını ya da yüksekliğini hesaplar.,Beceri,Uygulama,Kural uygulama,Fiz04MK0095; Fiz04MK0096; Fiz04MK0094,,Fiz04YG0018,ÇS; AU,3 maddeden en az 2'si doğru,taslak,2026-09-29
Fiz04MK0100,04,"Enerji kaynaklarını (fosil yakıtlar, nükleer, güneş, rüzgâr, hidroelektrik, jeotermal, biyokütle, dalga ve gel-git) yenilenebilen ve yenilenemeyen olarak sınıflandırır.",Bilgi,Anlama,Ayırt etme ve sınıflama,Fiz04MK0087,,Fiz04YG0020,ÇS,3 maddeden en az 2'si doğru,taslak,2026-09-29
Fiz04MK0101,04,Bir kaynağın yenilenebilen sayılma ölçütünü (insan ömrü ölçeğinde tükenmeden yeniden oluşması) açıklar.,Bilgi,Anlama,Açıklama ve özetleme,Fiz04MK0100,,Fiz04YG0020,ÇS; AU,3 maddeden en az 2'si doğru,taslak,2026-09-29
Fiz04MK0102,04,Yenilenebilen kaynakların tükenmeme avantajını belirtir.,Bilgi,Anlama,Tanıma ve hatırlama,Fiz04MK0100,,,AU,3 maddeden en az 2'si doğru,taslak,2026-09-29
Fiz04MK0103,04,Yenilenebilen kaynakların sera gazı salımının düşük olduğunu belirtir.,Bilgi,Anlama,Tanıma ve hatırlama,Fiz04MK0100,,,AU,3 maddeden en az 2'si doğru,taslak,2026-10-01
Fiz04MK0104,04,Yenilenebilen kaynakların dışa bağımlılığı azalttığını belirtir.,Bilgi,Anlama,Tanıma ve hatırlama,Fiz04MK0100,,,AU,3 maddeden en az 2'si doğru,taslak,2026-10-01
Fiz04MK0105,04,Yenilenemeyen kaynakların kesintisiz ve yüksek güçte üretim sağladığını belirtir.,Bilgi,Anlama,Tanıma ve hatırlama,Fiz04MK0100,,,AU,3 maddeden en az 2'si doğru,taslak,2026-09-29
Fiz04MK0106,04,Yenilenemeyen kaynakların depolanabildiğini belirtir.,Bilgi,Anlama,Tanıma ve hatırlama,Fiz04MK0100,,,AU,3 maddeden en az 2'si doğru,taslak,2026-10-01
Fiz04MK0107,04,Yenilenemeyen kaynakların yaygın altyapıya sahip olduğunu belirtir.,Bilgi,Anlama,Tanıma ve hatırlama,Fiz04MK0100,,,AU,3 maddeden en az 2'si doğru,taslak,2026-10-01
Fiz04MK0108,04,Yenilenebilen kaynakların üretiminin kesintili olabildiğini belirtir.,Bilgi,Anlama,Tanıma ve hatırlama,Fiz04MK0100,,,AU,3 maddeden en az 2'si doğru,taslak,2026-09-29
Fiz04MK0109,04,Yenilenebilen kaynakların ilk yatırım maliyetinin yüksek olduğunu belirtir.,Bilgi,Anlama,Tanıma ve hatırlama,Fiz04MK0100,,,AU,3 maddeden en az 2'si doğru,taslak,2026-10-01
Fiz04MK0110,04,Yenilenebilen kaynakların arazi ve ekosistem etkisini belirtir.,Bilgi,Anlama,Tanıma ve hatırlama,Fiz04MK0100,,Fiz04YG0021,AU,3 maddeden en az 2'si doğru,taslak,2026-10-01
Fiz04MK0111,04,Yenilenemeyen kaynakların tükenebildiğini belirtir.,Bilgi,Anlama,Tanıma ve hatırlama,Fiz04MK0100,,,AU,3 maddeden en az 2'si doğru,taslak,2026-09-29
Fiz04MK0112,04,Yenilenemeyen kaynakların sera gazı ve hava kirliliğine yol açtığını belirtir.,Bilgi,Anlama,Tanıma ve hatırlama,Fiz04MK0100,,,AU,3 maddeden en az 2'si doğru,taslak,2026-10-01
Fiz04MK0113,04,Nükleer kaynakların radyoaktif atık oluşturduğunu belirtir.,Bilgi,Anlama,Tanıma ve hatırlama,Fiz04MK0100,,,AU,3 maddeden en az 2'si doğru,taslak,2026-10-01
Fiz04MK0114,04,Bir bölge için iki enerji kaynağını avantaj-dezavantaj tablosuyla karşılaştırıp gerekçeli öneride bulunur.,Beceri,Değerlendirme,Sınama ve değerlendirme,Fiz04MK0102; Fiz04MK0103; Fiz04MK0104; Fiz04MK0105; Fiz04MK0106; Fiz04MK0107; Fiz04MK0108; Fiz04MK0109; Fiz04MK0110; Fiz04MK0111; Fiz04MK0112; Fiz04MK0113,,Fiz04YG0021,PG,Rubrikte yeterli ve üstü,taslak,2026-09-29
Fiz04MK0115,04,Farklı yaylarda kuvvet ve uzanımı ölçerek yay sabitini bulmaya yönelik bir deney tasarlar.,Beceri,Yaratma,Üretme ve tasarım,,Fen bilimleri: kuvvet ve esneklik (ön öğrenme),,PG,Rubrikte yeterli ve üstü,taslak,2026-10-01
Fiz04MK0116,04,Farklı yaylar için kuvvet-uzanım grafiklerini çizer.,Beceri,Uygulama,Dönüştürme,Fiz04MK0115,,,AU; PG,3 maddeden en az 2'si doğru; PG'de rubrikte yeterli ve üstü,taslak,2026-10-01
Fiz04MK0117,04,Kuvvet-uzanım grafiklerini analiz ederek eğimi büyük olan yayın daha sert olduğunu yorumlar.,Bilgi,Analiz,Yorumlama,Fiz04MK0116,,,ÇS,3 maddeden en az 2'si doğru,taslak,2026-10-01
Fiz04MK0118,04,Kuvvet ile uzanım arasındaki örüntüden F = k·x (Hooke Yasası) modeline ulaşır.,Beceri,Analiz,Model kurma,Fiz04MK0117,,,AU,3 maddeden en az 2'si doğru,taslak,2026-10-01
Fiz04MK0119,04,"F = k·x modeliyle kuvvet, uzanım ya da yay sabitini hesaplar.",Beceri,Uygulama,Kural uygulama,Fiz04MK0118,,,ÇS; AU,3 maddeden en az 2'si doğru,taslak,2026-10-01
Fiz04MK0120,04,Yay sabitinin yayın malzemesine bağlı olduğu genellemesini yapar.,Bilgi,Analiz,Çıkarım ve ilişkilendirme,Fiz04MK0119,,Fiz04YG0022,ÇS,3 maddeden en az 2'si doğru,taslak,2026-10-01
Fiz04MK0121,04,"Yay sabitinin yayın yapısına (boy, kalınlık, sarım) bağlı olduğu genellemesini yapar.",Bilgi,Analiz,Çıkarım ve ilişkilendirme,Fiz04MK0119,,Fiz04YG0022,ÇS,3 maddeden en az 2'si doğru,taslak,2026-10-01
Fiz04MK0122,04,Esneklik sınırı aşıldığında F = k·x modelinin geçerliliğini yitirdiği çıkarımını yapar.,Bilgi,Analiz,Çıkarım ve ilişkilendirme,Fiz04MK0119,,,ÇS,3 maddeden en az 2'si doğru,taslak,2026-10-01
Fiz04MK0123,04,Kuvvet-uzanım grafiğinin altındaki alandan Ep = ½·k·x² modeline ulaşır.,Beceri,Analiz,Model kurma,Fiz04MK0119; Fiz04MK0058,,,AU,3 maddeden en az 2'si doğru,taslak,2026-10-01
Fiz04MK0124,04,Ep = ½·k·x² modeliyle farklı veri setleri için esneklik potansiyel enerjisini hesaplar.,Beceri,Uygulama,Kural uygulama,Fiz04MK0123,,Fiz04YG0023,ÇS; AU,3 maddeden en az 2'si doğru,taslak,2026-10-01
Fiz04MK0125,04,Esneklik potansiyel enerjisiyle hareket eden bir araç ya da gemi modeli tasarlar.,Beceri,Yaratma,Üretme ve tasarım,Fiz04MK0124,,,PG,Rubrikte yeterli ve üstü,taslak,2026-10-01
Fiz04MK0126,04,Fren yapan araçların durma mesafesini etkileyen etmenleri gözlemler.,Beceri,Uygulama,Gözlem ve kayıt,Fiz02MK0137; Fiz04MK0095,,,PG,Rubrikte yeterli ve üstü,taslak,2026-10-01
Fiz04MK0127,04,Kinetik enerji ile sürtünme kuvvetinin yaptığı iş arasındaki ilişkiden Ws = Fs·Δx = ΔEk modeline ulaşır.,Beceri,Analiz,Model kurma,Fiz04MK0126; Fiz04MK0059,,,AU,3 maddeden en az 2'si doğru,taslak,2026-10-01
Fiz04MK0128,04,Modelle sürtünmeli yüzeyde aracın durma mesafesini hesaplar.,Beceri,Uygulama,Kural uygulama,Fiz04MK0127,,Fiz04YG0024,ÇS; AU,3 maddeden en az 2'si doğru,taslak,2026-10-01
Fiz04MK0129,04,Sürtünme kuvvetinin yaptığı işten ısıya dönüşen enerjiyi hesaplar.,Beceri,Uygulama,Kural uygulama,Fiz04MK0127,,,ÇS,3 maddeden en az 2'si doğru,taslak,2026-10-01
Fiz04MK0130,04,Eğik düzlemden kayan cisimde enerji dönüşümünü açıklar.,Bilgi,Anlama,Açıklama ve özetleme,Fiz04MK0097; Fiz04MK0129,,,ÇS; AU,3 maddeden en az 2'si doğru,taslak,2026-10-01
Fiz04MK0131,04,Eğik düzlemden kayan cisimde enerjinin korunumunu açıklar.,Bilgi,Anlama,Açıklama ve özetleme,Fiz04MK0098; Fiz04MK0129,,,ÇS; AU,3 maddeden en az 2'si doğru,taslak,2026-10-01
Fiz04MK0132,04,"Sürtünmeli ve sürtünmesiz eğik düzlem için yükseklik, hız ve mesafe verilerini kaydeder.",Beceri,Uygulama,Gözlem ve kayıt,Fiz04MK0130; Fiz04MK0131,,,PG,Rubrikte yeterli ve üstü,taslak,2026-10-01
Fiz04MK0133,04,"Kinetik, çekim ve esneklik potansiyel enerjisi ile sürtünme işi modellerini birlikte kullanarak enerjinin korunumunu yorumlar ve değerlendirir.",Beceri,Değerlendirme,Sınama ve değerlendirme,Fiz04MK0132; Fiz04MK0124,,,AU,3 maddeden en az 2'si doğru,taslak,2026-10-01
Fiz04MK0134,04,Verimi sistemden alınan faydalı enerjinin sisteme verilen enerjiye oranı olarak tanımlar.,Bilgi,Anlama,Tanıma ve hatırlama,Fiz04MK0130,,,ÇS,3 maddeden en az 2'si doğru,taslak,2026-10-01
Fiz04MK0135,04,Kayıplar arttıkça verimin azaldığı ilişkisini belirler.,Bilgi,Analiz,Çıkarım ve ilişkilendirme,Fiz04MK0134,,,ÇS,3 maddeden en az 2'si doğru,taslak,2026-10-01
Fiz04MK0136,04,Verimin %100’den büyük olamayacağını belirler.,Bilgi,Analiz,Çıkarım ve ilişkilendirme,Fiz04MK0134,,Fiz04YG0025,ÇS,3 maddeden en az 2'si doğru,taslak,2026-10-01
Fiz04MK0137,04,Makara ve eğik düzlem gibi mekanik sistemlerin verimini hesaplar.,Beceri,Uygulama,Kural uygulama,Fiz04MK0135; Fiz04MK0136,,,ÇS; AU,3 maddeden en az 2'si doğru,taslak,2026-10-01
Fiz04MK0138,04,Verimi artırılmış bir mekanik sistem tasarlar.,Beceri,Yaratma,Üretme ve tasarım,Fiz04MK0137,,,PG,Rubrikte yeterli ve üstü,taslak,2026-10-01
Fiz04MK0139,04,Verimi artıran yöntemleri gerekçelendirir.,Beceri,Değerlendirme,Sınama ve değerlendirme,Fiz04MK0137,,,AU,3 maddeden en az 2'si doğru,taslak,2026-10-01
Fiz05MK0001,05,"Basit elektrik devresinin bileşenlerini (üreteç, iletken tel, direnç, anahtar) gözlemleyerek listeler.",Beceri,Uygulama,Gözlem ve kayıt,,Devre elemanlarının sembollerini tanır (ön öğrenme),,AU; PG,3 maddeden en az 2'si doğru; PG'de rubrikte yeterli ve üstü,taslak,2026-09-29
Fiz05MK0002,05,"Su tesisatının bileşenlerini (pompa, boru, dar boru, vana) gözlemleyerek listeler.",Beceri,Uygulama,Gözlem ve kayıt,,Devre elemanlarının sembollerini tanır (ön öğrenme),,AU; PG,3 maddeden en az 2'si doğru; PG'de rubrikte yeterli ve üstü,taslak,2026-10-01
Fiz05MK0003,05,Üreteci su tesisatındaki pompayla eşleştirir.,Bilgi,Anlama,Tanıma ve hatırlama,Fiz05MK0001; Fiz05MK0002,,,ÇS,3 maddeden en az 2'si doğru,taslak,2026-09-29
Fiz05MK0004,05,Elektrik akımını su akışıyla eşleştirir.,Bilgi,Anlama,Tanıma ve hatırlama,Fiz05MK0001; Fiz05MK0002,,,ÇS,3 maddeden en az 2'si doğru,taslak,2026-10-01
Fiz05MK0005,05,Potansiyel farkı basınç farkıyla eşleştirir.,Bilgi,Anlama,Tanıma ve hatırlama,Fiz05MK0001; Fiz05MK0002,,,ÇS,3 maddeden en az 2'si doğru,taslak,2026-10-01
Fiz05MK0006,05,Direnci dar boruyla eşleştirir.,Bilgi,Anlama,Tanıma ve hatırlama,Fiz05MK0001; Fiz05MK0002,,,ÇS,3 maddeden en az 2'si doğru,taslak,2026-10-01
Fiz05MK0007,05,Anahtarı vanayla eşleştirir.,Bilgi,Anlama,Tanıma ve hatırlama,Fiz05MK0001; Fiz05MK0002,,,ÇS,3 maddeden en az 2'si doğru,taslak,2026-10-01
Fiz05MK0008,05,"Analojinin sınırlarını tespit eder (ör. yüklerin telde zaten bulunması, devrenin kapalı olma zorunluluğu).",Bilgi,Analiz,Çıkarım ve ilişkilendirme,Fiz05MK0003; Fiz05MK0004; Fiz05MK0005; Fiz05MK0006; Fiz05MK0007,,Fiz05YG0001,AU,3 maddeden en az 2'si doğru,taslak,2026-09-29
Fiz05MK0009,05,"Potansiyel farkı, yükleri devrede hareket ettiren etki (basınç farkı benzeri) olarak tanımlar.",Bilgi,Anlama,Tanıma ve hatırlama,Fiz05MK0003; Fiz05MK0005,,Fiz05YG0002,ÇS,3 maddeden en az 2'si doğru,taslak,2026-09-29
Fiz05MK0010,05,Elektrik akımını birim zamanda iletken kesitinden geçen yük miktarı (su akışı benzeri) olarak tanımlar.,Bilgi,Anlama,Tanıma ve hatırlama,Fiz05MK0004,,Fiz05YG0001,ÇS,3 maddeden en az 2'si doğru,taslak,2026-09-29
Fiz05MK0011,05,Direnci iletkenin akıma karşı gösterdiği zorluk (dar boru benzeri) olarak tanımlar.,Bilgi,Anlama,Tanıma ve hatırlama,Fiz05MK0006,,,ÇS,3 maddeden en az 2'si doğru,taslak,2026-09-29
Fiz05MK0012,05,"Akım, potansiyel fark ve direnç kavramlarını birbirinden ayırt eder.",Bilgi,Anlama,Ayırt etme ve sınıflama,Fiz05MK0009; Fiz05MK0010; Fiz05MK0011,,Fiz05YG0002,ÇS,3 maddeden en az 2'si doğru,taslak,2026-09-29
Fiz05MK0013,05,Akımın birimini (amper) belirtir.,Bilgi,Hatırlama,Tanıma ve hatırlama,Fiz05MK0010,,,ÇS,3 maddeden en az 2'si doğru,taslak,2026-10-01
Fiz05MK0014,05,Potansiyel farkın birimini (volt) belirtir.,Bilgi,Hatırlama,Tanıma ve hatırlama,Fiz05MK0009,,,ÇS,3 maddeden en az 2'si doğru,taslak,2026-10-01
Fiz05MK0015,05,Direncin birimini (ohm) belirtir.,Bilgi,Hatırlama,Tanıma ve hatırlama,Fiz05MK0011,,,ÇS,3 maddeden en az 2'si doğru,taslak,2026-10-01
Fiz05MK0016,05,Elektrik akımının oluşması için devrenin kapalı olması gerektiğini belirtir.,Bilgi,Anlama,Tanıma ve hatırlama,Fiz05MK0010; Fiz05MK0007,,Fiz05YG0001,ÇS,3 maddeden en az 2'si doğru,taslak,2026-09-29
Fiz05MK0017,05,Elektrik akımının oluşması için potansiyel fark gerektiğini belirtir.,Bilgi,Anlama,Tanıma ve hatırlama,Fiz05MK0009,,Fiz05YG0001,ÇS,3 maddeden en az 2'si doğru,taslak,2026-10-01
Fiz05MK0018,05,Akımın kesitten geçen yük miktarına bağlı olduğunu belirler.,Bilgi,Anlama,Açıklama ve özetleme,Fiz05MK0010,,,ÇS,3 maddeden en az 2'si doğru,taslak,2026-09-29
Fiz05MK0019,05,Akımın yükün geçme süresine bağlı olduğunu belirler.,Bilgi,Anlama,Açıklama ve özetleme,Fiz05MK0010,,,ÇS,3 maddeden en az 2'si doğru,taslak,2026-10-01
Fiz05MK0020,05,"I = q / t modelini kullanarak akım, yük ya da süreyi hesaplar.",Beceri,Uygulama,Kural uygulama,Fiz05MK0018; Fiz05MK0019,,,ÇS,3 maddeden en az 2'si doğru,taslak,2026-09-29
Fiz05MK0021,05,Metal iletkende akımı elektronların hareketiyle açıklar.,Bilgi,Anlama,Açıklama ve özetleme,Fiz05MK0010,,,ÇS,3 maddeden en az 2'si doğru,taslak,2026-09-29
Fiz05MK0022,05,Geleneksel akım yönünü elektron hareketinin tersi olarak belirtir.,Bilgi,Hatırlama,Tanıma ve hatırlama,Fiz05MK0021,,Fiz05YG0003,ÇS,3 maddeden en az 2'si doğru,taslak,2026-10-01
Fiz05MK0023,05,Ampermetreyi devreye seri bağlar.,Beceri,Uygulama,Beceri uygulama,Fiz05MK0012; Fiz05MK0013,,Fiz05YG0004,PG; ÇS,3 maddeden en az 2'si doğru; PG'de rubrikte yeterli ve üstü,taslak,2026-09-29
Fiz05MK0024,05,Voltmetreyi devreye paralel bağlar.,Beceri,Uygulama,Beceri uygulama,Fiz05MK0012; Fiz05MK0014,,Fiz05YG0004,PG; ÇS,3 maddeden en az 2'si doğru; PG'de rubrikte yeterli ve üstü,taslak,2026-10-01
Fiz05MK0025,05,Ampermetrenin neden seri bağlandığını açıklar.,Bilgi,Anlama,Açıklama ve özetleme,Fiz05MK0012; Fiz05MK0013,,,ÇS,3 maddeden en az 2'si doğru,taslak,2026-10-01
Fiz05MK0026,05,Voltmetrenin neden paralel bağlandığını açıklar.,Bilgi,Anlama,Açıklama ve özetleme,Fiz05MK0012; Fiz05MK0014,,,ÇS,3 maddeden en az 2'si doğru,taslak,2026-10-01
Fiz05MK0027,05,Sabit dirençli bir devrede potansiyel farkı değiştirerek karşılık gelen akım değerlerini ölçer ve tabloya kaydeder.,Beceri,Uygulama,Gözlem ve kayıt,Fiz05MK0023; Fiz05MK0024,,,PG,Rubrikte yeterli ve üstü,taslak,2026-09-29
Fiz05MK0028,05,Ölçüm verilerinden potansiyel fark-akım grafiğini çizer.,Beceri,Uygulama,Dönüştürme,Fiz05MK0027,,,AU; PG,3 maddeden en az 2'si doğru; PG'de rubrikte yeterli ve üstü,taslak,2026-09-29
Fiz05MK0029,05,Potansiyel fark-akım grafiğinden doğrusal ilişkiyi belirler.,Bilgi,Analiz,Yorumlama,Fiz05MK0028,,,ÇS,3 maddeden en az 2'si doğru,taslak,2026-10-01
Fiz05MK0030,05,Potansiyel fark-akım grafiğinin eğiminden direnci bulur.,Beceri,Uygulama,Kural uygulama,Fiz05MK0029,,,ÇS,3 maddeden en az 2'si doğru,taslak,2026-09-29
Fiz05MK0031,05,Grafikten V = I·R modeline ulaşır.,Beceri,Uygulama,Model kurma,Fiz05MK0029; Fiz05MK0030,,,ÇS,3 maddeden en az 2'si doğru,taslak,2026-10-01
Fiz05MK0032,05,"V = I·R ile bilinmeyen niceliği (potansiyel fark, akım ya da direnç) hesaplar.",Beceri,Uygulama,Kural uygulama,Fiz05MK0031,,,ÇS,3 maddeden en az 2'si doğru,taslak,2026-09-29
Fiz05MK0033,05,Direnç sabitken akımın potansiyel farkla doğru orantılı olduğu genellemesini yapar.,Bilgi,Analiz,Çıkarım ve ilişkilendirme,Fiz05MK0031,,,ÇS; AU,3 maddeden en az 2'si doğru,taslak,2026-09-29
Fiz05MK0034,05,"Direncin potansiyel farka bağlı olmadığı, iletkenin yapısına bağlı olduğu genellemesini yapar.",Bilgi,Analiz,Çıkarım ve ilişkilendirme,Fiz05MK0030; Fiz05MK0031,,Fiz05YG0005,ÇS; AU,3 maddeden en az 2'si doğru,taslak,2026-10-01
Fiz05MK0035,05,"Devre şemasında seri bağlı dirençleri, akımın izleyebileceği tek yol olmasından tanır.",Bilgi,Anlama,Tanıma ve hatırlama,,Devre elemanlarının sembollerini tanır (ön öğrenme),Fiz05YG0006,ÇS,3 maddeden en az 2'si doğru,taslak,2026-09-29
Fiz05MK0036,05,"Devre şemasında paralel bağlı dirençleri, uçlarının aynı iki noktaya bağlı olmasından tanır.",Bilgi,Anlama,Tanıma ve hatırlama,,Devre elemanlarının sembollerini tanır (ön öğrenme),Fiz05YG0006,ÇS,3 maddeden en az 2'si doğru,taslak,2026-09-29
Fiz05MK0037,05,Birleşik bir devreyi seri ve paralel alt gruplarına ayırır.,Beceri,Analiz,Ayırt etme ve sınıflama,Fiz05MK0035; Fiz05MK0036,,Fiz05YG0006,ÇS; AU,3 maddeden en az 2'si doğru,taslak,2026-09-29
Fiz05MK0038,05,Kısa devre olan direnci belirler ve devreden çıkarır.,Beceri,Analiz,Yorumlama,Fiz05MK0036; Fiz05MK0011,,Fiz05YG0007,ÇS,3 maddeden en az 2'si doğru,taslak,2026-09-29
Fiz05MK0039,05,Verilen üç direnci farklı bağlama biçimleriyle şematik olarak çizer.,Beceri,Uygulama,Dönüştürme,Fiz05MK0035; Fiz05MK0036,,,AU; PG,3 maddeden en az 2'si doğru; PG'de rubrikte yeterli ve üstü,taslak,2026-09-29
Fiz05MK0040,05,Seri devrede her dirençten geçen akımı ve üreteç akımını ölçüp tabloya kaydeder.,Beceri,Uygulama,Gözlem ve kayıt,Fiz05MK0023; Fiz05MK0035,,Fiz05YG0008,PG,Rubrikte yeterli ve üstü,taslak,2026-09-29
Fiz05MK0041,05,Paralel devrede kol akımlarını ve ana kol akımını ölçüp tabloya kaydeder.,Beceri,Uygulama,Gözlem ve kayıt,Fiz05MK0023; Fiz05MK0036,,,PG,Rubrikte yeterli ve üstü,taslak,2026-09-29
Fiz05MK0042,05,Ölçülen üreteç gerilimi ve ana kol akımından eşdeğer direnci Reş = V / I ile bulur.,Beceri,Uygulama,Kural uygulama,Fiz05MK0032; Fiz05MK0040; Fiz05MK0041,,,AU; PG,3 maddeden en az 2'si doğru; PG'de rubrikte yeterli ve üstü,taslak,2026-09-29
Fiz05MK0043,05,Seri devre verisinden akımın her dirençte aynı olduğu sonucunu çıkarır.,Bilgi,Analiz,Çıkarım ve ilişkilendirme,Fiz05MK0040,,Fiz05YG0008,ÇS; AU,3 maddeden en az 2'si doğru,taslak,2026-09-29
Fiz05MK0044,05,Paralel devre verisinden ana kol akımının kol akımları toplamına eşit olduğu sonucunu çıkarır.,Bilgi,Analiz,Çıkarım ve ilişkilendirme,Fiz05MK0041,,,ÇS; AU,3 maddeden en az 2'si doğru,taslak,2026-09-29
Fiz05MK0045,05,Seri bağlamada Reş = R1 + R2 + ... modelini veriyle test eder.,Beceri,Analiz,Sınama ve değerlendirme,Fiz05MK0042; Fiz05MK0043,,,AU,3 maddeden en az 2'si doğru,taslak,2026-09-29
Fiz05MK0046,05,Seri bağlamada Reş’in en büyük dirençten büyük olduğunu açıklar.,Bilgi,Anlama,Açıklama ve özetleme,Fiz05MK0042; Fiz05MK0043,,,ÇS,3 maddeden en az 2'si doğru,taslak,2026-10-01
Fiz05MK0047,05,Paralel bağlamada 1/Reş = 1/R1 + 1/R2 + ... modelini veriyle test eder.,Beceri,Analiz,Sınama ve değerlendirme,Fiz05MK0042; Fiz05MK0044,,Fiz05YG0009,AU,3 maddeden en az 2'si doğru,taslak,2026-09-29
Fiz05MK0048,05,Paralel bağlamada Reş’in en küçük dirençten küçük olduğunu açıklar.,Bilgi,Anlama,Açıklama ve özetleme,Fiz05MK0042; Fiz05MK0044,,Fiz05YG0010,ÇS,3 maddeden en az 2'si doğru,taslak,2026-10-01
Fiz05MK0049,05,n özdeş direnç seri bağlıyken Reş = n·R kısa yolunu kullanır.,Beceri,Uygulama,Kural uygulama,Fiz05MK0045; Fiz05MK0046,,,ÇS,3 maddeden en az 2'si doğru,taslak,2026-09-29
Fiz05MK0050,05,n özdeş direnç paralel bağlıyken Reş = R/n kısa yolunu kullanır.,Beceri,Uygulama,Kural uygulama,Fiz05MK0047; Fiz05MK0048,,Fiz05YG0009,ÇS,3 maddeden en az 2'si doğru,taslak,2026-10-01
Fiz05MK0051,05,Birleşik devrenin eşdeğer direncini adım adım indirgeyerek hesaplar.,Beceri,Uygulama,Kural uygulama,Fiz05MK0037; Fiz05MK0038; Fiz05MK0045; Fiz05MK0047,,Fiz05YG0007; Fiz05YG0009,ÇS; AU,3 maddeden en az 2'si doğru,taslak,2026-09-29
Fiz05MK0052,05,Devreye seri direnç eklemenin eşdeğer direnci artırdığını gerekçesiyle tahmin eder.,Bilgi,Değerlendirme,Transfer ve problem çözme,Fiz05MK0045; Fiz05MK0046,,,ÇS; AU,3 maddeden en az 2'si doğru,taslak,2026-09-29
Fiz05MK0053,05,Devreye seri direnç eklemenin ana kol akımını azalttığını gerekçesiyle tahmin eder.,Bilgi,Değerlendirme,Transfer ve problem çözme,Fiz05MK0045; Fiz05MK0046,,,ÇS; AU,3 maddeden en az 2'si doğru,taslak,2026-10-01
Fiz05MK0054,05,Devreye paralel direnç eklemenin eşdeğer direnci azalttığını gerekçesiyle tahmin eder.,Bilgi,Değerlendirme,Transfer ve problem çözme,Fiz05MK0047; Fiz05MK0048,,Fiz05YG0010,ÇS; AU,3 maddeden en az 2'si doğru,taslak,2026-10-01
Fiz05MK0055,05,Devreye paralel direnç eklemenin ana kol akımını artırdığını gerekçesiyle tahmin eder.,Bilgi,Değerlendirme,Transfer ve problem çözme,Fiz05MK0047; Fiz05MK0048,,,ÇS; AU,3 maddeden en az 2'si doğru,taslak,2026-10-01
Fiz05MK0056,05,Hesaplanan eşdeğer dirençle ana kol akımını I = V / Reş ile tahmin eder.,Beceri,Uygulama,Kural uygulama,Fiz05MK0032; Fiz05MK0051,,,ÇS,3 maddeden en az 2'si doğru,taslak,2026-09-29
Fiz05MK0057,05,Tahmin ettiği akımı ölçümle karşılaştırarak hipotezini değerlendirir.,Beceri,Uygulama,Sınama ve değerlendirme,Fiz05MK0056,,,ÇS,3 maddeden en az 2'si doğru,taslak,2026-10-01
Fiz05MK0058,05,Devre şemasında seri bağlı üreteçleri (birinin + ucu diğerinin − ucuna bağlı) tanır.,Bilgi,Anlama,Tanıma ve hatırlama,,Devre elemanlarının sembollerini tanır (ön öğrenme),,ÇS,3 maddeden en az 2'si doğru,taslak,2026-09-29
Fiz05MK0059,05,Devre şemasında paralel bağlı özdeş üreteçleri (aynı işaretli uçları aynı noktaya bağlı) tanır.,Bilgi,Anlama,Tanıma ve hatırlama,,Devre elemanlarının sembollerini tanır (ön öğrenme),,ÇS,3 maddeden en az 2'si doğru,taslak,2026-09-29
Fiz05MK0060,05,Seri bağlamada ters bağlanmış üreteci tanır.,Bilgi,Anlama,Tanıma ve hatırlama,Fiz05MK0058,,Fiz05YG0011,ÇS,3 maddeden en az 2'si doğru,taslak,2026-09-29
Fiz05MK0061,05,Seri ve paralel bağlı üreteçlerin uçları arasındaki potansiyel farkı voltmetreyle ölçüp tabloya kaydeder.,Beceri,Uygulama,Gözlem ve kayıt,Fiz05MK0058; Fiz05MK0059; Fiz05MK0024,,,PG,Rubrikte yeterli ve üstü,taslak,2026-09-29
Fiz05MK0062,05,Seri bağlı üreteçlerde toplam potansiyel farkın potansiyel farklar toplamına eşit olduğunu verilerle çıkarır.,Bilgi,Analiz,Çıkarım ve ilişkilendirme,Fiz05MK0061,,,ÇS; AU,3 maddeden en az 2'si doğru,taslak,2026-09-29
Fiz05MK0063,05,Seri bağlamada ters bağlanan üretecin potansiyel farkının toplamdan çıkarıldığını verilerle çıkarır.,Bilgi,Analiz,Çıkarım ve ilişkilendirme,Fiz05MK0061; Fiz05MK0060,,Fiz05YG0011,ÇS; AU,3 maddeden en az 2'si doğru,taslak,2026-10-01
Fiz05MK0064,05,Paralel bağlı özdeş üreteçlerin toplam potansiyel farkının tek bir üretecinkine eşit olduğunu verilerle çıkarır.,Bilgi,Analiz,Çıkarım ve ilişkilendirme,Fiz05MK0061,,Fiz05YG0012,ÇS,3 maddeden en az 2'si doğru,taslak,2026-09-29
Fiz05MK0065,05,Üreteçlerin bağlanma türüne göre devre akımını V = I·R ile hesaplar.,Beceri,Uygulama,Kural uygulama,Fiz05MK0062; Fiz05MK0063; Fiz05MK0064; Fiz05MK0032,,Fiz05YG0012; Fiz05YG0011,ÇS,3 maddeden en az 2'si doğru,taslak,2026-09-29
Fiz05MK0066,05,Paralel bağlı özdeş üreteçlerin tek üretece göre daha uzun süre kullanılabildiğini değerlendirir.,Bilgi,Değerlendirme,Sınama ve değerlendirme,Fiz05MK0064,,Fiz05YG0012,AU,3 maddeden en az 2'si doğru,taslak,2026-09-29
Fiz05MK0067,05,"Elektrik güvenliği konusunda bilgiye ulaşmak için güvenilir araçları (resmî kurum yayınları, ders kitabı, uzman görüşü, bilimsel kaynaklar) belirler.",Beceri,Uygulama,Ayırt etme ve sınıflama,,Bilgi kaynaklarının güvenilirliğini ayırt eder (sınıflar üstü araştırma becerisi),,PG,Rubrikte yeterli ve üstü,taslak,2026-09-29
Fiz05MK0068,05,Kısa devrede direncin çok küçülmesi nedeniyle akımın çok büyüdüğünü açıklar.,Bilgi,Anlama,Açıklama ve özetleme,Fiz05MK0032; Fiz05MK0038,,,ÇS,3 maddeden en az 2'si doğru,taslak,2026-09-29
Fiz05MK0069,05,Kısa devrede büyüyen akımın ısınma ve yangın tehlikesi oluşturduğunu açıklar.,Bilgi,Anlama,Açıklama ve özetleme,Fiz05MK0068,,,ÇS,3 maddeden en az 2'si doğru,taslak,2026-10-01
Fiz05MK0070,05,Vücuttan geçen akımın etkisinin akım şiddetine bağlı olduğunu açıklar.,Bilgi,Anlama,Açıklama ve özetleme,Fiz05MK0010,,Fiz05YG0013,ÇS,3 maddeden en az 2'si doğru,taslak,2026-09-29
Fiz05MK0071,05,Vücuttan geçen akımın etkisinin akımın geçme süresine bağlı olduğunu açıklar.,Bilgi,Anlama,Açıklama ve özetleme,Fiz05MK0010,,Fiz05YG0013,ÇS,3 maddeden en az 2'si doğru,taslak,2026-10-01
Fiz05MK0072,05,Vücuttan geçen akımın etkisinin akımın vücutta izlediği yola bağlı olduğunu açıklar.,Bilgi,Anlama,Açıklama ve özetleme,Fiz05MK0010,,Fiz05YG0013,ÇS,3 maddeden en az 2'si doğru,taslak,2026-10-01
Fiz05MK0073,05,"Belirlediği araçlarla elektrik çarpması, kısa devre, aşırı akım ve yangın tehlikelerine ilişkin bilgileri bulur.",Beceri,Uygulama,Gözlem ve kayıt,Fiz05MK0067,,,PG,Rubrikte yeterli ve üstü,taslak,2026-09-29
Fiz05MK0074,05,Sigortanın aşırı akımda devreyi keserek koruma işlevini açıklar.,Bilgi,Anlama,Açıklama ve özetleme,Fiz05MK0068; Fiz05MK0069,,Fiz05YG0014,ÇS,3 maddeden en az 2'si doğru,taslak,2026-09-29
Fiz05MK0075,05,Kaçak akım rölesinin kaçak akımda devreyi keserek koruma işlevini açıklar.,Bilgi,Anlama,Açıklama ve özetleme,Fiz05MK0070; Fiz05MK0079,,Fiz05YG0014,ÇS,3 maddeden en az 2'si doğru,taslak,2026-10-01
Fiz05MK0076,05,Yalıtımın akımın istenmeyen yola geçmesini önleme işlevini açıklar.,Bilgi,Anlama,Açıklama ve özetleme,Fiz05MK0011; Fiz05MK0070,,,ÇS,3 maddeden en az 2'si doğru,taslak,2026-10-01
Fiz05MK0077,05,Bulduğu bilgileri en az iki bağımsız ve güvenilir kaynakla karşılaştırarak doğrular.,Beceri,Değerlendirme,Sınama ve değerlendirme,Fiz05MK0073,,,PG,Rubrikte yeterli ve üstü,taslak,2026-09-29
Fiz05MK0078,05,"Doğrulanmış önlemleri kaynaklarıyla birlikte düzenli biçimde (tablo, afiş, broşür) kaydeder.",Beceri,Uygulama,Dönüştürme,Fiz05MK0077,,,PG,Rubrikte yeterli ve üstü,taslak,2026-09-29
Fiz05MK0079,05,"Topraklamayı, cihazın metal gövdesinin iletkenle toprağa bağlanarak kaçak yüklerin toprağa aktarılması olarak tanımlar.",Bilgi,Anlama,Tanıma ve hatırlama,Fiz05MK0016; Fiz05MK0017,,Fiz05YG0015,ÇS,3 maddeden en az 2'si doğru,taslak,2026-09-29
Fiz05MK0080,05,Priz ve fişte toprak hattını faz ve nötr hatlarından ayırt eder.,Bilgi,Anlama,Ayırt etme ve sınıflama,Fiz05MK0079,,Fiz05YG0016,ÇS,3 maddeden en az 2'si doğru,taslak,2026-09-29
Fiz05MK0081,05,Topraklamanın önemine ilişkin araştırılabilir sorular sorar.,Beceri,Uygulama,Çıkarım ve ilişkilendirme,Fiz05MK0079,,,PG,Rubrikte yeterli ve üstü,taslak,2026-09-29
Fiz05MK0082,05,Topraklamanın işlevi ve uygulamasına ilişkin güvenilir kaynaklardan bilgi toplar.,Beceri,Uygulama,Gözlem ve kayıt,Fiz05MK0081,,,PG,Rubrikte yeterli ve üstü,taslak,2026-09-29
Fiz05MK0083,05,Topraklamayla ilgili bilgilerin doğruluğunu kaynağın güvenilirliği ve fiziksel tutarlılık açısından değerlendirir.,Beceri,Değerlendirme,Sınama ve değerlendirme,Fiz05MK0082,,,PG,Rubrikte yeterli ve üstü,taslak,2026-09-29
Fiz05MK0084,05,Kaçak akımda topraklamanın akımı insan yerine düşük dirençli toprak hattından geçirdiğini açıklayarak can güvenliği için önemini çıkarır.,Bilgi,Analiz,Çıkarım ve ilişkilendirme,Fiz05MK0079; Fiz05MK0070; Fiz05MK0071; Fiz05MK0072,,Fiz05YG0015,AU,3 maddeden en az 2'si doğru,taslak,2026-09-29
Fiz05MK0085,05,Paratoner ile cihaz topraklamasının ortak ilkesini (yüklerin düşük dirençli yolla toprağa aktarılması) açıklar.,Bilgi,Analiz,Çıkarım ve ilişkilendirme,Fiz05MK0084,,Fiz05YG0015,AU,3 maddeden en az 2'si doğru,taslak,2026-09-29
Fiz05MK0086,05,Aynı cins yüklerin birbirini ittiğini belirtir.,Bilgi,Hatırlama,Tanıma ve hatırlama,,Elektrik yükleri ve elektriklenme (fen bilimleri ön öğrenmesi),,ÇS,3 maddeden en az 2'si doğru,taslak,2026-10-01
Fiz05MK0087,05,Zıt cins yüklerin birbirini çektiğini belirtir.,Bilgi,Hatırlama,Tanıma ve hatırlama,,Elektrik yükleri ve elektriklenme (fen bilimleri ön öğrenmesi),,ÇS,3 maddeden en az 2'si doğru,taslak,2026-10-01
Fiz05MK0088,05,Simülasyon verilerinden elektriksel kuvvetin yüklerin çarpımıyla doğru orantılı olduğunu keşfeder.,Bilgi,Analiz,Çıkarım ve ilişkilendirme,Fiz05MK0086; Fiz05MK0087,,,ÇS; AU,3 maddeden en az 2'si doğru,taslak,2026-10-01
Fiz05MK0089,05,Simülasyon verilerinden elektriksel kuvvetin uzaklığın karesiyle ters orantılı olduğunu keşfeder.,Bilgi,Analiz,Çıkarım ve ilişkilendirme,Fiz05MK0086; Fiz05MK0087,,Fiz05YG0017,ÇS; AU,3 maddeden en az 2'si doğru,taslak,2026-10-01
Fiz05MK0090,05,Keşfettiği ilişkiyi F = k·q₁·q₂/d² (Coulomb Yasası) modeli olarak ifade eder.,Beceri,Analiz,Model kurma,Fiz05MK0088; Fiz05MK0089,,,AU,3 maddeden en az 2'si doğru,taslak,2026-10-01
Fiz05MK0091,05,Coulomb Yasası’ndan yük değiştiğinde kuvvetin nasıl değişeceğini genelleştirir.,Bilgi,Analiz,Çıkarım ve ilişkilendirme,Fiz05MK0090,,Fiz05YG0018,ÇS,3 maddeden en az 2'si doğru,taslak,2026-10-01
Fiz05MK0092,05,Coulomb Yasası’ndan uzaklık değiştiğinde kuvvetin nasıl değişeceğini genelleştirir.,Bilgi,Analiz,Çıkarım ve ilişkilendirme,Fiz05MK0090,,Fiz05YG0017,ÇS,3 maddeden en az 2'si doğru,taslak,2026-10-01
Fiz05MK0093,05,Elektriksel alanı yükün çevresinde başka yüklere kuvvet uyguladığı bölge olarak tanımlar.,Bilgi,Anlama,Tanıma ve hatırlama,Fiz05MK0086; Fiz05MK0087,,Fiz05YG0019,ÇS,3 maddeden en az 2'si doğru,taslak,2026-10-01
Fiz05MK0094,05,Verilerden elektriksel alanın E = k·q/d² modeline ulaşır.,Beceri,Analiz,Model kurma,Fiz05MK0093; Fiz05MK0090,,,AU,3 maddeden en az 2'si doğru,taslak,2026-10-01
Fiz05MK0095,05,Modelden elektriksel alanın yükle nasıl değiştiğini genelleştirir.,Bilgi,Analiz,Çıkarım ve ilişkilendirme,Fiz05MK0094,,,ÇS,3 maddeden en az 2'si doğru,taslak,2026-10-01
Fiz05MK0096,05,Modelden elektriksel alanın uzaklıkla nasıl değiştiğini genelleştirir.,Bilgi,Analiz,Çıkarım ve ilişkilendirme,Fiz05MK0094,,,ÇS,3 maddeden en az 2'si doğru,taslak,2026-10-01
Fiz05MK0097,05,Elektriksel alanın pozitif yükten dışa doğru yöneldiğini alan çizgileriyle gösterir.,Beceri,Uygulama,Dönüştürme,Fiz05MK0094,,Fiz05YG0019,ÇS,3 maddeden en az 2'si doğru,taslak,2026-10-01
Fiz05MK0098,05,Elektriksel alanın negatif yüke doğru yöneldiğini alan çizgileriyle gösterir.,Beceri,Uygulama,Dönüştürme,Fiz05MK0094,,Fiz05YG0019,ÇS,3 maddeden en az 2'si doğru,taslak,2026-10-01
Fiz05MK0099,05,"Faraday kafesi ve kullanım alanları (uçak, araba, MR odası, asansör) hakkında güvenilir kaynaklardan bilgi bulur.",Beceri,Uygulama,Gözlem ve kayıt,Fiz05MK0093,,,PG,Rubrikte yeterli ve üstü,taslak,2026-10-01
Fiz05MK0100,05,Faraday kafesiyle ilgili bilgileri en az iki güvenilir kaynakla karşılaştırarak doğrular.,Beceri,Değerlendirme,Sınama ve değerlendirme,Fiz05MK0099,,,PG,Rubrikte yeterli ve üstü,taslak,2026-10-01
Fiz05MK0101,05,İletken kafesin içindeki cisimlerin dışarıdaki elektriksel etkilerden korunduğunu açıklar.,Bilgi,Anlama,Açıklama ve özetleme,Fiz05MK0100,,Fiz05YG0020,ÇS; AU,3 maddeden en az 2'si doğru,taslak,2026-10-01
Fiz05MK0102,05,"Doğrulanmış bilgileri kaynaklarıyla birlikte düzenli biçimde (tablo, bilgi görseli) kaydeder.",Beceri,Uygulama,Dönüştürme,Fiz05MK0100,,,PG,Rubrikte yeterli ve üstü,taslak,2026-10-01
Fiz05MK0103,05,Mıknatısın kuzey ve güney kutuplarını belirtir.,Bilgi,Anlama,Tanıma ve hatırlama,,Mıknatıs ve kutupları (fen bilimleri ön öğrenmesi),Fiz05YG0021,ÇS,3 maddeden en az 2'si doğru,taslak,2026-10-01
Fiz05MK0104,05,Aynı kutupların birbirini ittiğini belirtir.,Bilgi,Anlama,Tanıma ve hatırlama,,Mıknatıs ve kutupları (fen bilimleri ön öğrenmesi),,ÇS,3 maddeden en az 2'si doğru,taslak,2026-10-01
Fiz05MK0105,05,Zıt kutupların birbirini çektiğini belirtir.,Bilgi,Anlama,Tanıma ve hatırlama,,Mıknatıs ve kutupları (fen bilimleri ön öğrenmesi),,ÇS,3 maddeden en az 2'si doğru,taslak,2026-10-01
Fiz05MK0106,05,Demir tozu ya da pusulayla mıknatıs çevresindeki manyetik alan çizgilerini gözlemleyip çizerek kaydeder.,Beceri,Uygulama,Gözlem ve kayıt,Fiz05MK0103; Fiz05MK0104; Fiz05MK0105,,,PG,Rubrikte yeterli ve üstü,taslak,2026-10-01
Fiz05MK0107,05,Mıknatısların etkileşimini alan çizgilerinin yönüyle açıklar.,Bilgi,Anlama,Açıklama ve özetleme,Fiz05MK0106,,,AU,3 maddeden en az 2'si doğru,taslak,2026-10-01
Fiz05MK0108,05,Manyetik alanın şiddetini alan çizgilerinin sıklığıyla açıklar.,Bilgi,Anlama,Açıklama ve özetleme,Fiz05MK0106,,,AU,3 maddeden en az 2'si doğru,taslak,2026-10-01
Fiz05MK0109,05,Dünya'nın manyetik alanını alan çizgilerinin yönüyle açıklar.,Bilgi,Anlama,Açıklama ve özetleme,Fiz05MK0107; Fiz05MK0108,,,ÇS,3 maddeden en az 2'si doğru,taslak,2026-10-01
Fiz05MK0110,05,Pusulanın çalışma ilkesini pusula iğnesinin Dünya'nın manyetik alanıyla etkileşimi üzerinden açıklar.,Bilgi,Anlama,Açıklama ve özetleme,Fiz05MK0109; Fiz05MK0103; Fiz05MK0105,,,ÇS,3 maddeden en az 2'si doğru,taslak,2026-10-01
Fiz05MK0111,05,Akım geçen düz telin manyetik alanının akımla doğru orantılı olduğunu keşfeder.,Bilgi,Analiz,Çıkarım ve ilişkilendirme,Fiz05MK0108; Fiz05MK0010,,,ÇS; AU,3 maddeden en az 2'si doğru,taslak,2026-10-01
Fiz05MK0112,05,Akım geçen düz telin manyetik alanının uzaklıkla ters orantılı olduğunu keşfeder.,Bilgi,Analiz,Çıkarım ve ilişkilendirme,Fiz05MK0108; Fiz05MK0010,,,ÇS; AU,3 maddeden en az 2'si doğru,taslak,2026-10-01
Fiz05MK0113,05,İlişkiyi B = k·2I/d modeli olarak ifade eder.,Beceri,Analiz,Model kurma,Fiz05MK0111; Fiz05MK0112,,,AU,3 maddeden en az 2'si doğru,taslak,2026-10-01
Fiz05MK0114,05,Sağ el kuralıyla akım geçen düz telin manyetik alanının yönünü belirler.,Beceri,Uygulama,Kural uygulama,Fiz05MK0106; Fiz05MK0010,,,ÇS,3 maddeden en az 2'si doğru,taslak,2026-10-01
Fiz05MK0115,05,Modelden akım değiştiğinde manyetik alanın değişimini genelleştirir.,Bilgi,Analiz,Çıkarım ve ilişkilendirme,Fiz05MK0113,,,ÇS,3 maddeden en az 2'si doğru,taslak,2026-10-01
Fiz05MK0116,05,Modelden uzaklık değiştiğinde manyetik alanın değişimini genelleştirir.,Bilgi,Analiz,Çıkarım ve ilişkilendirme,Fiz05MK0113,,,ÇS,3 maddeden en az 2'si doğru,taslak,2026-10-01
Fiz05MK0117,05,Akım makarasının merkez ekseninde manyetik alanın akım ve birim uzunluktaki sarım sayısıyla doğru orantılı olduğu modele ulaşır.,Beceri,Analiz,Model kurma,Fiz05MK0115; Fiz05MK0116,,,AU,3 maddeden en az 2'si doğru,taslak,2026-10-01
Fiz05MK0118,05,Akım makarasının mıknatıs gibi kutuplandığı genellemesini yapar.,Bilgi,Analiz,Çıkarım ve ilişkilendirme,Fiz05MK0117; Fiz05MK0103,,,ÇS,3 maddeden en az 2'si doğru,taslak,2026-10-01
Fiz05MK0119,05,Sağ el kuralıyla akım makarasının kutuplarını belirler.,Beceri,Uygulama,Kural uygulama,Fiz05MK0118; Fiz05MK0114,,,ÇS,3 maddeden en az 2'si doğru,taslak,2026-10-01
Fiz05MK0120,05,"Elektromıknatısların kullanım alanları (hurdalık vinci, MR, maglev, zil, hoparlör) hakkında güvenilir kaynaklardan bilgi bulur.",Beceri,Uygulama,Gözlem ve kayıt,Fiz05MK0118; Fiz05MK0119,,,PG,Rubrikte yeterli ve üstü,taslak,2026-10-01
Fiz05MK0121,05,Elektromıknatıslarla ilgili bilgilerin doğruluğunu kaynağın güvenilirliği ve fiziksel tutarlılık açısından belirler.,Beceri,Değerlendirme,Sınama ve değerlendirme,Fiz05MK0120,,,PG,Rubrikte yeterli ve üstü,taslak,2026-10-01
Fiz05MK0122,05,Elektromıknatıslarla ilgili doğrulanmış bilgileri düzenli biçimde kaydeder.,Beceri,Uygulama,Dönüştürme,Fiz05MK0121,,,PG,Rubrikte yeterli ve üstü,taslak,2026-10-01
Fiz05MK0123,05,Manyetik kuvvetin manyetik alanla doğru orantılı olduğunu keşfeder.,Bilgi,Analiz,Çıkarım ve ilişkilendirme,Fiz05MK0115,,,ÇS; AU,3 maddeden en az 2'si doğru,taslak,2026-10-01
Fiz05MK0124,05,Manyetik kuvvetin akımla doğru orantılı olduğunu keşfeder.,Bilgi,Analiz,Çıkarım ve ilişkilendirme,Fiz05MK0115,,,ÇS; AU,3 maddeden en az 2'si doğru,taslak,2026-10-01
Fiz05MK0125,05,Manyetik kuvvetin tel uzunluğuyla doğru orantılı olduğunu keşfeder.,Bilgi,Analiz,Çıkarım ve ilişkilendirme,Fiz05MK0115,,,ÇS; AU,3 maddeden en az 2'si doğru,taslak,2026-10-01
Fiz05MK0126,05,İlişkiyi F = B·I·ℓ modeli olarak ifade eder.,Beceri,Analiz,Model kurma,Fiz05MK0123; Fiz05MK0124; Fiz05MK0125,,,AU,3 maddeden en az 2'si doğru,taslak,2026-10-01
Fiz05MK0127,05,Sağ el kuralıyla manyetik kuvvetin yönünü belirler.,Beceri,Uygulama,Kural uygulama,Fiz05MK0126; Fiz05MK0114,,,ÇS,3 maddeden en az 2'si doğru,taslak,2026-10-01
Fiz05MK0128,05,Tel manyetik alana paralel olduğunda kuvvetin sıfır olduğu genellemesini yapar.,Bilgi,Analiz,Çıkarım ve ilişkilendirme,Fiz05MK0126,,Fiz05YG0022,ÇS,3 maddeden en az 2'si doğru,taslak,2026-10-01
Fiz05MK0129,05,Tel manyetik alana dik olduğunda kuvvetin en büyük olduğu genellemesini yapar.,Bilgi,Analiz,Çıkarım ve ilişkilendirme,Fiz05MK0126,,,ÇS,3 maddeden en az 2'si doğru,taslak,2026-10-01
Fiz05MK0130,05,Manyetik alandaki dikdörtgen tel çerçevenin karşılıklı kenarlarına zıt yönde kuvvet etki ettiği için eksen etrafında döndüğü çıkarımını yapar.,Bilgi,Analiz,Çıkarım ve ilişkilendirme,Fiz05MK0127,,,AU,3 maddeden en az 2'si doğru,taslak,2026-10-01
Fiz05MK0131,05,Basit bir elektrik motoru tasarlayıp çalıştırır.,Beceri,Yaratma,Üretme ve tasarım,Fiz05MK0130,,,PG,Rubrikte yeterli ve üstü,taslak,2026-10-01
Fiz05MK0132,05,Elektrik motorlarını çalışma ilkesi açısından değerlendirir.,Beceri,Değerlendirme,Sınama ve değerlendirme,Fiz05MK0131,,,AU; PG,3 maddeden en az 2'si doğru; PG'de rubrikte yeterli ve üstü,taslak,2026-10-01
Fiz05MK0133,05,Elektrik motorlarını enerji dönüşümü açısından değerlendirir.,Beceri,Değerlendirme,Sınama ve değerlendirme,Fiz05MK0131,,,AU; PG,3 maddeden en az 2'si doğru; PG'de rubrikte yeterli ve üstü,taslak,2026-10-01
Fiz05MK0134,05,Manyetik akıyı bir yüzeyden geçen manyetik alan çizgilerinin miktarı olarak kavramsal tanımlar.,Bilgi,Anlama,Tanıma ve hatırlama,Fiz05MK0108,,,ÇS,3 maddeden en az 2'si doğru,taslak,2026-10-01
Fiz05MK0135,05,Manyetik akının manyetik alanın büyüklüğüne bağlı olduğunu belirler.,Bilgi,Analiz,Çıkarım ve ilişkilendirme,Fiz05MK0134,,,ÇS; AU,3 maddeden en az 2'si doğru,taslak,2026-10-01
Fiz05MK0136,05,Manyetik akının yüzey alanına bağlı olduğunu belirler.,Bilgi,Analiz,Çıkarım ve ilişkilendirme,Fiz05MK0134,,,ÇS; AU,3 maddeden en az 2'si doğru,taslak,2026-10-01
Fiz05MK0137,05,Manyetik akının yüzeyin alana göre konumuna (açısına) bağlı olduğunu belirler.,Bilgi,Analiz,Çıkarım ve ilişkilendirme,Fiz05MK0134,,,ÇS; AU,3 maddeden en az 2'si doğru,taslak,2026-10-01
Fiz05MK0138,05,Bobinden geçen manyetik akı değiştiğinde indüksiyon akımı ve gerilimi oluştuğunu keşfeder.,Bilgi,Analiz,Çıkarım ve ilişkilendirme,Fiz05MK0135; Fiz05MK0136; Fiz05MK0137,,Fiz05YG0023,ÇS; PG,3 maddeden en az 2'si doğru; PG'de rubrikte yeterli ve üstü,taslak,2026-10-01
Fiz05MK0139,05,İndüksiyon geriliminin ε = −N·ΔΦ/Δt modeline ulaşır.,Beceri,Analiz,Model kurma,Fiz05MK0138,,,AU,3 maddeden en az 2'si doğru,taslak,2026-10-01
Fiz05MK0140,05,İndüksiyon geriliminin sarım sayısıyla arttığı genellemesini yapar.,Bilgi,Analiz,Çıkarım ve ilişkilendirme,Fiz05MK0139,,,ÇS; AU,3 maddeden en az 2'si doğru,taslak,2026-10-01
Fiz05MK0141,05,İndüksiyon geriliminin akı değişim hızıyla arttığı genellemesini yapar.,Bilgi,Analiz,Çıkarım ve ilişkilendirme,Fiz05MK0139,,Fiz05YG0023,ÇS; AU,3 maddeden en az 2'si doğru,taslak,2026-10-01
Fiz05MK0142,05,İndüksiyon akımının kendisini oluşturan akı değişimine karşı koyacak yönde oluştuğu genellemesini (Lenz kuralı) yapar.,Bilgi,Analiz,Çıkarım ve ilişkilendirme,Fiz05MK0140; Fiz05MK0141,,,ÇS,3 maddeden en az 2'si doğru,taslak,2026-10-01
Fiz05MK0143,05,Manyetik alanda dönen tel çerçevede akımın büyüklüğünün periyodik değiştiğini açıklar.,Bilgi,Anlama,Açıklama ve özetleme,Fiz05MK0141; Fiz05MK0130,,,ÇS; AU,3 maddeden en az 2'si doğru,taslak,2026-10-01
Fiz05MK0144,05,Manyetik alanda dönen tel çerçevede akımın yönünün periyodik değiştiğini açıklar.,Bilgi,Anlama,Açıklama ve özetleme,Fiz05MK0130; Fiz05MK0142,,Fiz05YG0024,ÇS; AU,3 maddeden en az 2'si doğru,taslak,2026-10-01
Fiz05MK0145,05,"Dönme hızı, sarım sayısı ve mıknatıs gücünü değiştirerek indüksiyon akımına ilişkin verileri kaydeder.",Beceri,Uygulama,Gözlem ve kayıt,Fiz05MK0143; Fiz05MK0144,,,PG,Rubrikte yeterli ve üstü,taslak,2026-10-01
Fiz05MK0146,05,Verilerden alternatif akımın genliğini etkileyen etmenleri yorumlar.,Bilgi,Analiz,Yorumlama,Fiz05MK0145,,,AU,3 maddeden en az 2'si doğru,taslak,2026-10-01
Fiz05MK0147,05,Verilerden alternatif akımın frekansını etkileyen etmenleri yorumlar.,Bilgi,Analiz,Yorumlama,Fiz05MK0145,,,AU,3 maddeden en az 2'si doğru,taslak,2026-10-01
Fiz05MK0148,05,Transformatörde birincil ve ikincil sarım sayısını tanımlar.,Bilgi,Anlama,Tanıma ve hatırlama,Fiz05MK0140,,Fiz05YG0025,ÇS,3 maddeden en az 2'si doğru,taslak,2026-10-01
Fiz05MK0149,05,Transformatörde birincil ve ikincil gerilimi tanımlar.,Bilgi,Anlama,Tanıma ve hatırlama,Fiz05MK0140,,Fiz05YG0025,ÇS,3 maddeden en az 2'si doğru,taslak,2026-10-01
Fiz05MK0150,05,Transformatörde birincil ve ikincil akımı tanımlar.,Bilgi,Anlama,Tanıma ve hatırlama,Fiz05MK0140,,Fiz05YG0025,ÇS,3 maddeden en az 2'si doğru,taslak,2026-10-01
Fiz05MK0151,05,Sarım sayılarını değiştirerek birincil ve ikincil gerilim verilerini kaydeder.,Beceri,Uygulama,Gözlem ve kayıt,Fiz05MK0148; Fiz05MK0149; Fiz05MK0150,,,PG,Rubrikte yeterli ve üstü,taslak,2026-10-01
Fiz05MK0152,05,Verilerden ikincil gerilimin sarım sayılarının oranına göre değiştiğini matematiksel işlem yapmadan yorumlar.,Bilgi,Analiz,Yorumlama,Fiz05MK0151,,,ÇS; AU,3 maddeden en az 2'si doğru,taslak,2026-10-01
Fiz05MK0153,05,Elektriğin yüksek gerilim ve düşük akımla taşınmasının enerji kaybını azalttığını değerlendirir.,Beceri,Değerlendirme,Sınama ve değerlendirme,Fiz05MK0152; Fiz05MK0032,,,AU,3 maddeden en az 2'si doğru,taslak,2026-10-01
Fiz05MK0154,05,Transformatörün enerji iletim sistemindeki rolünü değerlendirir.,Beceri,Değerlendirme,Sınama ve değerlendirme,Fiz05MK0152; Fiz05MK0032,,,AU,3 maddeden en az 2'si doğru,taslak,2026-10-01
Fiz06MK0001,06,"Günlük yaşamdan periyodik hareket örneklerini (saat sarkacı, salıncak, Dünya'nın dönüşü, kalp atışı) belirler.",Bilgi,Anlama,Tanıma ve hatırlama,Fiz02MK0053,,Fiz06YG0001,ÇS,3 maddeden en az 2'si doğru,taslak,2026-09-29
Fiz06MK0002,06,Periyodik hareketleri dönme ve salınım (titreşim) hareketi olarak ayırt eder.,Bilgi,Anlama,Ayırt etme ve sınıflama,Fiz06MK0001,,Fiz06YG0001,ÇS,3 maddeden en az 2'si doğru,taslak,2026-09-29
Fiz06MK0003,06,Periyodu bir tekrarın süresi olarak tanımlar.,Bilgi,Hatırlama,Tanıma ve hatırlama,Fiz06MK0001,,,ÇS,3 maddeden en az 2'si doğru,taslak,2026-09-29
Fiz06MK0004,06,Frekansı birim zamandaki tekrar sayısı olarak tanımlar.,Bilgi,Hatırlama,Tanıma ve hatırlama,Fiz06MK0001,,,ÇS,3 maddeden en az 2'si doğru,taslak,2026-10-01
Fiz06MK0005,06,Periyot ile frekans arasındaki T = 1 / f ilişkisini kurar.,Bilgi,Hatırlama,Çıkarım ve ilişkilendirme,Fiz06MK0003; Fiz06MK0004,,,ÇS,3 maddeden en az 2'si doğru,taslak,2026-10-01
Fiz06MK0006,06,Basit sarkaç ya da yay sarkacında belirli sayıda salınımın süresini ölçerek periyodu bulur.,Beceri,Uygulama,Gözlem ve kayıt,Fiz06MK0003,Uzunluk ve zaman ölçümü yapar (ön kabul),,PG,Rubrikte yeterli ve üstü,taslak,2026-09-29
Fiz06MK0007,06,Deneyimlerinden ulaştığı çıkarımları sınıf verileriyle karşılaştırarak değerlendirir ve yansıtma notu yazar.,Beceri,Değerlendirme,Sınama ve değerlendirme,Fiz06MK0006,,,PG,Rubrikte yeterli ve üstü,taslak,2026-09-29
Fiz06MK0008,06,Dalgayı titreşimlerin ortamda yayılması olarak tanımlar.,Bilgi,Anlama,Tanıma ve hatırlama,Fiz06MK0002,,,ÇS,3 maddeden en az 2'si doğru,taslak,2026-09-29
Fiz06MK0009,06,Dalganın madde taşımadan enerji aktardığını belirtir.,Bilgi,Anlama,Tanıma ve hatırlama,Fiz06MK0008,,Fiz06YG0002,ÇS,3 maddeden en az 2'si doğru,taslak,2026-10-01
Fiz06MK0010,06,Dalga tepesini dalga görseli üzerinde gösterir.,Bilgi,Anlama,Tanıma ve hatırlama,Fiz06MK0008,,,ÇS,3 maddeden en az 2'si doğru,taslak,2026-09-29
Fiz06MK0011,06,Dalga çukurunu dalga görseli üzerinde gösterir.,Bilgi,Anlama,Tanıma ve hatırlama,Fiz06MK0008,,,ÇS,3 maddeden en az 2'si doğru,taslak,2026-10-01
Fiz06MK0012,06,Dalga boyunu dalga görseli üzerinde gösterir.,Bilgi,Anlama,Tanıma ve hatırlama,Fiz06MK0008,,Fiz06YG0003,ÇS,3 maddeden en az 2'si doğru,taslak,2026-10-01
Fiz06MK0013,06,Genliği dalga görseli üzerinde gösterir.,Bilgi,Anlama,Tanıma ve hatırlama,Fiz06MK0008,,,ÇS,3 maddeden en az 2'si doğru,taslak,2026-10-01
Fiz06MK0014,06,Belirli sürede oluşan dalga sayısından frekansı ölçer.,Beceri,Uygulama,Gözlem ve kayıt,Fiz06MK0004,,,PG,Rubrikte yeterli ve üstü,taslak,2026-09-29
Fiz06MK0015,06,Bir dalganın oluşma süresinden periyodu ölçer.,Beceri,Uygulama,Gözlem ve kayıt,Fiz06MK0003,,,PG,Rubrikte yeterli ve üstü,taslak,2026-10-01
Fiz06MK0016,06,Dalga görseli ya da yay/ip deneyinde dalga boyunu ölçer.,Beceri,Uygulama,Gözlem ve kayıt,Fiz06MK0012,,Fiz06YG0003,ÇS; PG,3 maddeden en az 2'si doğru; PG'de rubrikte yeterli ve üstü,taslak,2026-09-29
Fiz06MK0017,06,Dalga görseli ya da yay/ip deneyinde genliği ölçer.,Beceri,Uygulama,Gözlem ve kayıt,Fiz06MK0013,,,ÇS; PG,3 maddeden en az 2'si doğru; PG'de rubrikte yeterli ve üstü,taslak,2026-10-01
Fiz06MK0018,06,Frekansı kaynağın titreşimine bağlı bir nitelik olarak tanımlar.,Bilgi,Anlama,Tanıma ve hatırlama,Fiz06MK0004; Fiz06MK0008,,,ÇS,3 maddeden en az 2'si doğru,taslak,2026-09-29
Fiz06MK0019,06,Dalga ilerlerken frekansın değişmediğini belirtir.,Bilgi,Anlama,Tanıma ve hatırlama,Fiz06MK0018,,,ÇS,3 maddeden en az 2'si doğru,taslak,2026-10-01
Fiz06MK0020,06,"v = λ·f (v = λ / T) modelini kullanarak yayılma sürati, dalga boyu ya da frekansı hesaplar.",Beceri,Uygulama,Kural uygulama,Fiz06MK0016; Fiz06MK0014; Fiz06MK0015; Fiz02MK0047,,Fiz06YG0004,ÇS,3 maddeden en az 2'si doğru,taslak,2026-09-29
Fiz06MK0021,06,Dalgaların titreşim doğrultusu ile yayılma doğrultusu arasındaki ilişkiyi belirler.,Bilgi,Anlama,Açıklama ve özetleme,Fiz06MK0008,,,ÇS,3 maddeden en az 2'si doğru,taslak,2026-09-29
Fiz06MK0022,06,Dalgaların yayılmak için ortama ihtiyaç duyup duymadığını belirler.,Bilgi,Anlama,Açıklama ve özetleme,Fiz06MK0008; Fiz06MK0009,,,ÇS,3 maddeden en az 2'si doğru,taslak,2026-10-01
Fiz06MK0023,06,"Titreşim doğrultusuna göre dalgaları ayrıştırır (enine: yayılmaya dik, boyuna: yayılmaya paralel).",Bilgi,Anlama,Ayırt etme ve sınıflama,Fiz06MK0021,,Fiz06YG0005,ÇS,3 maddeden en az 2'si doğru,taslak,2026-09-29
Fiz06MK0024,06,Taşıdığı enerjiye göre dalgaları mekanik ve elektromanyetik olarak ayrıştırır.,Bilgi,Anlama,Ayırt etme ve sınıflama,Fiz06MK0022,,Fiz06YG0006,ÇS,3 maddeden en az 2'si doğru,taslak,2026-09-29
Fiz06MK0025,06,"Mekanik dalgaların yayılması için maddesel ortam gerektiğini, sesin boşlukta yayılmadığını açıklar.",Bilgi,Anlama,Açıklama ve özetleme,Fiz06MK0024,,Fiz06YG0006,ÇS,3 maddeden en az 2'si doğru,taslak,2026-09-29
Fiz06MK0026,06,Dalga türlerini doğru adlarıyla adlandırır (ör. su dalgası: hem enine hem boyuna; ışık: elektromanyetik ve enine).,Bilgi,Hatırlama,Tanıma ve hatırlama,Fiz06MK0023; Fiz06MK0024,,,ÇS,3 maddeden en az 2'si doğru,taslak,2026-09-29
Fiz06MK0027,06,"Dalganın yayılma süratini etkileyebilecek etmenleri (ortamın türü, ipteki gerilme, su derinliği, sıcaklık) tahmin eder.",Beceri,Uygulama,Çıkarım ve ilişkilendirme,Fiz06MK0020,,,AU,3 maddeden en az 2'si doğru,taslak,2026-09-29
Fiz06MK0028,06,"Sesin katı, sıvı ve gazlardaki yayılma süratlerini karşılaştırır.",Bilgi,Anlama,Karşılaştırma,,Ses dalgalarının yayılma süratinin ortama göre değiştiğini bilir (ön kabul),Fiz06YG0007,ÇS,3 maddeden en az 2'si doğru,taslak,2026-09-29
Fiz06MK0029,06,Farklı gerilmelerdeki ipte ya da yayda dalga süratini gözlem ya da simülasyonla karşılaştırır.,Beceri,Uygulama,Karşılaştırma,Fiz06MK0027,,,PG,Rubrikte yeterli ve üstü,taslak,2026-09-29
Fiz06MK0030,06,Derin ve sığ suda su dalgalarının yayılma süratini gözlem ya da simülasyonla karşılaştırır.,Beceri,Uygulama,Karşılaştırma,Fiz06MK0027,,,PG,Rubrikte yeterli ve üstü,taslak,2026-09-29
Fiz06MK0031,06,Dalganın yayılma süratinin ortamın özelliklerine bağlı olduğu sonucunu çıkarır.,Bilgi,Analiz,Çıkarım ve ilişkilendirme,Fiz06MK0029; Fiz06MK0030; Fiz06MK0028,,,ÇS; AU,3 maddeden en az 2'si doğru,taslak,2026-09-29
Fiz06MK0032,06,Dalganın yayılma süratinin kaynağın frekansına bağlı olmadığı sonucunu çıkarır.,Bilgi,Analiz,Çıkarım ve ilişkilendirme,Fiz06MK0029; Fiz06MK0030; Fiz06MK0028,,Fiz06YG0008,ÇS; AU,3 maddeden en az 2'si doğru,taslak,2026-10-01
Fiz06MK0033,06,Dalganın yayılma süratinin genliğe bağlı olmadığı sonucunu çıkarır.,Bilgi,Analiz,Çıkarım ve ilişkilendirme,Fiz06MK0029; Fiz06MK0030; Fiz06MK0028,,Fiz06YG0004,ÇS; AU,3 maddeden en az 2'si doğru,taslak,2026-10-01
Fiz06MK0034,06,Elektromanyetik dalgaların boşlukta ışık süratiyle yayıldığını belirtir.,Bilgi,Hatırlama,Tanıma ve hatırlama,Fiz06MK0024,,,ÇS,3 maddeden en az 2'si doğru,taslak,2026-09-29
Fiz06MK0035,06,Elektromanyetik dalgaların maddesel ortamda yavaşladığını tahmin eder.,Bilgi,Hatırlama,Çıkarım ve ilişkilendirme,Fiz06MK0031; Fiz06MK0034,,,ÇS,3 maddeden en az 2'si doğru,taslak,2026-10-01
Fiz06MK0036,06,Tahminlerinin geçerliliğini gözlem verileri ve güvenilir kaynaklarla sorgular.,Beceri,Değerlendirme,Sınama ve değerlendirme,Fiz06MK0031; Fiz06MK0032; Fiz06MK0033; Fiz06MK0034; Fiz06MK0035,,,AU; PG,3 maddeden en az 2'si doğru; PG'de rubrikte yeterli ve üstü,taslak,2026-09-29
Fiz06MK0037,06,Dalga leğeni ya da simülasyonda doğrusal su dalgalarının engelden yansımasını gözlemler ve dalga tepelerini çizer.,Beceri,Uygulama,Gözlem ve kayıt,Fiz06MK0010,,,PG,Rubrikte yeterli ve üstü,taslak,2026-09-29
Fiz06MK0038,06,Derinliği farklı iki ortam arasında su dalgalarının kırılmasını gözlemler ve dalga tepelerini çizer.,Beceri,Uygulama,Gözlem ve kayıt,Fiz06MK0030,,,PG,Rubrikte yeterli ve üstü,taslak,2026-09-29
Fiz06MK0039,06,Gelme ve yansıma açılarını normale göre ölçer.,Beceri,Uygulama,Gözlem ve kayıt,Fiz06MK0037,,Fiz06YG0009,PG,Rubrikte yeterli ve üstü,taslak,2026-09-29
Fiz06MK0040,06,Dalganın derin ortamdan sığ ortama geçerken normale yaklaştığını belirler.,Bilgi,Analiz,Çıkarım ve ilişkilendirme,Fiz06MK0038,,,ÇS,3 maddeden en az 2'si doğru,taslak,2026-09-29
Fiz06MK0041,06,Dalganın sığ ortamdan derin ortama geçerken normalden uzaklaştığını belirler.,Bilgi,Analiz,Çıkarım ve ilişkilendirme,Fiz06MK0038,,,ÇS,3 maddeden en az 2'si doğru,taslak,2026-10-01
Fiz06MK0042,06,Gelme açısının yansıma açısına eşit olduğunu bulur.,Beceri,Uygulama,Çıkarım ve ilişkilendirme,Fiz06MK0037; Fiz06MK0039,,,PG,Rubrikte yeterli ve üstü,taslak,2026-10-01
Fiz06MK0043,06,Kırılmada frekansın değişmediği genellemesini yapar.,Bilgi,Analiz,Çıkarım ve ilişkilendirme,Fiz06MK0038; Fiz06MK0019,,Fiz06YG0010,ÇS; AU,3 maddeden en az 2'si doğru,taslak,2026-09-29
Fiz06MK0044,06,Kırılmada yayılma sürati ile dalga boyunun birlikte (aynı oranda) değiştiği genellemesini yapar.,Bilgi,Analiz,Çıkarım ve ilişkilendirme,Fiz06MK0038; Fiz06MK0019; Fiz06MK0020,,Fiz06YG0011,ÇS; AU,3 maddeden en az 2'si doğru,taslak,2026-10-01
Fiz06MK0045,06,Yansıma genellemelerini günlük yaşam örnekleriyle (yankı) ilişkilendirir.,Bilgi,Uygulama,Transfer ve problem çözme,Fiz06MK0042,,,AU,3 maddeden en az 2'si doğru,taslak,2026-09-29
Fiz06MK0046,06,Kırılma genellemelerini günlük yaşam örnekleriyle (kıyıya paralel gelen dalgalar) ilişkilendirir.,Bilgi,Uygulama,Transfer ve problem çözme,Fiz06MK0043; Fiz06MK0044,,,AU,3 maddeden en az 2'si doğru,taslak,2026-10-01
Fiz06MK0047,06,Doğal titreşim frekansını tanımlar.,Bilgi,Anlama,Tanıma ve hatırlama,Fiz06MK0004; Fiz06MK0006,,,ÇS,3 maddeden en az 2'si doğru,taslak,2026-09-29
Fiz06MK0048,06,Rezonansı dış etkinin frekansı doğal frekansa eşit olduğunda genliğin büyümesi olarak tanımlar.,Bilgi,Anlama,Tanıma ve hatırlama,Fiz06MK0047; Fiz06MK0013,,,ÇS,3 maddeden en az 2'si doğru,taslak,2026-10-01
Fiz06MK0049,06,Depremi tanımlar.,Bilgi,Hatırlama,Tanıma ve hatırlama,,Yer kabuğu ve fay kavramlarını bilir (fen bilimleri ön öğrenmesi),,ÇS,3 maddeden en az 2'si doğru,taslak,2026-09-29
Fiz06MK0050,06,Depremin odak noktasını tanımlar.,Bilgi,Hatırlama,Tanıma ve hatırlama,,Yer kabuğu ve fay kavramlarını bilir (fen bilimleri ön öğrenmesi),Fiz06YG0012,ÇS,3 maddeden en az 2'si doğru,taslak,2026-10-01
Fiz06MK0051,06,Depremin merkez üssünü tanımlar.,Bilgi,Hatırlama,Tanıma ve hatırlama,,Yer kabuğu ve fay kavramlarını bilir (fen bilimleri ön öğrenmesi),Fiz06YG0012,ÇS,3 maddeden en az 2'si doğru,taslak,2026-10-01
Fiz06MK0052,06,P dalgalarını boyuna dalga olarak ilişkilendirir.,Bilgi,Anlama,Çıkarım ve ilişkilendirme,Fiz06MK0023; Fiz06MK0049,,,ÇS,3 maddeden en az 2'si doğru,taslak,2026-09-29
Fiz06MK0053,06,S dalgalarını enine dalga olarak ilişkilendirir.,Bilgi,Anlama,Çıkarım ve ilişkilendirme,Fiz06MK0023; Fiz06MK0049,,,ÇS,3 maddeden en az 2'si doğru,taslak,2026-10-01
Fiz06MK0054,06,Yüzey dalgalarını dalga sınıflandırmasıyla ilişkilendirir.,Bilgi,Anlama,Çıkarım ve ilişkilendirme,Fiz06MK0023; Fiz06MK0049,,,ÇS,3 maddeden en az 2'si doğru,taslak,2026-10-01
Fiz06MK0055,06,Deprem büyüklüğü (magnitüd) ile şiddetini ayırt eder.,Bilgi,Anlama,Ayırt etme ve sınıflama,Fiz06MK0049; Fiz06MK0050; Fiz06MK0051,,Fiz06YG0013,ÇS,3 maddeden en az 2'si doğru,taslak,2026-09-29
Fiz06MK0056,06,Rezonans ve deprem ilişkisine yönelik araştırılabilir sorular sorar.,Beceri,Uygulama,Çıkarım ve ilişkilendirme,Fiz06MK0047; Fiz06MK0048,,,PG,Rubrikte yeterli ve üstü,taslak,2026-09-29
Fiz06MK0057,06,"Rezonans, zemin özellikleri ve deprem dalgaları hakkında güvenilir kaynaklardan (AFAD, Kandilli Rasathanesi, bilimsel yayınlar) bilgi toplar.",Beceri,Uygulama,Gözlem ve kayıt,Fiz06MK0056,,,PG,Rubrikte yeterli ve üstü,taslak,2026-09-29
Fiz06MK0058,06,"Depremle ilgili toplanan bilgilerin (özellikle ""deprem tahmini"" iddialarının) doğruluğunu kaynak ve bilimsel tutarlılık açısından değerlendirir.",Beceri,Değerlendirme,Sınama ve değerlendirme,Fiz06MK0057,,Fiz06YG0014,PG,Rubrikte yeterli ve üstü,taslak,2026-09-29
Fiz06MK0059,06,Bina doğal frekansı ile deprem dalgası frekansının örtüşmesinin (rezonans) hasarı artırdığı çıkarımını yapar.,Bilgi,Analiz,Çıkarım ve ilişkilendirme,Fiz06MK0048; Fiz06MK0049,,Fiz06YG0015,AU,3 maddeden en az 2'si doğru,taslak,2026-09-29
Fiz06MK0060,06,"Deprem dalgalarının yayılmasını ya da binaların rezonansını gösteren bir model (ör. farklı yükseklikte çubuk-kütle binalar, sarsma masası) önerir.",Beceri,Yaratma,Üretme ve tasarım,Fiz06MK0059,,,PG,Rubrikte yeterli ve üstü,taslak,2026-09-29
Fiz06MK0061,06,Modelin hangi değişkenleri temsil ettiğini açıklar.,Bilgi,Analiz,Açıklama ve özetleme,Fiz06MK0060,,,AU,3 maddeden en az 2'si doğru,taslak,2026-09-29
Fiz06MK0062,06,Modelin sınırlılıklarını açıklar.,Bilgi,Analiz,Açıklama ve özetleme,Fiz06MK0060,,,AU,3 maddeden en az 2'si doğru,taslak,2026-10-01
Fiz06MK0063,06,Sarsıntı frekansını değiştirerek modeli test eder; hangi yapının en çok salındığını gözlemleyip kaydeder.,Beceri,Uygulama,Sınama ve değerlendirme,Fiz06MK0060,,Fiz06YG0015,PG,Rubrikte yeterli ve üstü,taslak,2026-09-29
Fiz06MK0064,06,Test sonuçlarına göre modeli geliştirir.,Beceri,Yaratma,Üretme ve tasarım,Fiz06MK0063,,,PG,Rubrikte yeterli ve üstü,taslak,2026-09-29
Fiz06MK0065,06,Modeldeki iyileşmeyi gerekçelendirir.,Beceri,Değerlendirme,Sınama ve değerlendirme,Fiz06MK0063,,,AU,3 maddeden en az 2'si doğru,taslak,2026-10-01
Fiz06MK0066,06,Dalga leğeninde doğrusal su dalgalarının dar bir yarıktan geçerken yayıldığını (kırınım) gözlemler.,Beceri,Uygulama,Gözlem ve kayıt,Fiz06MK0037,,,PG,Rubrikte yeterli ve üstü,taslak,2026-10-01
Fiz06MK0067,06,Kırınımın yarık genişliği küçüldükçe arttığı ilişkisini kurar.,Bilgi,Analiz,Çıkarım ve ilişkilendirme,Fiz06MK0066,,Fiz06YG0016,ÇS,3 maddeden en az 2'si doğru,taslak,2026-10-01
Fiz06MK0068,06,Kırınımın dalga boyu büyüdükçe arttığı ilişkisini kurar.,Bilgi,Analiz,Çıkarım ve ilişkilendirme,Fiz06MK0066; Fiz06MK0012,,,ÇS,3 maddeden en az 2'si doğru,taslak,2026-10-01
Fiz06MK0069,06,Kırınımın belirgin olması için yarık genişliğinin dalga boyuyla karşılaştırılabilir olması gerektiği genellemesini yapar.,Bilgi,Analiz,Çıkarım ve ilişkilendirme,Fiz06MK0067; Fiz06MK0068,,,ÇS; AU,3 maddeden en az 2'si doğru,taslak,2026-10-01
Fiz06MK0070,06,İki noktasal kaynaktan çıkan dairesel su dalgalarının girişim desenini gözlemler.,Beceri,Uygulama,Gözlem ve kayıt,Fiz06MK0010; Fiz06MK0011,,,PG,Rubrikte yeterli ve üstü,taslak,2026-10-01
Fiz06MK0071,06,Yapıcı girişimi dalgaların üst üste binmesiyle açıklar.,Bilgi,Anlama,Açıklama ve özetleme,Fiz06MK0070,,,ÇS,3 maddeden en az 2'si doğru,taslak,2026-10-01
Fiz06MK0072,06,Yıkıcı girişimi dalgaların üst üste binmesiyle açıklar.,Bilgi,Anlama,Açıklama ve özetleme,Fiz06MK0070,,Fiz06YG0017,ÇS,3 maddeden en az 2'si doğru,taslak,2026-10-01
Fiz06MK0073,06,Frekans değiştiğinde düğüm çizgisi sayısının nasıl değiştiğini ilişkilendirir.,Bilgi,Analiz,Çıkarım ve ilişkilendirme,Fiz06MK0071; Fiz06MK0072,,,ÇS,3 maddeden en az 2'si doğru,taslak,2026-10-01
Fiz06MK0074,06,Dalga boyu değiştiğinde düğüm çizgisi sayısının nasıl değiştiğini ilişkilendirir.,Bilgi,Analiz,Çıkarım ve ilişkilendirme,Fiz06MK0071; Fiz06MK0072,,,ÇS,3 maddeden en az 2'si doğru,taslak,2026-10-01
Fiz06MK0075,06,Kaynaklar arası uzaklık değiştiğinde düğüm çizgisi sayısının nasıl değiştiğini ilişkilendirir.,Bilgi,Analiz,Çıkarım ve ilişkilendirme,Fiz06MK0071; Fiz06MK0072,,,ÇS,3 maddeden en az 2'si doğru,taslak,2026-10-01
Fiz06MK0076,06,Kararlı girişim deseni için kaynakların aynı frekansta olması gerektiği genellemesini yapar.,Bilgi,Analiz,Çıkarım ve ilişkilendirme,Fiz06MK0073,,,ÇS; AU,3 maddeden en az 2'si doğru,taslak,2026-10-01
Fiz06MK0077,06,Kararlı girişim deseni için kaynakların eş fazlı olması gerektiği genellemesini yapar.,Bilgi,Analiz,Çıkarım ve ilişkilendirme,Fiz06MK0071; Fiz06MK0072,,,ÇS; AU,3 maddeden en az 2'si doğru,taslak,2026-10-01
Fiz06MK0078,06,Çift yarıkla ışığın girişimini gözlemlemek için deney tasarlar.,Beceri,Yaratma,Üretme ve tasarım,Fiz06MK0076; Fiz06MK0077,,,PG,Rubrikte yeterli ve üstü,taslak,2026-10-01
Fiz06MK0079,06,Perdedeki aydınlık ve karanlık saçakları gözlemleyip saçak aralığına ilişkin verileri kaydeder.,Beceri,Uygulama,Gözlem ve kayıt,Fiz06MK0078,,,PG,Rubrikte yeterli ve üstü,taslak,2026-10-01
Fiz06MK0080,06,Saçak desenini yorumlayarak ışığın dalga özelliği gösterdiği sonucunu çıkarır.,Bilgi,Analiz,Yorumlama,Fiz06MK0079,,,ÇS; AU,3 maddeden en az 2'si doğru,taslak,2026-10-01
Fiz06MK0081,06,Saçak aralığının dalga boyu arttıkça arttığını yorumlar.,Bilgi,Analiz,Yorumlama,Fiz06MK0079,,,ÇS,3 maddeden en az 2'si doğru,taslak,2026-10-01
Fiz06MK0082,06,Saçak aralığının perde uzaklığı arttıkça arttığını yorumlar.,Bilgi,Analiz,Yorumlama,Fiz06MK0079,,,ÇS,3 maddeden en az 2'si doğru,taslak,2026-10-01
Fiz06MK0083,06,Saçak aralığının yarıklar arası uzaklık arttıkça azaldığını yorumlar.,Bilgi,Analiz,Yorumlama,Fiz06MK0079,,,ÇS,3 maddeden en az 2'si doğru,taslak,2026-10-01
Fiz06MK0084,06,Tek yarık ya da kırınım ağıyla ışığın kırınımını gözlemlemek için deney tasarlar.,Beceri,Yaratma,Üretme ve tasarım,Fiz06MK0069; Fiz06MK0078,,,PG,Rubrikte yeterli ve üstü,taslak,2026-10-01
Fiz06MK0085,06,Yarık genişliğini değiştirerek merkezî aydınlık saçağın genişliğine ilişkin verileri kaydeder.,Beceri,Uygulama,Gözlem ve kayıt,Fiz06MK0084,,,PG,Rubrikte yeterli ve üstü,taslak,2026-10-01
Fiz06MK0086,06,Verilerden yarık daraldıkça merkezî aydınlık saçağın genişlediğini yorumlar.,Bilgi,Analiz,Yorumlama,Fiz06MK0085,,Fiz06YG0016,ÇS,3 maddeden en az 2'si doğru,taslak,2026-10-01
Fiz06MK0087,06,Elektromanyetik dalgaların c = λ·f ilişkisine uyduğunu belirtir.,Bilgi,Anlama,Tanıma ve hatırlama,Fiz06MK0034; Fiz06MK0020,,,ÇS,3 maddeden en az 2'si doğru,taslak,2026-10-01
Fiz06MK0088,06,Frekans arttıkça elektromanyetik dalganın taşıdığı enerjinin arttığı ilişkisini kurar.,Bilgi,Analiz,Çıkarım ve ilişkilendirme,Fiz06MK0089,,Fiz06YG0018,ÇS,3 maddeden en az 2'si doğru,taslak,2026-10-01
Fiz06MK0089,06,"Elektromanyetik dalgaları dalga boyu ve frekansa göre radyo, mikrodalga, kızılötesi, görünür ışık, morötesi, X ve gama ışınları olarak sıralar, gruplandırır ve adlandırır.",Bilgi,Analiz,Ayırt etme ve sınıflama,Fiz06MK0087,,Fiz06YG0019,ÇS,3 maddeden en az 2'si doğru,taslak,2026-10-01
Fiz06MK0090,06,"Hazır veri setinden görünür ışık renkleri ile dalga boyları arasındaki ilişkiyi (kırmızı en uzun, mor en kısa) bulur.",Bilgi,Analiz,Çıkarım ve ilişkilendirme,Fiz06MK0089,,,ÇS,3 maddeden en az 2'si doğru,taslak,2026-10-01
Fiz06MK0091,06,"Tüm ışık renklerinin ana ışık renklerinin (kırmızı, yeşil, mavi) birleşiminden elde edilebildiği genellemesini yapar.",Bilgi,Analiz,Çıkarım ve ilişkilendirme,Fiz06MK0090,,Fiz06YG0020,ÇS,3 maddeden en az 2'si doğru,taslak,2026-10-01
Fiz06MK0092,06,Cisimlerin renklerini ışığın yansıtılması ve soğurulmasıyla açıklar.,Bilgi,Anlama,Açıklama ve özetleme,Fiz06MK0091,,,ÇS; AU,3 maddeden en az 2'si doğru,taslak,2026-10-01
Fiz06MK0093,06,"Ultrason, tomografi, MR, sonar, radar, radyo teleskobu, X-ray ya da metal dedektöründen seçtiği bir cihaz hakkında araştırılabilir sorular sorar.",Beceri,Uygulama,Çıkarım ve ilişkilendirme,Fiz06MK0088; Fiz06MK0024,,,PG,Rubrikte yeterli ve üstü,taslak,2026-10-01
Fiz06MK0094,06,Seçtiği cihazın kullandığı dalga türü ve çalışma ilkesi hakkında güvenilir kaynaklardan bilgi toplar.,Beceri,Uygulama,Gözlem ve kayıt,Fiz06MK0093,,,PG,Rubrikte yeterli ve üstü,taslak,2026-10-01
Fiz06MK0095,06,"Ultrason, tomografi, MR, sonar, radar, radyo teleskobu, X-ray ya da metal dedektöründen seçtiği bir cihaz ile ilgili topladığı bilgilerin doğruluğunu kaynağın güvenilirliği ve bilimsel tutarlılık açısından değerlendirir.",Beceri,Değerlendirme,Sınama ve değerlendirme,Fiz06MK0094,,,PG,Rubrikte yeterli ve üstü,taslak,2026-10-01
Fiz06MK0096,06,Seçtiği cihazın hangi dalga türünü kullandığını çıkarır.,Bilgi,Analiz,Çıkarım ve ilişkilendirme,Fiz06MK0095,,Fiz06YG0021,AU; PG,3 maddeden en az 2'si doğru; PG'de rubrikte yeterli ve üstü,taslak,2026-10-01
Fiz06MK0097,06,Bu dalganın özelliklerinin cihaz için neden uygun olduğunu çıkarır.,Bilgi,Analiz,Çıkarım ve ilişkilendirme,Fiz06MK0095,,,AU; PG,3 maddeden en az 2'si doğru; PG'de rubrikte yeterli ve üstü,taslak,2026-10-01
Fiz07MK0001,07,Işık şiddetini (kandela) tanımlar.,Bilgi,Anlama,Tanıma ve hatırlama,,Işık kaynakları ve ışığın yayılması (fen bilimleri ön öğrenmesi),,ÇS,3 maddeden en az 2'si doğru,taslak,2026-10-01
Fiz07MK0002,07,Işık akısını (lümen) tanımlar.,Bilgi,Anlama,Tanıma ve hatırlama,,Işık kaynakları ve ışığın yayılması (fen bilimleri ön öğrenmesi),,ÇS,3 maddeden en az 2'si doğru,taslak,2026-10-01
Fiz07MK0003,07,Aydınlanmayı (lüks) tanımlar.,Bilgi,Anlama,Tanıma ve hatırlama,,Işık kaynakları ve ışığın yayılması (fen bilimleri ön öğrenmesi),,ÇS,3 maddeden en az 2'si doğru,taslak,2026-10-01
Fiz07MK0004,07,Kaynağa uzaklığı ve ışık şiddetini değiştirerek aydınlanma verilerini kaydeder.,Beceri,Uygulama,Gözlem ve kayıt,Fiz07MK0001; Fiz07MK0002; Fiz07MK0003,,,PG,Rubrikte yeterli ve üstü,taslak,2026-10-01
Fiz07MK0005,07,Veri setlerinden aydınlanmanın ışık şiddetiyle doğru orantılı olduğunu yorumlar.,Bilgi,Analiz,Yorumlama,Fiz07MK0004,,,ÇS; AU,3 maddeden en az 2'si doğru,taslak,2026-10-01
Fiz07MK0006,07,Veri setlerinden aydınlanmanın uzaklığın karesiyle ters orantılı olduğunu yorumlar.,Bilgi,Analiz,Yorumlama,Fiz07MK0004,,Fiz07YG0001,ÇS; AU,3 maddeden en az 2'si doğru,taslak,2026-10-01
Fiz07MK0007,07,Aydınlanmanın ışığın yüzeye geliş açısına (yüzeyin eğikliğine) bağlı olduğunu yorumlar.,Bilgi,Analiz,Yorumlama,Fiz07MK0005; Fiz07MK0006,,,ÇS,3 maddeden en az 2'si doğru,taslak,2026-10-01
Fiz07MK0008,07,Ampullerin lümen ve güç değerlerini kullanarak bir ortamın aydınlatmasını enerji tasarrufu açısından değerlendirir.,Beceri,Değerlendirme,Sınama ve değerlendirme,Fiz07MK0002; Fiz04MK0067,,,AU,3 maddeden en az 2'si doğru,taslak,2026-10-01
Fiz07MK0009,07,Düzlem aynada gelme açısının yansıma açısına eşit olduğunu açıklar.,Bilgi,Anlama,Açıklama ve özetleme,Fiz06MK0039; Fiz06MK0042,,,ÇS,3 maddeden en az 2'si doğru,taslak,2026-10-01
Fiz07MK0010,07,"Gelen ışın, yansıyan ışın ve normalin aynı düzlemde olduğunu açıklar.",Bilgi,Anlama,Açıklama ve özetleme,Fiz06MK0039; Fiz06MK0042,,,ÇS,3 maddeden en az 2'si doğru,taslak,2026-10-01
Fiz07MK0011,07,Düzlem aynada görüntünün aynaya cisimle eşit uzaklıkta olduğunu açıklar.,Bilgi,Anlama,Açıklama ve özetleme,Fiz07MK0009,,Fiz07YG0002,ÇS,3 maddeden en az 2'si doğru,taslak,2026-10-01
Fiz07MK0012,07,Düzlem aynada görüntünün düz olduğunu açıklar.,Bilgi,Anlama,Açıklama ve özetleme,Fiz07MK0009,,,ÇS,3 maddeden en az 2'si doğru,taslak,2026-10-01
Fiz07MK0013,07,Düzlem aynada görüntünün sanal olduğunu açıklar.,Bilgi,Anlama,Açıklama ve özetleme,Fiz07MK0009,,,ÇS,3 maddeden en az 2'si doğru,taslak,2026-10-01
Fiz07MK0014,07,Düzlem aynada görüntünün cisme göre simetrik olduğunu açıklar.,Bilgi,Anlama,Açıklama ve özetleme,Fiz07MK0009,,,ÇS,3 maddeden en az 2'si doğru,taslak,2026-10-01
Fiz07MK0015,07,Düzlem aynada cismin görüntüsünü çizimle bulur.,Beceri,Uygulama,Kural uygulama,Fiz07MK0011; Fiz07MK0012; Fiz07MK0013; Fiz07MK0014,,,AU,3 maddeden en az 2'si doğru,taslak,2026-10-01
Fiz07MK0016,07,Düzlem aynada bir gözlemcinin görüş alanını çizimle belirler.,Beceri,Uygulama,Kural uygulama,Fiz07MK0015,,,ÇS,3 maddeden en az 2'si doğru,taslak,2026-10-01
Fiz07MK0017,07,Bir günlük hayat problemi için düzlem aynalardan oluşan bir model (ör. periskop) önerir.,Beceri,Yaratma,Üretme ve tasarım,Fiz07MK0015; Fiz07MK0016,,,PG,Rubrikte yeterli ve üstü,taslak,2026-10-01
Fiz07MK0018,07,Önerdiği düzlem ayna modelini yeni durumlara uyarlayarak geliştirir.,Beceri,Yaratma,Transfer ve problem çözme,Fiz07MK0017,,,PG,Rubrikte yeterli ve üstü,taslak,2026-10-01
Fiz07MK0019,07,Küresel aynada asal ekseni belirtir.,Bilgi,Anlama,Tanıma ve hatırlama,Fiz07MK0009,,,ÇS,3 maddeden en az 2'si doğru,taslak,2026-10-01
Fiz07MK0020,07,Küresel aynada tepe noktasını belirtir.,Bilgi,Anlama,Tanıma ve hatırlama,Fiz07MK0009,,,ÇS,3 maddeden en az 2'si doğru,taslak,2026-10-01
Fiz07MK0021,07,Küresel aynada odak noktasını belirtir.,Bilgi,Anlama,Tanıma ve hatırlama,Fiz07MK0009,,,ÇS,3 maddeden en az 2'si doğru,taslak,2026-10-01
Fiz07MK0022,07,Küresel aynada merkez noktasını belirtir.,Bilgi,Anlama,Tanıma ve hatırlama,Fiz07MK0009,,,ÇS,3 maddeden en az 2'si doğru,taslak,2026-10-01
Fiz07MK0023,07,Özel ışınların çukur aynada yansıdıktan sonra izlediği yolu çizer.,Beceri,Uygulama,Kural uygulama,Fiz07MK0019; Fiz07MK0020; Fiz07MK0021; Fiz07MK0022,,,AU,3 maddeden en az 2'si doğru,taslak,2026-10-01
Fiz07MK0024,07,Özel ışınların tümsek aynada yansıdıktan sonra izlediği yolu çizer.,Beceri,Uygulama,Kural uygulama,Fiz07MK0019; Fiz07MK0020; Fiz07MK0021; Fiz07MK0022,,,AU,3 maddeden en az 2'si doğru,taslak,2026-10-01
Fiz07MK0025,07,Çukur ve tümsek aynaları odak yeri bakımından karşılaştırır.,Bilgi,Analiz,Karşılaştırma,Fiz07MK0023; Fiz07MK0024,,,ÇS,3 maddeden en az 2'si doğru,taslak,2026-10-01
Fiz07MK0026,07,Çukur ve tümsek aynaları ışınları toplama ya da dağıtma bakımından karşılaştırır.,Bilgi,Analiz,Karşılaştırma,Fiz07MK0023; Fiz07MK0024,,Fiz07YG0003,ÇS,3 maddeden en az 2'si doğru,taslak,2026-10-01
Fiz07MK0027,07,Çukur ve tümsek aynaları kullanım alanları bakımından karşılaştırır.,Bilgi,Analiz,Karşılaştırma,Fiz07MK0023; Fiz07MK0024,,,ÇS,3 maddeden en az 2'si doğru,taslak,2026-10-01
Fiz07MK0028,07,Küresel aynalarda cismin yerine göre görüntünün yerini ve özelliklerini belirlemek için deney tasarlar.,Beceri,Yaratma,Üretme ve tasarım,Fiz07MK0025; Fiz07MK0026; Fiz07MK0027,,,PG,Rubrikte yeterli ve üstü,taslak,2026-10-01
Fiz07MK0029,07,Farklı konumlardaki cisimlerin küresel aynadaki görüntülerini ışın çizimiyle bulur ve tabloya döker.,Beceri,Uygulama,Dönüştürme,Fiz07MK0028; Fiz07MK0023; Fiz07MK0024,,,AU; PG,3 maddeden en az 2'si doğru; PG'de rubrikte yeterli ve üstü,taslak,2026-10-01
Fiz07MK0030,07,Cismin konumuna göre küresel aynadaki görüntünün gerçek ya da sanal olduğunu çıkarır.,Bilgi,Analiz,Çıkarım ve ilişkilendirme,Fiz07MK0029,,,ÇS,3 maddeden en az 2'si doğru,taslak,2026-10-01
Fiz07MK0031,07,Cismin konumuna göre küresel aynadaki görüntünün düz ya da ters olduğunu çıkarır.,Bilgi,Analiz,Çıkarım ve ilişkilendirme,Fiz07MK0029,,Fiz07YG0004,ÇS,3 maddeden en az 2'si doğru,taslak,2026-10-01
Fiz07MK0032,07,Cismin konumuna göre küresel aynadaki görüntünün büyük ya da küçük olduğunu çıkarır.,Bilgi,Analiz,Çıkarım ve ilişkilendirme,Fiz07MK0029,,,ÇS,3 maddeden en az 2'si doğru,taslak,2026-10-01
Fiz07MK0033,07,Ortamın kırma indisini ışığın boşluktaki süratinin ortamdaki süratine oranı olarak tanımlar.,Bilgi,Anlama,Tanıma ve hatırlama,Fiz06MK0034; Fiz06MK0035,,,ÇS,3 maddeden en az 2'si doğru,taslak,2026-10-01
Fiz07MK0034,07,Işığın saydam ortamlardaki kırılmasını incelemek için deney tasarlar.,Beceri,Yaratma,Üretme ve tasarım,Fiz07MK0033,,,PG,Rubrikte yeterli ve üstü,taslak,2026-10-01
Fiz07MK0035,07,Işığın tam yansımasını incelemek için deney tasarlar.,Beceri,Yaratma,Üretme ve tasarım,Fiz07MK0033,,,PG,Rubrikte yeterli ve üstü,taslak,2026-10-01
Fiz07MK0036,07,Gelme ve kırılma açılarını ölçüp kaydeder.,Beceri,Uygulama,Gözlem ve kayıt,Fiz07MK0034,,,PG,Rubrikte yeterli ve üstü,taslak,2026-10-01
Fiz07MK0037,07,Verilerden n₁·sinθ₁ = n₂·sinθ₂ (Snell Yasası) modeline ulaşır.,Beceri,Analiz,Model kurma,Fiz07MK0036; Fiz06MK0040; Fiz06MK0041,Trigonometrik oranlar (matematik ön öğrenmesi),,AU,3 maddeden en az 2'si doğru,taslak,2026-10-01
Fiz07MK0038,07,Işığın az kırıcı ortama geçerken normalden uzaklaştığı çıkarımını yapar.,Bilgi,Analiz,Çıkarım ve ilişkilendirme,Fiz07MK0037,,,ÇS; AU,3 maddeden en az 2'si doğru,taslak,2026-10-01
Fiz07MK0039,07,Yüzeye dik gelen ışığın kırılmadan geçtiği çıkarımını yapar.,Bilgi,Analiz,Çıkarım ve ilişkilendirme,Fiz07MK0037,,Fiz07YG0005,ÇS; AU,3 maddeden en az 2'si doğru,taslak,2026-10-01
Fiz07MK0040,07,Snell Yasası’yla kırılma açısını hesaplar.,Beceri,Uygulama,Kural uygulama,Fiz07MK0037,,,ÇS,3 maddeden en az 2'si doğru,taslak,2026-10-01
Fiz07MK0041,07,Snell Yasası’yla sınır açısını hesaplar.,Beceri,Uygulama,Kural uygulama,Fiz07MK0037,,,ÇS,3 maddeden en az 2'si doğru,taslak,2026-10-01
Fiz07MK0042,07,Gelme açısı sınır açısını aştığında ışığın tam yansımaya uğradığı çıkarımını yapar.,Bilgi,Analiz,Çıkarım ve ilişkilendirme,Fiz07MK0038; Fiz07MK0039,,,ÇS,3 maddeden en az 2'si doğru,taslak,2026-10-01
Fiz07MK0043,07,Gerçek derinliği tanımlar.,Bilgi,Anlama,Tanıma ve hatırlama,Fiz07MK0033,,,ÇS,3 maddeden en az 2'si doğru,taslak,2026-10-01
Fiz07MK0044,07,Görünür derinliği tanımlar.,Bilgi,Anlama,Tanıma ve hatırlama,Fiz07MK0033,,,ÇS,3 maddeden en az 2'si doğru,taslak,2026-10-01
Fiz07MK0045,07,Farklı sıvılarda ve derinliklerde görünür derinliği gözlemleyip kaydeder.,Beceri,Uygulama,Gözlem ve kayıt,Fiz07MK0043; Fiz07MK0044,,,PG,Rubrikte yeterli ve üstü,taslak,2026-10-01
Fiz07MK0046,07,Görünür derinliğin gerçek derinliğe göre değiştiğini açıklar.,Bilgi,Analiz,Çıkarım ve ilişkilendirme,Fiz07MK0045; Fiz07MK0038; Fiz07MK0039,,,ÇS; AU,3 maddeden en az 2'si doğru,taslak,2026-10-01
Fiz07MK0047,07,Görünür derinliğin ortamların kırma indislerine göre değiştiğini açıklar.,Bilgi,Analiz,Çıkarım ve ilişkilendirme,Fiz07MK0045; Fiz07MK0038; Fiz07MK0039,,Fiz07YG0006,ÇS; AU,3 maddeden en az 2'si doğru,taslak,2026-10-01
Fiz07MK0048,07,"Fiber optik malzemelerin yapısı, çalışma ilkesi ve kullanım alanları hakkında güvenilir kaynaklardan bilgi toplar.",Beceri,Uygulama,Gözlem ve kayıt,Fiz07MK0042,,,PG,Rubrikte yeterli ve üstü,taslak,2026-10-01
Fiz07MK0049,07,Fiber optikle ilgili topladığı bilgileri güvenilir kaynaklarla doğrular.,Beceri,Değerlendirme,Sınama ve değerlendirme,Fiz07MK0048,,,PG,Rubrikte yeterli ve üstü,taslak,2026-10-01
Fiz07MK0050,07,Fiber optik kabloda ışığın art arda tam yansımalarla iletildiğini açıklar.,Bilgi,Anlama,Açıklama ve özetleme,Fiz07MK0042,,,ÇS; AU,3 maddeden en az 2'si doğru,taslak,2026-10-01
Fiz07MK0051,07,Fiber optikle ilgili doğrulanmış bilgileri düzenli biçimde kaydeder.,Beceri,Uygulama,Dönüştürme,Fiz07MK0049,,,PG,Rubrikte yeterli ve üstü,taslak,2026-10-01
Fiz07MK0052,07,Kırılma yasalarının prizmalarda da geçerli olduğuna dair hipotez kurar.,Beceri,Analiz,Model kurma,Fiz07MK0038; Fiz07MK0039,,,AU,3 maddeden en az 2'si doğru,taslak,2026-10-01
Fiz07MK0053,07,Prizmayla ilgili hipotezini deney ya da simülasyonla test eder.,Beceri,Değerlendirme,Sınama ve değerlendirme,Fiz07MK0052,,,PG,Rubrikte yeterli ve üstü,taslak,2026-10-01
Fiz07MK0054,07,Birden fazla prizmadan oluşan sistemlerde tek renkli ışığın izleyeceği yolu çizerek açıklar.,Beceri,Uygulama,Transfer ve problem çözme,Fiz07MK0053,,,AU,3 maddeden en az 2'si doğru,taslak,2026-10-01
Fiz07MK0055,07,Merceğin asal eksenini belirtir.,Bilgi,Anlama,Tanıma ve hatırlama,Fiz07MK0037,,,ÇS,3 maddeden en az 2'si doğru,taslak,2026-10-01
Fiz07MK0056,07,Merceğin optik merkezini belirtir.,Bilgi,Anlama,Tanıma ve hatırlama,Fiz07MK0037,,,ÇS,3 maddeden en az 2'si doğru,taslak,2026-10-01
Fiz07MK0057,07,Merceğin odak noktalarını belirtir.,Bilgi,Anlama,Tanıma ve hatırlama,Fiz07MK0037,,Fiz07YG0007,ÇS,3 maddeden en az 2'si doğru,taslak,2026-10-01
Fiz07MK0058,07,Özel ışınların yakınsak mercekte kırıldıktan sonra izlediği yolu çizer.,Beceri,Uygulama,Kural uygulama,Fiz07MK0055; Fiz07MK0056; Fiz07MK0057,,,AU,3 maddeden en az 2'si doğru,taslak,2026-10-01
Fiz07MK0059,07,Özel ışınların ıraksak mercekte kırıldıktan sonra izlediği yolu çizer.,Beceri,Uygulama,Kural uygulama,Fiz07MK0055; Fiz07MK0056; Fiz07MK0057,,,AU,3 maddeden en az 2'si doğru,taslak,2026-10-01
Fiz07MK0060,07,Yakınsak ve ıraksak mercekleri ışınları toplama ya da dağıtma bakımından karşılaştırır.,Bilgi,Analiz,Karşılaştırma,Fiz07MK0058; Fiz07MK0059,,Fiz07YG0007,ÇS,3 maddeden en az 2'si doğru,taslak,2026-10-01
Fiz07MK0061,07,Yakınsak ve ıraksak mercekleri kullanım alanları bakımından karşılaştırır.,Bilgi,Analiz,Karşılaştırma,Fiz07MK0058; Fiz07MK0059,,,ÇS,3 maddeden en az 2'si doğru,taslak,2026-10-01
Fiz07MK0062,07,Merceklerde cismin yerine göre görüntünün yerini ve özelliklerini belirlemek için deney tasarlar.,Beceri,Yaratma,Üretme ve tasarım,Fiz07MK0060; Fiz07MK0061,,,PG,Rubrikte yeterli ve üstü,taslak,2026-10-01
Fiz07MK0063,07,Farklı konumlardaki cisimlerin mercekteki görüntülerini ışın çizimiyle bulur ve tabloya döker.,Beceri,Uygulama,Dönüştürme,Fiz07MK0062; Fiz07MK0058; Fiz07MK0059,,,AU; PG,3 maddeden en az 2'si doğru; PG'de rubrikte yeterli ve üstü,taslak,2026-10-01
Fiz07MK0064,07,Cismin konumuna göre mercekteki görüntünün gerçek ya da sanal olduğunu çıkarır.,Bilgi,Analiz,Çıkarım ve ilişkilendirme,Fiz07MK0063,,Fiz07YG0008,ÇS,3 maddeden en az 2'si doğru,taslak,2026-10-01
Fiz07MK0065,07,Cismin konumuna göre mercekteki görüntünün düz ya da ters olduğunu çıkarır.,Bilgi,Analiz,Çıkarım ve ilişkilendirme,Fiz07MK0063,,,ÇS,3 maddeden en az 2'si doğru,taslak,2026-10-01
Fiz07MK0066,07,Cismin konumuna göre mercekteki görüntünün büyük ya da küçük olduğunu çıkarır.,Bilgi,Analiz,Çıkarım ve ilişkilendirme,Fiz07MK0063,,Fiz07YG0008,ÇS,3 maddeden en az 2'si doğru,taslak,2026-10-01
Fiz08MK0001,08,Klasik fiziğin açıklayamadığı olgulara (siyah cisim ışıması) örnek vererek klasik ve modern fiziği ayırt eder.,Bilgi,Anlama,Ayırt etme ve sınıflama,Fiz01MK0012,Atom modelleri ve ışık (fen bilimleri ve kimya ön öğrenmesi),Fiz08YG0001,ÇS,3 maddeden en az 2'si doğru,taslak,2026-10-01
Fiz08MK0002,08,Siyah cisim ışımasını açıklamak için enerjinin Planck sabitiyle orantılı paketler (E = h·f) hâlinde yayıldığı varsayımının modern fiziği başlattığını kavramsal düzeyde açıklar.,Bilgi,Anlama,Açıklama ve özetleme,Fiz08MK0001; Fiz06MK0088,,Fiz08YG0001,ÇS; AU,3 maddeden en az 2'si doğru,taslak,2026-10-01
Fiz08MK0003,08,Planck sabiti ile fotoelektrik etki arasındaki ilişkiyi (ışık paketinin enerjisinin frekansla orantılı olması) belirler.,Bilgi,Analiz,Çıkarım ve ilişkilendirme,Fiz08MK0002,,,ÇS,3 maddeden en az 2'si doğru,taslak,2026-10-01
Fiz08MK0004,08,Simülasyonda farklı metaller ve ışık frekansları için elektron sökülüp sökülmediğini ve sökülen elektronların enerjisini gözlemler.,Beceri,Uygulama,Gözlem ve kayıt,Fiz08MK0003,,,PG,Rubrikte yeterli ve üstü,taslak,2026-10-01
Fiz08MK0005,08,Verilerden fotoelektrik etkinin Ek = h·f − φ modeline ulaşır.,Beceri,Analiz,Model kurma,Fiz08MK0004,,,AU,3 maddeden en az 2'si doğru,taslak,2026-10-01
Fiz08MK0006,08,Ek = h·f − φ modeliyle sökülen elektronun en büyük kinetik enerjisini ya da metalin eşik enerjisini hesaplar.,Beceri,Uygulama,Kural uygulama,Fiz08MK0005,,,ÇS; AU,3 maddeden en az 2'si doğru,taslak,2026-10-01
Fiz08MK0007,08,Elektron sökülmesini ışığın frekansının belirlediği genellemesini yapar.,Bilgi,Analiz,Çıkarım ve ilişkilendirme,Fiz08MK0005,,,ÇS; AU,3 maddeden en az 2'si doğru,taslak,2026-10-01
Fiz08MK0008,08,Işığın şiddetinin elektron sökülüp sökülmeyeceğini belirlemediği genellemesini yapar.,Bilgi,Analiz,Çıkarım ve ilişkilendirme,Fiz08MK0005,,Fiz08YG0002; Fiz08YG0003,ÇS; AU,3 maddeden en az 2'si doğru,taslak,2026-10-01
Fiz08MK0009,08,Fotoelektrik etki sonuçlarından ışığın foton adı verilen tanecikler gibi davrandığı çıkarımını yapar.,Bilgi,Analiz,Çıkarım ve ilişkilendirme,Fiz08MK0007; Fiz08MK0008,,,ÇS,3 maddeden en az 2'si doğru,taslak,2026-10-01
Fiz08MK0010,08,Fotoelektrik etkiyi kendi cümleleriyle tanımlar.,Bilgi,Anlama,Açıklama ve özetleme,Fiz08MK0007; Fiz08MK0008; Fiz08MK0009,,,AU,3 maddeden en az 2'si doğru,taslak,2026-10-01
Fiz08MK0011,08,Fotoelektrik etki hakkında araştırılabilir sorular sorar.,Beceri,Uygulama,Çıkarım ve ilişkilendirme,Fiz08MK0010,,,PG,Rubrikte yeterli ve üstü,taslak,2026-10-01
Fiz08MK0012,08,"Güneş pili, fotoselli kapı, alarm sistemi ve duman dedektörü gibi fotoelektrik uygulamaları hakkında güvenilir kaynaklardan bilgi toplar.",Beceri,Uygulama,Gözlem ve kayıt,Fiz08MK0011,,,PG,Rubrikte yeterli ve üstü,taslak,2026-10-01
Fiz08MK0013,08,Fotoelektrik etki ile ilgili topladığı bilgilerin doğruluğunu kaynağın güvenilirliği ve bilimsel tutarlılık açısından değerlendirir.,Beceri,Değerlendirme,Sınama ve değerlendirme,Fiz08MK0012,,,PG,Rubrikte yeterli ve üstü,taslak,2026-10-01
Fiz08MK0014,08,Fotoelektrik uygulamaların çalışma ilkesine ilişkin çıkarım yapar.,Bilgi,Analiz,Çıkarım ve ilişkilendirme,Fiz08MK0013,,,AU; PG,3 maddeden en az 2'si doğru; PG'de rubrikte yeterli ve üstü,taslak,2026-10-01
Fiz08MK0015,08,Yarı iletkenleri iletkenliği iletken ile yalıtkan arasında olan malzemeler olarak tanımlar.,Bilgi,Anlama,Tanıma ve hatırlama,Fiz05MK0011,,Fiz08YG0004,ÇS,3 maddeden en az 2'si doğru,taslak,2026-10-01
Fiz08MK0016,08,Yarı iletkenlerin iletkenliğinin sıcaklıkla değiştiğini belirtir.,Bilgi,Anlama,Tanıma ve hatırlama,Fiz08MK0015,,,ÇS,3 maddeden en az 2'si doğru,taslak,2026-10-01
Fiz08MK0017,08,Yarı iletkenlerin iletkenliğinin katkılamayla değiştiğini belirtir.,Bilgi,Anlama,Tanıma ve hatırlama,Fiz08MK0015,,,ÇS,3 maddeden en az 2'si doğru,taslak,2026-10-01
Fiz08MK0018,08,Yarı iletkenler hakkında araştırılabilir sorular sorar.,Beceri,Uygulama,Çıkarım ve ilişkilendirme,Fiz08MK0015; Fiz08MK0016; Fiz08MK0017,,,PG,Rubrikte yeterli ve üstü,taslak,2026-10-01
Fiz08MK0019,08,"Diyot, transistör, LED ve entegre devre gibi yarı iletken uygulamaları hakkında güvenilir kaynaklardan bilgi toplar.",Beceri,Uygulama,Gözlem ve kayıt,Fiz08MK0018,,,PG,Rubrikte yeterli ve üstü,taslak,2026-10-01
Fiz08MK0020,08,Yarı iletkenler ile ilgili topladığı bilgilerin doğruluğunu kaynağın güvenilirliği ve bilimsel tutarlılık açısından değerlendirir.,Beceri,Değerlendirme,Sınama ve değerlendirme,Fiz08MK0019,,,PG,Rubrikte yeterli ve üstü,taslak,2026-10-01
Fiz08MK0021,08,Yarı iletkenlerin kullanım alanları ve teknolojideki önemine ilişkin çıkarım yapar.,Bilgi,Analiz,Çıkarım ve ilişkilendirme,Fiz08MK0020,,,AU; PG,3 maddeden en az 2'si doğru; PG'de rubrikte yeterli ve üstü,taslak,2026-10-01
Fiz08MK0022,08,Süper iletkenleri kritik sıcaklığın altında direnci sıfıra inen malzemeler olarak tanımlar.,Bilgi,Anlama,Tanıma ve hatırlama,Fiz05MK0011,,Fiz08YG0005,ÇS,3 maddeden en az 2'si doğru,taslak,2026-10-01
Fiz08MK0023,08,Süper iletkenler hakkında araştırılabilir sorular sorar.,Beceri,Uygulama,Çıkarım ve ilişkilendirme,Fiz08MK0022,,,PG,Rubrikte yeterli ve üstü,taslak,2026-10-01
Fiz08MK0024,08,"Maglev tren, MR ve parçacık hızlandırıcıları gibi süper iletken uygulamaları hakkında güvenilir kaynaklardan bilgi toplar.",Beceri,Uygulama,Gözlem ve kayıt,Fiz08MK0023,,,PG,Rubrikte yeterli ve üstü,taslak,2026-10-01
Fiz08MK0025,08,Süper iletkenler ile ilgili topladığı bilgilerin doğruluğunu kaynağın güvenilirliği ve bilimsel tutarlılık açısından değerlendirir.,Beceri,Değerlendirme,Sınama ve değerlendirme,Fiz08MK0024,,,PG,Rubrikte yeterli ve üstü,taslak,2026-10-01
Fiz08MK0026,08,Süper iletkenlerin ulaşım ve enerji iletimindeki önemine ilişkin çıkarım yapar.,Bilgi,Analiz,Çıkarım ve ilişkilendirme,Fiz08MK0025,,,AU; PG,3 maddeden en az 2'si doğru; PG'de rubrikte yeterli ve üstü,taslak,2026-10-01
Fiz08MK0027,08,Süper iletkenlerin sınırlılıklarına ilişkin çıkarım yapar.,Bilgi,Analiz,Çıkarım ve ilişkilendirme,Fiz08MK0025,,Fiz08YG0005,AU; PG,3 maddeden en az 2'si doğru; PG'de rubrikte yeterli ve üstü,taslak,2026-10-01
Fiz08MK0028,08,Kuarkları standart modelde adlandırır ve sınıflandırır.,Bilgi,Anlama,Ayırt etme ve sınıflama,Fiz02MK0031; Fiz02MK0032,,Fiz08YG0006,ÇS,3 maddeden en az 2'si doğru,taslak,2026-10-01
Fiz08MK0029,08,Leptonları standart modelde adlandırır ve sınıflandırır.,Bilgi,Anlama,Ayırt etme ve sınıflama,Fiz02MK0030; Fiz02MK0032,,,ÇS,3 maddeden en az 2'si doğru,taslak,2026-10-01
Fiz08MK0030,08,Ayar bozonlarını standart modelde adlandırır ve sınıflandırır.,Bilgi,Anlama,Ayırt etme ve sınıflama,Fiz02MK0029; Fiz02MK0030; Fiz02MK0031; Fiz02MK0032,,,ÇS,3 maddeden en az 2'si doğru,taslak,2026-10-01
Fiz08MK0031,08,Higgs bozonunu standart modelde adlandırır.,Bilgi,Hatırlama,Tanıma ve hatırlama,Fiz08MK0030,,,ÇS,3 maddeden en az 2'si doğru,taslak,2026-10-01
Fiz08MK0032,08,Temel parçacıklar ile temel kuvvetler arasındaki ilişkiyi (ayar bozonlarının kuvveti taşıması) belirler.,Bilgi,Analiz,Çıkarım ve ilişkilendirme,Fiz08MK0030; Fiz02MK0033; Fiz02MK0034; Fiz02MK0035,,,ÇS,3 maddeden en az 2'si doğru,taslak,2026-10-01
Fiz08MK0033,08,Proton ve nötronun kuarklardan oluştuğunu ortaya koyar.,Bilgi,Analiz,Çıkarım ve ilişkilendirme,Fiz08MK0028,,Fiz08YG0006,ÇS,3 maddeden en az 2'si doğru,taslak,2026-10-01
Fiz08MK0034,08,Elektronun bir lepton olduğunu ortaya koyar.,Bilgi,Analiz,Çıkarım ve ilişkilendirme,Fiz08MK0029,,,ÇS,3 maddeden en az 2'si doğru,taslak,2026-10-01
Fiz08MK0035,08,Temel parçacık bilgisini kullanarak Modern Atom Teorisi’ne göre atomun yapısını Bohr modeli ve matematiksel model kullanmadan açıklar.,Bilgi,Anlama,Açıklama ve özetleme,Fiz08MK0033; Fiz08MK0034,,Fiz08YG0007,AU,3 maddeden en az 2'si doğru,taslak,2026-10-01
Fiz08MK0036,08,"Nükleer enerji (fisyon, füzyon, santraller) hakkında araştırılabilir sorular sorar.",Beceri,Uygulama,Çıkarım ve ilişkilendirme,Fiz08MK0035,,,PG,Rubrikte yeterli ve üstü,taslak,2026-10-01
Fiz08MK0037,08,"Nükleer santraller, nükleer atıklar ve füzyon araştırmaları hakkında güvenilir kaynaklardan bilgi toplar.",Beceri,Uygulama,Gözlem ve kayıt,Fiz08MK0036,,,PG,Rubrikte yeterli ve üstü,taslak,2026-10-01
Fiz08MK0038,08,"Nükleer enerji (fisyon, füzyon, santraller) ile ilgili topladığı bilgilerin doğruluğunu kaynağın güvenilirliği ve bilimsel tutarlılık açısından değerlendirir.",Beceri,Değerlendirme,Sınama ve değerlendirme,Fiz08MK0037,,,PG,Rubrikte yeterli ve üstü,taslak,2026-10-01
Fiz08MK0039,08,Nükleer enerjinin avantajlarına ilişkin diğer kaynaklarla karşılaştırarak çıkarım yapar.,Bilgi,Analiz,Çıkarım ve ilişkilendirme,Fiz08MK0038; Fiz04MK0114,,,AU; PG,3 maddeden en az 2'si doğru; PG'de rubrikte yeterli ve üstü,taslak,2026-10-01
Fiz08MK0040,08,Nükleer enerjinin risklerine ilişkin diğer kaynaklarla karşılaştırarak çıkarım yapar.,Bilgi,Analiz,Çıkarım ve ilişkilendirme,Fiz08MK0038; Fiz04MK0114,,Fiz08YG0008,AU; PG,3 maddeden en az 2'si doğru; PG'de rubrikte yeterli ve üstü,taslak,2026-10-01
