kod,ana_unite,ifade,tur,bilissel_duzey,islem_turu,on_kosul_kodlari,on_kosul_diger,yanilgilar,olcme_turleri,ustalik_olcutu,durum,eklenme_tarihi
Mat01MK0001,01,Nüfus ve mesafe gibi günlük hayat bağlamlarından altıdan çok basamaklı sayılara ilişkin bilgi toplar.,Beceri,Uygulama,Gözlem ve kayıt,,Altı basamaklı sayılar (önceki sınıflar),,PG,Rubrikte yeterli ve üstü,taslak,2026-10-01
Mat01MK0002,01,"Basamak kavramını (birler, onlar, yüzler) belirtir.",Bilgi,Hatırlama,Tanıma ve hatırlama,Mat01MK0001,,,ÇS,3 maddeden en az 2'si doğru,taslak,2026-10-01
Mat01MK0003,01,"Bölük kavramını (birler, binler, milyonlar, milyarlar bölüğü) belirtir.",Bilgi,Hatırlama,Tanıma ve hatırlama,Mat01MK0001,,,ÇS,3 maddeden en az 2'si doğru,taslak,2026-10-01
Mat01MK0004,01,Sayıların bölükleri ile okunuşları arasındaki benzerlik ve farklılıkları karşılaştırır.,Bilgi,Analiz,Karşılaştırma,Mat01MK0003,,,ÇS,3 maddeden en az 2'si doğru,taslak,2026-10-01
Mat01MK0005,01,Çok basamaklı sayıların basamak değerlerini belirler.,Beceri,Uygulama,Dönüştürme,Mat01MK0002,,,ÇS,3 maddeden en az 2'si doğru,taslak,2026-10-01
Mat01MK0006,01,Çok basamaklı bir sayıyı çözümlenmiş biçimde yazar.,Beceri,Uygulama,Dönüştürme,Mat01MK0005,,,ÇS,3 maddeden en az 2'si doğru,taslak,2026-10-01
Mat01MK0007,01,Bölük örüntüsünden çok basamaklı sayıların okunuşuna ilişkin genelleme yapar.,Bilgi,Analiz,Çıkarım ve ilişkilendirme,Mat01MK0004,,,AU,3 maddeden en az 2'si doğru,taslak,2026-10-01
Mat01MK0008,01,Bölük örüntüsünden çok basamaklı sayıların yazılışına ilişkin genelleme yapar.,Bilgi,Analiz,Çıkarım ve ilişkilendirme,Mat01MK0004,,,AU,3 maddeden en az 2'si doğru,taslak,2026-10-01
Mat01MK0009,01,Çok basamaklı doğal sayıları karşılaştırır ve sıralar.,Beceri,Uygulama,Kural uygulama,Mat01MK0005,,,ÇS,3 maddeden en az 2'si doğru,taslak,2026-10-01
Mat01MK0010,01,Çok basamaklı bir sayıyı okur.,Beceri,Uygulama,Kural uygulama,Mat01MK0007,,,ÇS,3 maddeden en az 2'si doğru,taslak,2026-10-01
Mat01MK0011,01,Okunuşu verilen çok basamaklı sayıyı rakamla yazar.,Beceri,Uygulama,Kural uygulama,Mat01MK0008,,Mat01YG0001,ÇS,3 maddeden en az 2'si doğru,taslak,2026-10-01
Mat01MK0012,01,"Doğal sayılar ve işlemler içeren problemlerde nicelikleri ve aralarındaki ilişkileri belirleyerek problemi uygun temsile (şekil, tablo, sayı doğrusu, denklem) dönüştürür.",Beceri,Uygulama,Dönüştürme,Mat01MK0013; Mat01MK0014; Mat01MK0015; Mat01MK0018,,,AU,3 maddeden en az 2'si doğru,taslak,2026-10-01
Mat01MK0013,01,Doğal sayılarla en çok beş basamaklı toplama yapar.,Beceri,Uygulama,Kural uygulama,Mat01MK0005,,,ÇS,3 maddeden en az 2'si doğru,taslak,2026-10-01
Mat01MK0014,01,Doğal sayılarla en çok beş basamaklı çıkarma yapar.,Beceri,Uygulama,Kural uygulama,Mat01MK0005,,,ÇS,3 maddeden en az 2'si doğru,taslak,2026-10-01
Mat01MK0015,01,En çok üç basamaklı iki doğal sayıyla çarpma yapar.,Beceri,Uygulama,Kural uygulama,Mat01MK0013,,Mat01YG0002,ÇS,3 maddeden en az 2'si doğru,taslak,2026-10-01
Mat01MK0016,01,İşlem sonucunu sayıları yuvarlayarak kestirir.,Beceri,Uygulama,Kural uygulama,Mat01MK0013; Mat01MK0014,,,ÇS,3 maddeden en az 2'si doğru,taslak,2026-10-01
Mat01MK0017,01,"İşlem sonucunu tahmin stratejileriyle (ön basamak, uyumlu sayılar) kestirir.",Beceri,Uygulama,Kural uygulama,Mat01MK0013; Mat01MK0014,,,ÇS,3 maddeden en az 2'si doğru,taslak,2026-10-01
Mat01MK0018,01,Dört basamaklı bir doğal sayıyı iki basamaklı bir doğal sayıya böler.,Beceri,Uygulama,Kural uygulama,Mat01MK0015; Mat01MK0014,,Mat01YG0003,ÇS,3 maddeden en az 2'si doğru,taslak,2026-10-01
Mat01MK0019,01,Doğal sayılar ve işlemler içeren problemler için strateji geliştirip uygulayarak problemi çözer.,Beceri,Uygulama,Transfer ve problem çözme,Mat01MK0012,,,ÇS; AU,3 maddeden en az 2'si doğru,taslak,2026-10-01
Mat01MK0020,01,"Doğal sayılar ve işlemler içeren problemlerin çözümünü kontrol eder, çözüme ulaştırmayan stratejiyi değiştirir ve farklı çözüm yollarını değerlendirir.",Beceri,Değerlendirme,Sınama ve değerlendirme,Mat01MK0019,,,AU,3 maddeden en az 2'si doğru,taslak,2026-10-01
Mat01MK0021,01,Doğal sayılar ve işlemler içeren problemlerde kullandığı stratejiyi farklı problemlere genelleyerek genellemenin geçerliliğini örneklerle değerlendirir.,Beceri,Analiz,Çıkarım ve ilişkilendirme,Mat01MK0020,,,AU,3 maddeden en az 2'si doğru,taslak,2026-10-01
Mat01MK0022,01,Bileşik kesrin gerçek yaşamdaki kullanımını açıklar.,Bilgi,Anlama,Açıklama ve özetleme,,Kesir kavramı ve denk kesir (önceki sınıflar),,ÇS,3 maddeden en az 2'si doğru,taslak,2026-10-01
Mat01MK0023,01,Tam sayılı kesrin gerçek yaşamdaki kullanımını açıklar.,Bilgi,Anlama,Açıklama ve özetleme,,Kesir kavramı ve denk kesir (önceki sınıflar),,ÇS,3 maddeden en az 2'si doğru,taslak,2026-10-01
Mat01MK0024,01,Ondalık gösterimin gerçek yaşamdaki kullanımını açıklar.,Bilgi,Anlama,Açıklama ve özetleme,,Kesir kavramı ve denk kesir (önceki sınıflar),,ÇS,3 maddeden en az 2'si doğru,taslak,2026-10-01
Mat01MK0025,01,Yüzde gösteriminin gerçek yaşamdaki kullanımını açıklar.,Bilgi,Anlama,Açıklama ve özetleme,,Kesir kavramı ve denk kesir (önceki sınıflar),,ÇS,3 maddeden en az 2'si doğru,taslak,2026-10-01
Mat01MK0026,01,Denk kesirleri sadeleştirmeyle elde eder.,Beceri,Uygulama,Kural uygulama,Mat01MK0018,,,ÇS,3 maddeden en az 2'si doğru,taslak,2026-10-01
Mat01MK0027,01,Denk kesirleri genişletmeyle elde eder.,Beceri,Uygulama,Kural uygulama,Mat01MK0015,,Mat01YG0004,ÇS,3 maddeden en az 2'si doğru,taslak,2026-10-01
Mat01MK0028,01,Kesirleri sayı doğrusunda gösterir.,Beceri,Uygulama,Dönüştürme,Mat01MK0022; Mat01MK0023,,,ÇS,3 maddeden en az 2'si doğru,taslak,2026-10-01
Mat01MK0029,01,Kesirleri yüzlük kartta modelle gösterir.,Beceri,Uygulama,Dönüştürme,Mat01MK0025; Mat01MK0024,,,ÇS,3 maddeden en az 2'si doğru,taslak,2026-10-01
Mat01MK0030,01,Bileşik kesri tam sayılı kesre dönüştürür.,Beceri,Uygulama,Dönüştürme,Mat01MK0022; Mat01MK0023; Mat01MK0018,,,ÇS,3 maddeden en az 2'si doğru,taslak,2026-10-01
Mat01MK0031,01,Tam sayılı kesri bileşik kesre dönüştürür.,Beceri,Uygulama,Dönüştürme,Mat01MK0022; Mat01MK0023; Mat01MK0015,,Mat01YG0005,ÇS,3 maddeden en az 2'si doğru,taslak,2026-10-01
Mat01MK0032,01,"Paydası 10, 100 ve 1000 olan kesirleri ondalık gösterimle ifade eder.",Beceri,Uygulama,Dönüştürme,Mat01MK0027; Mat01MK0024,,,ÇS,3 maddeden en az 2'si doğru,taslak,2026-10-01
Mat01MK0033,01,Paydası 100 olan kesirleri yüzdeyle ifade eder.,Beceri,Uygulama,Dönüştürme,Mat01MK0027; Mat01MK0025,,Mat01YG0006,ÇS,3 maddeden en az 2'si doğru,taslak,2026-10-01
Mat01MK0034,01,Yüzdeyi kesre dönüştürür.,Beceri,Uygulama,Dönüştürme,Mat01MK0026; Mat01MK0025,,Mat01YG0006,ÇS,3 maddeden en az 2'si doğru,taslak,2026-10-01
Mat01MK0035,01,Kesir modellerini kullanışlılık bakımından karşılaştırıp bir durum için uygun modele karar verir.,Beceri,Değerlendirme,Sınama ve değerlendirme,Mat01MK0032; Mat01MK0033; Mat01MK0029,,,AU,3 maddeden en az 2'si doğru,taslak,2026-10-01
Mat01MK0036,01,Farklı gösterimlerle ifade edilen kesirlerin karşılaştırılmasına yönelik varsayımda bulunup genelleme belirler.,Bilgi,Analiz,Çıkarım ve ilişkilendirme,Mat01MK0030; Mat01MK0031; Mat01MK0032; Mat01MK0033; Mat01MK0034,,Mat01YG0007,AU,3 maddeden en az 2'si doğru,taslak,2026-10-01
Mat01MK0037,01,Ondalık gösterimleri karşılaştırır.,Beceri,Uygulama,Kural uygulama,Mat01MK0032,,,ÇS,3 maddeden en az 2'si doğru,taslak,2026-10-01
Mat01MK0038,01,Yüzdeleri karşılaştırır.,Beceri,Uygulama,Kural uygulama,Mat01MK0033,,,ÇS,3 maddeden en az 2'si doğru,taslak,2026-10-01
Mat01MK0039,01,Paydaları eşit kesirleri karşılaştırır.,Beceri,Uygulama,Kural uygulama,Mat01MK0036,,,ÇS,3 maddeden en az 2'si doğru,taslak,2026-10-01
Mat01MK0040,01,Payları eşit kesirleri karşılaştırır.,Beceri,Uygulama,Kural uygulama,Mat01MK0036,,Mat01YG0007,ÇS,3 maddeden en az 2'si doğru,taslak,2026-10-01
Mat01MK0041,01,Paydaları farklı kesirleri denk kesirlere genişleterek karşılaştırır.,Beceri,Uygulama,Kural uygulama,Mat01MK0039; Mat01MK0040; Mat01MK0027,,,ÇS,3 maddeden en az 2'si doğru,taslak,2026-10-01
Mat01MK0042,01,Kesir karşılaştırma genellemesini sayı doğrusu ve şekil gibi temsillerle sınar.,Beceri,Değerlendirme,Sınama ve değerlendirme,Mat01MK0036,,,AU,3 maddeden en az 2'si doğru,taslak,2026-10-01
Mat01MK0043,01,Farklı gösterimlerle verilen kesirleri karşılaştırarak sıralar ve sonucu sembolle ifade eder.,Beceri,Uygulama,Kural uygulama,Mat01MK0042; Mat01MK0041; Mat01MK0037; Mat01MK0038,,,ÇS,3 maddeden en az 2'si doğru,taslak,2026-10-01
Mat01MK0044,01,Bir doğal sayının karesini tekrarlı çarpım olarak ifade eder ve hesaplar.,Beceri,Uygulama,Kural uygulama,Mat01MK0015,,,ÇS,3 maddeden en az 2'si doğru,taslak,2026-10-01
Mat01MK0045,01,Bir doğal sayının küpünü tekrarlı çarpım olarak ifade eder ve hesaplar.,Beceri,Uygulama,Kural uygulama,Mat01MK0015,,,ÇS,3 maddeden en az 2'si doğru,taslak,2026-10-01
Mat01MK0046,01,Bir doğal sayının çarpanlarını çarpan çiftleriyle sistematik olarak bulur.,Beceri,Uygulama,Kural uygulama,Mat01MK0018,,,ÇS,3 maddeden en az 2'si doğru,taslak,2026-10-01
Mat01MK0047,01,Bir doğal sayının katlarını yazar.,Beceri,Uygulama,Kural uygulama,Mat01MK0015,,,ÇS,3 maddeden en az 2'si doğru,taslak,2026-10-01
Mat01MK0048,01,Bir doğal sayının çarpanlarının sınırlı sayıda olduğu genellemesini örneklerden belirler.,Bilgi,Analiz,Çıkarım ve ilişkilendirme,Mat01MK0046,,,ÇS,3 maddeden en az 2'si doğru,taslak,2026-10-01
Mat01MK0049,01,Bir doğal sayının katlarının sonsuz sayıda olduğu genellemesini örneklerden belirler.,Bilgi,Analiz,Çıkarım ve ilişkilendirme,Mat01MK0047,,Mat01YG0008,ÇS,3 maddeden en az 2'si doğru,taslak,2026-10-01
Mat01MK0050,01,Çarpanların sınırlı sayıda olduğu genellemesini dikdörtgen modeli gibi modellerle sınar.,Beceri,Değerlendirme,Sınama ve değerlendirme,Mat01MK0048,,,AU,3 maddeden en az 2'si doğru,taslak,2026-10-01
Mat01MK0051,01,Katların sonsuz sayıda olduğu genellemesini sayı doğrusu gibi modellerle sınar.,Beceri,Değerlendirme,Sınama ve değerlendirme,Mat01MK0049,,,AU,3 maddeden en az 2'si doğru,taslak,2026-10-01
Mat01MK0052,01,Çarpanlarla ilgili önermeyi sözel ya da sembolik olarak ifade eder ve kapsayıcı örneklerle gerekçelendirir.,Beceri,Uygulama,Dönüştürme,Mat01MK0050,,,AU,3 maddeden en az 2'si doğru,taslak,2026-10-01
Mat01MK0053,01,Katlarla ilgili önermeyi sözel ya da sembolik olarak ifade eder ve kapsayıcı örneklerle gerekçelendirir.,Beceri,Uygulama,Dönüştürme,Mat01MK0051,,,AU,3 maddeden en az 2'si doğru,taslak,2026-10-01
Mat01MK0054,01,"2, 5 ve 10 ile bölünebilme kurallarını son basamaktan genelleyerek belirler.",Bilgi,Analiz,Çıkarım ve ilişkilendirme,Mat01MK0047,,,ÇS,3 maddeden en az 2'si doğru,taslak,2026-10-01
Mat01MK0055,01,3 ve 9 ile bölünebilme kurallarını basamak değerlerinden genelleyerek belirler.,Bilgi,Analiz,Çıkarım ve ilişkilendirme,Mat01MK0047,,,ÇS,3 maddeden en az 2'si doğru,taslak,2026-10-01
Mat01MK0056,01,4 ile bölünebilme kuralını son iki basamaktan genelleyerek belirler.,Bilgi,Analiz,Çıkarım ve ilişkilendirme,Mat01MK0047,,,ÇS,3 maddeden en az 2'si doğru,taslak,2026-10-01
Mat01MK0057,01,6 ile bölünebilmenin 2 ve 3 ile bölünebilmeye dayandığını genelleyerek belirler.,Bilgi,Analiz,Çıkarım ve ilişkilendirme,Mat01MK0047,,,ÇS,3 maddeden en az 2'si doğru,taslak,2026-10-01
Mat01MK0058,01,"2, 5 ve 10 ile bölünebilme genellemesini örneklerle sınar.",Beceri,Değerlendirme,Sınama ve değerlendirme,Mat01MK0054,,,AU,3 maddeden en az 2'si doğru,taslak,2026-10-01
Mat01MK0059,01,3 ve 9 ile bölünebilme genellemesini örneklerle sınar.,Beceri,Değerlendirme,Sınama ve değerlendirme,Mat01MK0055,,,AU,3 maddeden en az 2'si doğru,taslak,2026-10-01
Mat01MK0060,01,4 ile bölünebilme genellemesini örneklerle sınar.,Beceri,Değerlendirme,Sınama ve değerlendirme,Mat01MK0056,,,AU,3 maddeden en az 2'si doğru,taslak,2026-10-01
Mat01MK0061,01,6 ile bölünebilme genellemesini örneklerle sınar.,Beceri,Değerlendirme,Sınama ve değerlendirme,Mat01MK0057,,,AU,3 maddeden en az 2'si doğru,taslak,2026-10-01
Mat01MK0062,01,2 ile bölünebilme kuralını son basamağa bakarak kullanır.,Beceri,Uygulama,Kural uygulama,Mat01MK0058,,,ÇS,3 maddeden en az 2'si doğru,taslak,2026-10-01
Mat01MK0063,01,5 ile bölünebilme kuralını son basamağa bakarak kullanır.,Beceri,Uygulama,Kural uygulama,Mat01MK0058,,,ÇS,3 maddeden en az 2'si doğru,taslak,2026-10-01
Mat01MK0064,01,10 ile bölünebilme kuralını son basamağa bakarak kullanır.,Beceri,Uygulama,Kural uygulama,Mat01MK0058,,,ÇS,3 maddeden en az 2'si doğru,taslak,2026-10-01
Mat01MK0065,01,3 ile bölünebilme kuralını rakamlar toplamıyla kullanır.,Beceri,Uygulama,Kural uygulama,Mat01MK0059,,Mat01YG0009,ÇS,3 maddeden en az 2'si doğru,taslak,2026-10-01
Mat01MK0066,01,9 ile bölünebilme kuralını rakamlar toplamıyla kullanır.,Beceri,Uygulama,Kural uygulama,Mat01MK0059,,,ÇS,3 maddeden en az 2'si doğru,taslak,2026-10-01
Mat01MK0067,01,4 ile bölünebilme kuralını son iki basamakla kullanır.,Beceri,Uygulama,Kural uygulama,Mat01MK0060,,,ÇS,3 maddeden en az 2'si doğru,taslak,2026-10-01
Mat01MK0068,01,6 ile bölünebilmeyi 2 ve 3 ile bölünebilmenin birlikte sağlanmasıyla belirler.,Beceri,Uygulama,Kural uygulama,Mat01MK0062; Mat01MK0065,,Mat01YG0010,ÇS,3 maddeden en az 2'si doğru,taslak,2026-10-01
Mat01MK0069,01,"2, 5 ve 10 ile bölünebilme kurallarının farklı durumlarda kullanışlılığını değerlendirir.",Beceri,Değerlendirme,Sınama ve değerlendirme,Mat01MK0062; Mat01MK0063; Mat01MK0064,,,AU,3 maddeden en az 2'si doğru,taslak,2026-10-01
Mat01MK0070,01,3 ve 9 ile bölünebilme kurallarının farklı durumlarda kullanışlılığını değerlendirir.,Beceri,Değerlendirme,Sınama ve değerlendirme,Mat01MK0065; Mat01MK0066,,,AU,3 maddeden en az 2'si doğru,taslak,2026-10-01
Mat01MK0071,01,4 ile bölünebilme kurallarının farklı durumlarda kullanışlılığını değerlendirir.,Beceri,Değerlendirme,Sınama ve değerlendirme,Mat01MK0067,,,AU,3 maddeden en az 2'si doğru,taslak,2026-10-01
Mat01MK0072,01,6 ile bölünebilme kurallarının farklı durumlarda kullanışlılığını değerlendirir.,Beceri,Değerlendirme,Sınama ve değerlendirme,Mat01MK0062; Mat01MK0065; Mat01MK0068,,,AU,3 maddeden en az 2'si doğru,taslak,2026-10-01
Mat01MK0073,01,Bir doğal sayının asal olup olmadığını belirler.,Bilgi,Anlama,Ayırt etme ve sınıflama,Mat01MK0046,,Mat01YG0011; Mat01YG0012,ÇS,3 maddeden en az 2'si doğru,taslak,2026-10-01
Mat01MK0074,01,Yüzlük tablo ya da Eratosthenes kalburuyla 100’e kadar asal sayıları belirler.,Beceri,Uygulama,Kural uygulama,Mat01MK0073,,,ÇS,3 maddeden en az 2'si doğru,taslak,2026-10-01
Mat01MK0075,01,Bir doğal sayıyı asal çarpan ağacı ya da bölme algoritmasıyla asal çarpanlarına ayırır.,Beceri,Uygulama,Kural uygulama,Mat01MK0074; Mat01MK0062; Mat01MK0063; Mat01MK0065,,,ÇS,3 maddeden en az 2'si doğru,taslak,2026-10-01
Mat01MK0076,01,"Asal sayıların özelliklerini (1 ve kendisinden başka böleni olmaması, 2’nin tek çift asal olması) belirler.",Bilgi,Analiz,Çıkarım ve ilişkilendirme,Mat01MK0075,,,ÇS,3 maddeden en az 2'si doğru,taslak,2026-10-01
Mat01MK0077,01,Bir doğal sayının asal çarpanlarına ayrılışının tek türlü olduğunu belirler.,Bilgi,Analiz,Çıkarım ve ilişkilendirme,Mat01MK0075,,,ÇS,3 maddeden en az 2'si doğru,taslak,2026-10-01
Mat01MK0078,01,Bir doğal sayıyı asal çarpanlarının çarpımı olarak üslü gösterimle yazar.,Beceri,Uygulama,Dönüştürme,Mat01MK0075; Mat01MK0044; Mat01MK0045,,,ÇS,3 maddeden en az 2'si doğru,taslak,2026-10-01
Mat01MK0079,01,İki doğal sayının ortak bölenlerini listeleyerek bulur.,Beceri,Uygulama,Kural uygulama,Mat01MK0046,,Mat01YG0013,ÇS,3 maddeden en az 2'si doğru,taslak,2026-10-01
Mat01MK0080,01,İki doğal sayının ortak katlarını listeleyerek bulur.,Beceri,Uygulama,Kural uygulama,Mat01MK0047,,Mat01YG0013,ÇS,3 maddeden en az 2'si doğru,taslak,2026-10-01
Mat01MK0081,01,İki sayının en büyük ortak bölenini listeleme yoluyla belirler.,Beceri,Uygulama,Kural uygulama,Mat01MK0079,,,ÇS,3 maddeden en az 2'si doğru,taslak,2026-10-01
Mat01MK0082,01,İki sayının en küçük ortak katını listeleme yoluyla belirler.,Beceri,Uygulama,Kural uygulama,Mat01MK0080,,,ÇS,3 maddeden en az 2'si doğru,taslak,2026-10-01
Mat01MK0083,01,"Ortak kat ilişkisini çizim, tablo ve sayı doğrusuyla gösterir.",Beceri,Uygulama,Dönüştürme,Mat01MK0080,,,AU,3 maddeden en az 2'si doğru,taslak,2026-10-01
Mat01MK0084,01,"Ortak bölen ilişkisini çizim, tablo ve sayı doğrusuyla gösterir.",Beceri,Uygulama,Dönüştürme,Mat01MK0079,,,AU,3 maddeden en az 2'si doğru,taslak,2026-10-01
Mat01MK0085,01,Ortak katı kendi ifadeleriyle açıklayıp günlük durumlarla (eşit aralıkla dikim) ilişkilendirir.,Bilgi,Anlama,Açıklama ve özetleme,Mat01MK0083,,Mat01YG0013,AU,3 maddeden en az 2'si doğru,taslak,2026-10-01
Mat01MK0086,01,Ortak böleni kendi ifadeleriyle açıklayıp günlük durumlarla (eşit paketleme) ilişkilendirir.,Bilgi,Anlama,Açıklama ve özetleme,Mat01MK0084,,Mat01YG0013,AU,3 maddeden en az 2'si doğru,taslak,2026-10-01
Mat01MK0087,01,Ondalık gösterimde onda birler basamağını belirtir.,Bilgi,Hatırlama,Tanıma ve hatırlama,Mat01MK0032,,,ÇS,3 maddeden en az 2'si doğru,taslak,2026-10-01
Mat01MK0088,01,Ondalık gösterimde yüzde birler basamağını belirtir.,Bilgi,Hatırlama,Tanıma ve hatırlama,Mat01MK0032,,,ÇS,3 maddeden en az 2'si doğru,taslak,2026-10-01
Mat01MK0089,01,Ondalık gösterimde binde birler basamağını belirtir.,Bilgi,Hatırlama,Tanıma ve hatırlama,Mat01MK0032,,,ÇS,3 maddeden en az 2'si doğru,taslak,2026-10-01
Mat01MK0090,01,"Ondalık gösterimlerin basamak değerlerini paydası 10, 100 ve 1000 olan kesirlerin toplamı olarak ifade eder.",Beceri,Uygulama,Dönüştürme,Mat01MK0087; Mat01MK0088; Mat01MK0089,,,ÇS,3 maddeden en az 2'si doğru,taslak,2026-10-01
Mat01MK0091,01,Ondalık gösterimleri basamak değerlerine göre karşılaştırır ve sıralar.,Beceri,Uygulama,Kural uygulama,Mat01MK0090,,Mat01YG0014,ÇS,3 maddeden en az 2'si doğru,taslak,2026-10-01
Mat01MK0092,01,Ondalık gösterimlerin basamak değerlerini kendi cümleleriyle açıklar.,Bilgi,Anlama,Açıklama ve özetleme,Mat01MK0090,,,AU,3 maddeden en az 2'si doğru,taslak,2026-10-01
Mat01MK0093,01,Kesirleri bölme işlemiyle ondalık gösterime çevirir.,Beceri,Uygulama,Kural uygulama,Mat01MK0090; Mat01MK0018,,,ÇS,3 maddeden en az 2'si doğru,taslak,2026-09-29
Mat01MK0094,01,Devirli ondalık gösterimde devreden kısmı belirler.,Beceri,Uygulama,Kural uygulama,Mat01MK0090,,,ÇS,3 maddeden en az 2'si doğru,taslak,2026-10-01
Mat01MK0095,01,Kesirlerin ondalık gösterimlerindeki sonlu ve devirli örüntüleri belirler.,Bilgi,Analiz,Çıkarım ve ilişkilendirme,Mat01MK0093; Mat01MK0094,,,ÇS,3 maddeden en az 2'si doğru,taslak,2026-10-01
Mat01MK0096,01,Kesrin payın paydaya bölümü olduğu genellemesini yapar.,Bilgi,Analiz,Çıkarım ve ilişkilendirme,Mat01MK0093,,,ÇS,3 maddeden en az 2'si doğru,taslak,2026-10-01
Mat01MK0097,01,Bir kesrin ondalık gösteriminin sonlu ya da devirli olduğunu belirler.,Beceri,Uygulama,Ayırt etme ve sınıflama,Mat01MK0095,,,ÇS,3 maddeden en az 2'si doğru,taslak,2026-10-01
Mat01MK0098,01,Devreden kısmı çizgiyle göstererek yazar.,Beceri,Uygulama,Ayırt etme ve sınıflama,Mat01MK0095,,,ÇS,3 maddeden en az 2'si doğru,taslak,2026-10-01
Mat01MK0099,01,"Kesirlerle dört işlem gerektiren problemlerde nicelikleri ve aralarındaki ilişkileri belirleyerek problemi uygun temsile (şekil, tablo, sayı doğrusu, denklem) dönüştürür.",Beceri,Uygulama,Dönüştürme,Mat01MK0106; Mat01MK0107,,,AU,3 maddeden en az 2'si doğru,taslak,2026-10-01
Mat01MK0100,01,"Ondalık gösterimlerle dört işlem gerektiren problemlerde nicelikleri ve aralarındaki ilişkileri belirleyerek problemi uygun temsile (şekil, tablo, sayı doğrusu, denklem) dönüştürür.",Beceri,Uygulama,Dönüştürme,Mat01MK0108; Mat01MK0109,,,AU,3 maddeden en az 2'si doğru,taslak,2026-10-01
Mat01MK0101,01,"Yüzdelerle dört işlem gerektiren problemlerde nicelikleri ve aralarındaki ilişkileri belirleyerek problemi uygun temsile (şekil, tablo, sayı doğrusu, denklem) dönüştürür.",Beceri,Uygulama,Dönüştürme,Mat01MK0110; Mat01MK0111,,,AU,3 maddeden en az 2'si doğru,taslak,2026-10-01
Mat01MK0102,01,Kesirlerle toplama yapar.,Beceri,Uygulama,Kural uygulama,Mat01MK0027,,Mat01YG0015,ÇS,3 maddeden en az 2'si doğru,taslak,2026-10-01
Mat01MK0103,01,Kesirlerle çıkarma yapar.,Beceri,Uygulama,Kural uygulama,Mat01MK0027,,,ÇS,3 maddeden en az 2'si doğru,taslak,2026-10-01
Mat01MK0104,01,Ondalık gösterimlerle toplama yapar.,Beceri,Uygulama,Kural uygulama,Mat01MK0090; Mat01MK0013,,,ÇS,3 maddeden en az 2'si doğru,taslak,2026-10-01
Mat01MK0105,01,Ondalık gösterimlerle çıkarma yapar.,Beceri,Uygulama,Kural uygulama,Mat01MK0090; Mat01MK0014,,,ÇS,3 maddeden en az 2'si doğru,taslak,2026-10-01
Mat01MK0106,01,Kesirlerle çarpma yapar.,Beceri,Uygulama,Kural uygulama,Mat01MK0015; Mat01MK0026,,Mat01YG0016,ÇS,3 maddeden en az 2'si doğru,taslak,2026-10-01
Mat01MK0107,01,Kesirlerle bölme yapar.,Beceri,Uygulama,Kural uygulama,Mat01MK0106,,,ÇS,3 maddeden en az 2'si doğru,taslak,2026-10-01
Mat01MK0108,01,Ondalık gösterimlerle çarpma yapar.,Beceri,Uygulama,Kural uygulama,Mat01MK0015; Mat01MK0090,,,ÇS,3 maddeden en az 2'si doğru,taslak,2026-10-01
Mat01MK0109,01,Ondalık gösterimlerle bölme yapar.,Beceri,Uygulama,Kural uygulama,Mat01MK0018; Mat01MK0090,,,ÇS,3 maddeden en az 2'si doğru,taslak,2026-10-01
Mat01MK0110,01,Bir çokluğun belirtilen yüzdesini bulur.,Beceri,Uygulama,Kural uygulama,Mat01MK0106; Mat01MK0033,,Mat01YG0017,ÇS,3 maddeden en az 2'si doğru,taslak,2026-10-01
Mat01MK0111,01,Belirli bir yüzdesi verilen çokluğun tamamını bulur.,Beceri,Uygulama,Kural uygulama,Mat01MK0107; Mat01MK0033,,,ÇS,3 maddeden en az 2'si doğru,taslak,2026-10-01
Mat01MK0112,01,Kesirlerle dört işlem gerektiren problemler için strateji geliştirip uygulayarak problemi çözer.,Beceri,Uygulama,Transfer ve problem çözme,Mat01MK0099,,,ÇS; AU,3 maddeden en az 2'si doğru,taslak,2026-10-01
Mat01MK0113,01,Ondalık gösterimlerle dört işlem gerektiren problemler için strateji geliştirip uygulayarak problemi çözer.,Beceri,Uygulama,Transfer ve problem çözme,Mat01MK0100,,,ÇS; AU,3 maddeden en az 2'si doğru,taslak,2026-10-01
Mat01MK0114,01,Yüzdelerle dört işlem gerektiren problemler için strateji geliştirip uygulayarak problemi çözer.,Beceri,Uygulama,Transfer ve problem çözme,Mat01MK0101,,,ÇS; AU,3 maddeden en az 2'si doğru,taslak,2026-10-01
Mat01MK0115,01,"Kesirlerle dört işlem gerektiren problemlerin çözümünü kontrol eder, çözüme ulaştırmayan stratejiyi değiştirir ve farklı çözüm yollarını değerlendirir.",Beceri,Değerlendirme,Sınama ve değerlendirme,Mat01MK0112,,,AU,3 maddeden en az 2'si doğru,taslak,2026-10-01
Mat01MK0116,01,"Ondalık gösterimlerle dört işlem gerektiren problemlerin çözümünü kontrol eder, çözüme ulaştırmayan stratejiyi değiştirir ve farklı çözüm yollarını değerlendirir.",Beceri,Değerlendirme,Sınama ve değerlendirme,Mat01MK0113,,,AU,3 maddeden en az 2'si doğru,taslak,2026-10-01
Mat01MK0117,01,"Yüzdelerle dört işlem gerektiren problemlerin çözümünü kontrol eder, çözüme ulaştırmayan stratejiyi değiştirir ve farklı çözüm yollarını değerlendirir.",Beceri,Değerlendirme,Sınama ve değerlendirme,Mat01MK0114,,,AU,3 maddeden en az 2'si doğru,taslak,2026-10-01
Mat01MK0118,01,Kesirlerle dört işlem gerektiren problemlerde kullandığı stratejiyi farklı problemlere genelleyerek genellemenin geçerliliğini örneklerle değerlendirir.,Beceri,Analiz,Çıkarım ve ilişkilendirme,Mat01MK0115,,,AU,3 maddeden en az 2'si doğru,taslak,2026-10-01
Mat01MK0119,01,Ondalık gösterimlerle dört işlem gerektiren problemlerde kullandığı stratejiyi farklı problemlere genelleyerek genellemenin geçerliliğini örneklerle değerlendirir.,Beceri,Analiz,Çıkarım ve ilişkilendirme,Mat01MK0116,,,AU,3 maddeden en az 2'si doğru,taslak,2026-10-01
Mat01MK0120,01,Yüzdelerle dört işlem gerektiren problemlerde kullandığı stratejiyi farklı problemlere genelleyerek genellemenin geçerliliğini örneklerle değerlendirir.,Beceri,Analiz,Çıkarım ve ilişkilendirme,Mat01MK0117,,,AU,3 maddeden en az 2'si doğru,taslak,2026-10-01
Mat01MK0121,01,Uzunluk ölçmede metreyi temel birim olarak belirtir.,Bilgi,Hatırlama,Tanıma ve hatırlama,,Uzunluk ölçme (önceki sınıflar),,ÇS,3 maddeden en az 2'si doğru,taslak,2026-10-01
Mat01MK0122,01,"Kilometre, desimetre, santimetre ve milimetre birimlerini belirtir.",Bilgi,Hatırlama,Tanıma ve hatırlama,,Uzunluk ölçme (önceki sınıflar),,ÇS,3 maddeden en az 2'si doğru,taslak,2026-10-01
Mat01MK0123,01,Standart uzunluk ölçme birimlerini kullanarak ölçme yapar.,Beceri,Uygulama,Gözlem ve kayıt,Mat01MK0121; Mat01MK0122,,,PG,Rubrikte yeterli ve üstü,taslak,2026-10-01
Mat01MK0124,01,Metre ile kilometre arasında dönüşüm yaparak ölçme sonuçlarını karşılaştırır.,Beceri,Uygulama,Kural uygulama,Mat01MK0123; Mat01MK0090,,,ÇS,3 maddeden en az 2'si doğru,taslak,2026-10-01
Mat01MK0125,01,"Metre, desimetre, santimetre ve milimetre arasında dönüşüm yaparak ölçme sonuçlarını karşılaştırır.",Beceri,Uygulama,Kural uygulama,Mat01MK0123; Mat01MK0090,,Mat01YG0018,ÇS,3 maddeden en az 2'si doğru,taslak,2026-10-01
Mat01MK0126,01,"Uzunluk ölçüleri arasında ondalık gösterim kullanarak dönüşüm yapar (2,5 m = 250 cm gibi).",Beceri,Uygulama,Kural uygulama,Mat01MK0125; Mat01MK0108; Mat01MK0109,,Mat01YG0018,ÇS,3 maddeden en az 2'si doğru,taslak,2026-10-01
Mat01MK0127,01,Uzunluk ölçme karşılaştırmalarına ilişkin yargıda bulunur.,Beceri,Değerlendirme,Sınama ve değerlendirme,Mat01MK0124; Mat01MK0125,,,AU,3 maddeden en az 2'si doğru,taslak,2026-10-01
Mat01MK0128,01,"Sıcaklık, yükseklik-derinlik, borç-gelir gibi bağlamlarda sıfırı, pozitif ve negatif tam sayıları anlamlarıyla açıklar.",Bilgi,Anlama,Açıklama ve özetleme,,Tam sayı kavramına giriş (önceki sınıflar),,ÇS,3 maddeden en az 2'si doğru,taslak,2026-10-01
Mat01MK0129,01,Tam sayıları sayı doğrusunda gösterir.,Beceri,Uygulama,Kural uygulama,Mat01MK0128,,,ÇS,3 maddeden en az 2'si doğru,taslak,2026-10-01
Mat01MK0130,01,Tam sayıları karşılaştırır.,Beceri,Uygulama,Kural uygulama,Mat01MK0129,,Mat01YG0019,ÇS,3 maddeden en az 2'si doğru,taslak,2026-10-01
Mat01MK0131,01,Bir tam sayının toplama işlemine göre tersini belirtir.,Bilgi,Hatırlama,Tanıma ve hatırlama,Mat01MK0129,,,ÇS,3 maddeden en az 2'si doğru,taslak,2026-10-01
Mat01MK0132,01,Tam sayılarla toplama yapar.,Beceri,Uygulama,Kural uygulama,Mat01MK0131; Mat01MK0013,,,ÇS,3 maddeden en az 2'si doğru,taslak,2026-10-01
Mat01MK0133,01,Tam sayılarla çıkarma yapar.,Beceri,Uygulama,Kural uygulama,Mat01MK0131; Mat01MK0014,,Mat01YG0020,ÇS,3 maddeden en az 2'si doğru,taslak,2026-10-01
Mat01MK0134,01,Tam sayılarla çarpma yapar.,Beceri,Uygulama,Kural uygulama,Mat01MK0015; Mat01MK0129,,Mat01YG0021,ÇS,3 maddeden en az 2'si doğru,taslak,2026-10-01
Mat01MK0135,01,Tam sayılarla bölme yapar.,Beceri,Uygulama,Kural uygulama,Mat01MK0018; Mat01MK0129,,Mat01YG0021,ÇS,3 maddeden en az 2'si doğru,taslak,2026-10-01
Mat01MK0136,01,Tam sayıları rasyonel sayılara genişleterek rasyonel sayıları sayı doğrusunda gösterir.,Beceri,Uygulama,Dönüştürme,Mat01MK0129; Mat01MK0028,,,ÇS,3 maddeden en az 2'si doğru,taslak,2026-10-01
Mat01MK0137,01,Mutlak değeri bir sayının sayı doğrusunda sıfıra uzaklığı olarak açıklar.,Bilgi,Anlama,Açıklama ve özetleme,Mat01MK0136,,Mat01YG0022,ÇS,3 maddeden en az 2'si doğru,taslak,2026-10-01
Mat01MK0138,01,Sayı doğrusundaki her rasyonel sayının bir noktaya karşılık geldiğini açıklar.,Bilgi,Anlama,Açıklama ve özetleme,Mat01MK0136,,,AU,3 maddeden en az 2'si doğru,taslak,2026-10-01
Mat01MK0139,01,Bölme işleminden bazı rasyonel sayıların ondalık gösteriminin devirli olduğu çıkarımını yapar.,Bilgi,Analiz,Çıkarım ve ilişkilendirme,Mat01MK0093; Mat01MK0094; Mat01MK0095,,Mat01YG0023,ÇS,3 maddeden en az 2'si doğru,taslak,2026-10-01
Mat01MK0140,01,Her rasyonel sayının sonlu ya da devirli bir ondalık açılımı olduğunu örneklerle değerlendirir.,Bilgi,Değerlendirme,Sınama ve değerlendirme,Mat01MK0139,,Mat01YG0023,AU,3 maddeden en az 2'si doğru,taslak,2026-10-01
Mat01MK0141,01,Rasyonel sayıları sayı doğrusunu kullanarak karşılaştırır ve sıralar.,Beceri,Uygulama,Kural uygulama,Mat01MK0136; Mat01MK0137,,Mat01YG0019,ÇS,3 maddeden en az 2'si doğru,taslak,2026-10-01
Mat01MK0142,01,"Rasyonel sayılar arasındaki sıralama ilişkisini <, > ve = sembolleriyle ifade eder.",Beceri,Uygulama,Dönüştürme,Mat01MK0141,,,ÇS,3 maddeden en az 2'si doğru,taslak,2026-10-01
Mat01MK0143,01,Rasyonel sayıların sıralama ilişkisini sayı doğrusu üzerinde kendi ifadeleriyle açıklar.,Bilgi,Anlama,Açıklama ve özetleme,Mat01MK0142,,,AU,3 maddeden en az 2'si doğru,taslak,2026-10-01
Mat01MK0144,01,"Rasyonel sayılarla işlem içeren problemlerde nicelikleri ve aralarındaki ilişkileri belirleyerek problemi uygun temsile (şekil, tablo, sayı doğrusu, denklem) dönüştürür.",Beceri,Uygulama,Dönüştürme,Mat01MK0149,,,AU,3 maddeden en az 2'si doğru,taslak,2026-10-01
Mat01MK0145,01,Rasyonel sayılarla toplama yapar.,Beceri,Uygulama,Kural uygulama,Mat01MK0136; Mat01MK0132; Mat01MK0102,,Mat01YG0015,ÇS,3 maddeden en az 2'si doğru,taslak,2026-10-01
Mat01MK0146,01,Rasyonel sayılarla çıkarma yapar.,Beceri,Uygulama,Kural uygulama,Mat01MK0136; Mat01MK0133; Mat01MK0103,,,ÇS,3 maddeden en az 2'si doğru,taslak,2026-10-01
Mat01MK0147,01,Rasyonel sayılarla çarpma yapar.,Beceri,Uygulama,Kural uygulama,Mat01MK0134; Mat01MK0106,,,ÇS,3 maddeden en az 2'si doğru,taslak,2026-10-01
Mat01MK0148,01,Rasyonel sayılarla bölme yapar.,Beceri,Uygulama,Kural uygulama,Mat01MK0135; Mat01MK0107,,,ÇS,3 maddeden en az 2'si doğru,taslak,2026-10-01
Mat01MK0149,01,Rasyonel sayılarla en çok üç adımlı işlem yapar ve sonucu sadeleştirir.,Beceri,Uygulama,Kural uygulama,Mat01MK0145; Mat01MK0146; Mat01MK0147; Mat01MK0148; Mat02MK0031,,,ÇS,3 maddeden en az 2'si doğru,taslak,2026-10-01
Mat01MK0150,01,Rasyonel sayılarla işlem içeren problemler için strateji geliştirip uygulayarak problemi çözer.,Beceri,Uygulama,Transfer ve problem çözme,Mat01MK0144,,,ÇS; AU,3 maddeden en az 2'si doğru,taslak,2026-10-01
Mat01MK0151,01,"Rasyonel sayılarla işlem içeren problemlerin çözümünü kontrol eder, çözüme ulaştırmayan stratejiyi değiştirir ve farklı çözüm yollarını değerlendirir.",Beceri,Değerlendirme,Sınama ve değerlendirme,Mat01MK0150,,,AU,3 maddeden en az 2'si doğru,taslak,2026-10-01
Mat01MK0152,01,Rasyonel sayılarla işlem içeren problemlerde kullandığı stratejiyi farklı problemlere genelleyerek genellemenin geçerliliğini örneklerle değerlendirir.,Beceri,Analiz,Çıkarım ve ilişkilendirme,Mat01MK0151,,,AU,3 maddeden en az 2'si doğru,taslak,2026-10-01
Mat01MK0153,01,İki niceliğin karşılaştırılmasında toplamsal (fark) ve çarpımsal (oran) ilişkileri ayırt eder.,Bilgi,Anlama,Ayırt etme ve sınıflama,Mat01MK0014; Mat01MK0018,,Mat01YG0024,ÇS,3 maddeden en az 2'si doğru,taslak,2026-10-01
Mat01MK0154,01,Oranı iki niceliğin çarpımsal karşılaştırması olarak belirler.,Beceri,Uygulama,Dönüştürme,Mat01MK0153,,,ÇS,3 maddeden en az 2'si doğru,taslak,2026-10-01
Mat01MK0155,01,Oranı birimli ya da birimsiz oran olarak ifade eder.,Beceri,Uygulama,Dönüştürme,Mat01MK0153,,,ÇS,3 maddeden en az 2'si doğru,taslak,2026-10-01
Mat01MK0156,01,Birim oranı hesaplayarak iki durumu (birim fiyat gibi) karşılaştırır.,Beceri,Uygulama,Kural uygulama,Mat01MK0154; Mat01MK0155; Mat01MK0109,,,ÇS,3 maddeden en az 2'si doğru,taslak,2026-10-01
Mat01MK0157,01,Birimli oranı kendi ifadeleriyle açıklar.,Bilgi,Anlama,Açıklama ve özetleme,Mat01MK0155,,,AU,3 maddeden en az 2'si doğru,taslak,2026-10-01
Mat01MK0158,01,Birimsiz oranı kendi ifadeleriyle açıklar.,Bilgi,Anlama,Açıklama ve özetleme,Mat01MK0155,,,AU,3 maddeden en az 2'si doğru,taslak,2026-10-01
Mat01MK0159,01,Gerçek yaşam durumlarından denk orana ilişkin varsayımda bulunup genelleme belirler.,Bilgi,Analiz,Çıkarım ve ilişkilendirme,Mat01MK0157; Mat01MK0158,,,AU,3 maddeden en az 2'si doğru,taslak,2026-10-01
Mat01MK0160,01,Gerçek yaşam durumlarından birim orana ilişkin varsayımda bulunup genelleme belirler.,Bilgi,Analiz,Çıkarım ve ilişkilendirme,Mat01MK0157,,,AU,3 maddeden en az 2'si doğru,taslak,2026-10-01
Mat01MK0161,01,"Denk oran genellemesini oran tablosu, çubuk diyagramı, çift sayı doğrusu ve grafikle sınar.",Beceri,Değerlendirme,Sınama ve değerlendirme,Mat01MK0159,,,AU,3 maddeden en az 2'si doğru,taslak,2026-10-01
Mat01MK0162,01,Denk oranlarla ilgili doğrulanabilir bir önermeyi sunar ve katkısını gerekçelendirir.,Bilgi,Anlama,Açıklama ve özetleme,Mat01MK0161,,,AU,3 maddeden en az 2'si doğru,taslak,2026-10-01
Mat01MK0163,01,Gerçek yaşam durumlarında iki niceliğin orantılı olup olmadığını ayırt eder.,Bilgi,Analiz,Ayırt etme ve sınıflama,Mat01MK0159,,Mat01YG0025,ÇS,3 maddeden en az 2'si doğru,taslak,2026-10-01
Mat01MK0164,01,Orantılı iki niceliğin ilişkisini tabloyla ifade eder.,Beceri,Uygulama,Dönüştürme,Mat01MK0163,,,ÇS; AU,3 maddeden en az 2'si doğru,taslak,2026-10-01
Mat01MK0165,01,Orantılı iki niceliğin ilişkisini grafikle ifade eder.,Beceri,Uygulama,Dönüştürme,Mat01MK0163,,,ÇS; AU,3 maddeden en az 2'si doğru,taslak,2026-10-01
Mat01MK0166,01,Orantılı iki niceliğin ilişkisini a/b = c/d biçiminde ifade eder.,Beceri,Uygulama,Dönüştürme,Mat01MK0163,,,ÇS; AU,3 maddeden en az 2'si doğru,taslak,2026-10-01
Mat01MK0167,01,Orantıda bilinmeyen terimi içler-dışlar çarpımıyla bulur.,Beceri,Uygulama,Kural uygulama,Mat01MK0166,,Mat01YG0026,ÇS,3 maddeden en az 2'si doğru,taslak,2026-10-01
Mat01MK0168,01,Doğru orantılı iki niceliğin oranının sabit olduğunu belirler.,Bilgi,Analiz,Çıkarım ve ilişkilendirme,Mat01MK0164,,Mat01YG0025,ÇS,3 maddeden en az 2'si doğru,taslak,2026-10-01
Mat01MK0169,01,Doğru orantılı iki niceliğin grafiğinin başlangıç noktasından geçen bir doğru olduğunu belirler.,Bilgi,Analiz,Çıkarım ve ilişkilendirme,Mat01MK0165,,,ÇS,3 maddeden en az 2'si doğru,taslak,2026-10-01
Mat01MK0170,01,Orantı kavramını kendi ifadeleriyle açıklar.,Bilgi,Anlama,Açıklama ve özetleme,Mat01MK0164; Mat01MK0165; Mat01MK0166,,,AU,3 maddeden en az 2'si doğru,taslak,2026-10-01
Mat01MK0171,01,"Doğru orantılı durumlara ilişkin problemlerde nicelikleri ve aralarındaki ilişkileri belirleyerek problemi uygun temsile (şekil, tablo, sayı doğrusu, denklem) dönüştürür.",Beceri,Uygulama,Dönüştürme,Mat01MK0167; Mat01MK0168; Mat01MK0169,,,AU,3 maddeden en az 2'si doğru,taslak,2026-10-01
Mat01MK0172,01,Doğru orantılı durumlara ilişkin problemler için strateji geliştirip uygulayarak problemi çözer.,Beceri,Uygulama,Transfer ve problem çözme,Mat01MK0171,,,ÇS; AU,3 maddeden en az 2'si doğru,taslak,2026-10-01
Mat01MK0173,01,"Doğru orantılı durumlara ilişkin problemlerin çözümünü kontrol eder, çözüme ulaştırmayan stratejiyi değiştirir ve farklı çözüm yollarını değerlendirir.",Beceri,Değerlendirme,Sınama ve değerlendirme,Mat01MK0172,,,AU,3 maddeden en az 2'si doğru,taslak,2026-10-01
Mat01MK0174,01,Doğru orantılı durumlara ilişkin problemlerde kullandığı stratejiyi farklı problemlere genelleyerek genellemenin geçerliliğini örneklerle değerlendirir.,Beceri,Analiz,Çıkarım ve ilişkilendirme,Mat01MK0173,,,AU,3 maddeden en az 2'si doğru,taslak,2026-10-01
Mat01MK0175,01,Tekrarlı çarpımı üslü ifade olarak yazar.,Beceri,Uygulama,Kural uygulama,Mat01MK0044; Mat01MK0045,,,ÇS,3 maddeden en az 2'si doğru,taslak,2026-09-29
Mat01MK0176,01,Üslü ifadenin değerini hesaplar.,Beceri,Uygulama,Kural uygulama,Mat01MK0044; Mat01MK0045,,Mat01YG0027,ÇS,3 maddeden en az 2'si doğru,taslak,2026-10-01
Mat01MK0177,01,Negatif tabanlı üslü ifadelerde üs çift ise sonucun pozitif olduğuna dair varsayımda bulunur.,Beceri,Analiz,Çıkarım ve ilişkilendirme,Mat01MK0176; Mat01MK0134,,Mat01YG0028,AU,3 maddeden en az 2'si doğru,taslak,2026-09-29
Mat01MK0178,01,Negatif tabanlı üslü ifadelerde üs tek ise sonucun negatif olduğuna dair varsayımda bulunur.,Beceri,Analiz,Çıkarım ve ilişkilendirme,Mat01MK0176; Mat01MK0134,,,AU,3 maddeden en az 2'si doğru,taslak,2026-10-01
Mat01MK0179,01,Azalan kuvvetler örüntüsünden sıfırıncı kuvvetin 1 olduğu genellemesini belirler.,Bilgi,Analiz,Çıkarım ve ilişkilendirme,Mat01MK0176; Mat02MK0059,,Mat01YG0029,ÇS,3 maddeden en az 2'si doğru,taslak,2026-09-29
Mat01MK0180,01,Aynı tabanlı üslü ifadelerde çarpma kuralını (aᵐ·aⁿ = aᵐ⁺ⁿ) belirler.,Bilgi,Analiz,Çıkarım ve ilişkilendirme,Mat01MK0175,,Mat01YG0030,ÇS,3 maddeden en az 2'si doğru,taslak,2026-09-29
Mat01MK0181,01,Aynı tabanlı üslü ifadelerde bölme kuralını (aᵐ / aⁿ = aᵐ⁻ⁿ) belirler.,Bilgi,Analiz,Çıkarım ve ilişkilendirme,Mat01MK0175,,,ÇS,3 maddeden en az 2'si doğru,taslak,2026-10-01
Mat01MK0182,01,Negatif üssün çarpmaya göre tersi anlamına geldiği genellemesini (a⁻ⁿ = 1 / aⁿ) belirler.,Bilgi,Analiz,Çıkarım ve ilişkilendirme,Mat01MK0179,,Mat01YG0031,ÇS,3 maddeden en az 2'si doğru,taslak,2026-09-29
Mat01MK0183,01,Üssün üssü kuralını ((aᵐ)ⁿ = aᵐⁿ) belirler.,Bilgi,Analiz,Çıkarım ve ilişkilendirme,Mat01MK0180,,,ÇS,3 maddeden en az 2'si doğru,taslak,2026-09-29
Mat01MK0184,01,Çarpımın kuvveti kuralını ((a·b)ⁿ = aⁿ·bⁿ) belirler.,Bilgi,Analiz,Çıkarım ve ilişkilendirme,Mat01MK0180,,,ÇS,3 maddeden en az 2'si doğru,taslak,2026-10-01
Mat01MK0185,01,Bölümün kuvveti kuralını ((a / b)ⁿ = aⁿ / bⁿ) belirler.,Bilgi,Analiz,Çıkarım ve ilişkilendirme,Mat01MK0181,,,ÇS,3 maddeden en az 2'si doğru,taslak,2026-10-01
Mat01MK0186,01,Negatif tabanlı üslü ifadelerde çift üsle işaret kuralı varsayımını sayısal örnekler ve temsillerle sınar.,Beceri,Değerlendirme,Sınama ve değerlendirme,Mat01MK0177,,,AU,3 maddeden en az 2'si doğru,taslak,2026-09-29
Mat01MK0187,01,Negatif tabanlı üslü ifadelerde tek üsle işaret kuralı varsayımını sayısal örnekler ve temsillerle sınar.,Beceri,Değerlendirme,Sınama ve değerlendirme,Mat01MK0178,,,AU,3 maddeden en az 2'si doğru,taslak,2026-10-01
Mat01MK0188,01,Sıfırıncı kuvvet kuralı varsayımını sayısal örnekler ve temsillerle sınar.,Beceri,Değerlendirme,Sınama ve değerlendirme,Mat01MK0179,,,AU,3 maddeden en az 2'si doğru,taslak,2026-10-01
Mat01MK0189,01,Negatif üs kuralı varsayımını sayısal örnekler ve temsillerle sınar.,Beceri,Değerlendirme,Sınama ve değerlendirme,Mat01MK0182,,,AU,3 maddeden en az 2'si doğru,taslak,2026-10-01
Mat01MK0190,01,Aynı tabanlı üslü ifadelerde çarpma kuralı varsayımını sayısal örnekler ve temsillerle sınar.,Beceri,Değerlendirme,Sınama ve değerlendirme,Mat01MK0180,,,AU,3 maddeden en az 2'si doğru,taslak,2026-10-01
Mat01MK0191,01,Aynı tabanlı üslü ifadelerde bölme kuralı varsayımını sayısal örnekler ve temsillerle sınar.,Beceri,Değerlendirme,Sınama ve değerlendirme,Mat01MK0181,,,AU,3 maddeden en az 2'si doğru,taslak,2026-10-01
Mat01MK0192,01,Üssün üssü kuralı varsayımını sayısal örnekler ve temsillerle sınar.,Beceri,Değerlendirme,Sınama ve değerlendirme,Mat01MK0183,,,AU,3 maddeden en az 2'si doğru,taslak,2026-10-01
Mat01MK0193,01,Çarpımın kuvveti kuralı varsayımını sayısal örnekler ve temsillerle sınar.,Beceri,Değerlendirme,Sınama ve değerlendirme,Mat01MK0184,,,AU,3 maddeden en az 2'si doğru,taslak,2026-10-01
Mat01MK0194,01,Bölümün kuvveti kuralı varsayımını sayısal örnekler ve temsillerle sınar.,Beceri,Değerlendirme,Sınama ve değerlendirme,Mat01MK0185,,,AU,3 maddeden en az 2'si doğru,taslak,2026-10-01
Mat01MK0195,01,Negatif tabanlı üslü ifadelerde çift üsle işaret kuralını sözel ve cebirsel olarak ifade eder.,Bilgi,Anlama,Dönüştürme,Mat01MK0186,,,AU,3 maddeden en az 2'si doğru,taslak,2026-09-29
Mat01MK0196,01,Negatif tabanlı üslü ifadelerde tek üsle işaret kuralını sözel ve cebirsel olarak ifade eder.,Bilgi,Anlama,Dönüştürme,Mat01MK0187,,,AU,3 maddeden en az 2'si doğru,taslak,2026-10-01
Mat01MK0197,01,Sıfırıncı kuvvet kuralını sözel ve cebirsel olarak ifade eder.,Bilgi,Anlama,Dönüştürme,Mat01MK0188,,,AU,3 maddeden en az 2'si doğru,taslak,2026-10-01
Mat01MK0198,01,Negatif üs kuralını sözel ve cebirsel olarak ifade eder.,Bilgi,Anlama,Dönüştürme,Mat01MK0189,,,AU,3 maddeden en az 2'si doğru,taslak,2026-10-01
Mat01MK0199,01,Aynı tabanlı üslü ifadelerde çarpma kuralını sözel ve cebirsel olarak ifade eder.,Bilgi,Anlama,Dönüştürme,Mat01MK0190,,,AU,3 maddeden en az 2'si doğru,taslak,2026-10-01
Mat01MK0200,01,Aynı tabanlı üslü ifadelerde bölme kuralını sözel ve cebirsel olarak ifade eder.,Bilgi,Anlama,Dönüştürme,Mat01MK0191,,,AU,3 maddeden en az 2'si doğru,taslak,2026-10-01
Mat01MK0201,01,Üssün üssü kuralını sözel ve cebirsel olarak ifade eder.,Bilgi,Anlama,Dönüştürme,Mat01MK0192,,,AU,3 maddeden en az 2'si doğru,taslak,2026-10-01
Mat01MK0202,01,Çarpımın kuvveti kuralını sözel ve cebirsel olarak ifade eder.,Bilgi,Anlama,Dönüştürme,Mat01MK0193,,,AU,3 maddeden en az 2'si doğru,taslak,2026-10-01
Mat01MK0203,01,Bölümün kuvveti kuralını sözel ve cebirsel olarak ifade eder.,Bilgi,Anlama,Dönüştürme,Mat01MK0194,,,AU,3 maddeden en az 2'si doğru,taslak,2026-10-01
Mat01MK0204,01,Üslü ifadelerle çarpma işlemini kuralları kullanarak yapar.,Beceri,Uygulama,Kural uygulama,Mat01MK0180,,Mat01YG0030; Mat01YG0031,ÇS,3 maddeden en az 2'si doğru,taslak,2026-09-29
Mat01MK0205,01,Üslü ifadelerle bölme işlemini kuralları kullanarak yapar.,Beceri,Uygulama,Kural uygulama,Mat01MK0181,,Mat01YG0031,ÇS,3 maddeden en az 2'si doğru,taslak,2026-10-01
Mat01MK0206,01,Üslü ifadelerle kuvvet alma işlemini kuralları kullanarak yapar.,Beceri,Uygulama,Kural uygulama,Mat01MK0183; Mat01MK0184; Mat01MK0185,,Mat01YG0031,ÇS,3 maddeden en az 2'si doğru,taslak,2026-10-01
Mat01MK0207,01,Üslü ifadelerle toplama ve çıkarmayı değerlerini bularak yapar.,Beceri,Uygulama,Kural uygulama,Mat01MK0176,,Mat01YG0030,ÇS,3 maddeden en az 2'si doğru,taslak,2026-09-29
Mat01MK0208,01,Üslü ifadelerle toplama ve çıkarmayı ortak çarpan parantezine alarak yapar.,Beceri,Uygulama,Kural uygulama,Mat01MK0204; Mat02MK0013,,Mat01YG0030,ÇS,3 maddeden en az 2'si doğru,taslak,2026-10-01
Mat01MK0209,01,Üslü gösterimin tekrarlı çarpımı ve çok büyük ya da küçük nicelikleri kısa ifade etmedeki katkısını açıklar.,Bilgi,Anlama,Açıklama ve özetleme,Mat01MK0175,,,AU,3 maddeden en az 2'si doğru,taslak,2026-09-29
Mat01MK0210,01,Alanı verilen karenin kenar uzunluğunu bulur.,Beceri,Uygulama,Kural uygulama,Mat01MK0044,,,ÇS,3 maddeden en az 2'si doğru,taslak,2026-09-29
Mat01MK0211,01,Kenar uzunluğu verilen karenin alanını bulur.,Beceri,Uygulama,Kural uygulama,Mat01MK0044,,,ÇS,3 maddeden en az 2'si doğru,taslak,2026-10-01
Mat01MK0212,01,Tam kare pozitif tam sayıları belirler.,Bilgi,Hatırlama,Tanıma ve hatırlama,Mat01MK0211,,,ÇS,3 maddeden en az 2'si doğru,taslak,2026-09-29
Mat01MK0213,01,Tam kare sayıların karekökünü karenin kenar uzunluğu ile ilişkilendirerek bulur.,Beceri,Uygulama,Kural uygulama,Mat01MK0210; Mat01MK0212,,Mat01YG0032,ÇS,3 maddeden en az 2'si doğru,taslak,2026-09-29
Mat01MK0214,01,Tam kare olmayan bir sayının karekökünün hangi iki ardışık doğal sayı arasında olduğunu belirler.,Beceri,Analiz,Kural uygulama,Mat01MK0213,,,ÇS,3 maddeden en az 2'si doğru,taslak,2026-09-29
Mat01MK0215,01,Kareköklerin toplamının kök içlerinin toplamının kareköküne eşit olmadığını örneklerle gösterir.,Bilgi,Analiz,Çıkarım ve ilişkilendirme,Mat01MK0213,,Mat01YG0033,ÇS,3 maddeden en az 2'si doğru,taslak,2026-09-29
Mat01MK0216,01,Tam kare olmayan sayıların kareköklerini sayı doğrusu ya da alan modeliyle yaklaşık olarak temsil eder.,Beceri,Uygulama,Dönüştürme,Mat01MK0214,,,AU,3 maddeden en az 2'si doğru,taslak,2026-09-29
Mat01MK0217,01,"Bir sayının karekökünü, karesi o sayıya eşit olan negatif olmayan sayı olarak kendi ifadeleriyle açıklar.",Bilgi,Anlama,Açıklama ve özetleme,Mat01MK0213,,Mat01YG0034; Mat01YG0032,AU,3 maddeden en az 2'si doğru,taslak,2026-09-29
Mat01MK0218,01,Rasyonel sayıların ondalık gösteriminin sonlu ya da devirli olduğunu ölçüt olarak belirtir.,Bilgi,Anlama,Tanıma ve hatırlama,Mat01MK0140,,Mat01YG0035,ÇS,3 maddeden en az 2'si doğru,taslak,2026-09-29
Mat01MK0219,01,İrrasyonel sayıların ondalık gösteriminin devirsiz ve sonsuz olduğunu ölçüt olarak belirtir.,Bilgi,Anlama,Tanıma ve hatırlama,Mat01MK0140,,Mat01YG0035,ÇS,3 maddeden en az 2'si doğru,taslak,2026-10-01
Mat01MK0220,01,Hesap makinesiyle tam kare olmayan sayıların kareköklerinin ve π'nin ondalık gösterimini elde eder.,Beceri,Uygulama,Beceri uygulama,Mat01MK0216,,,AU,3 maddeden en az 2'si doğru,taslak,2026-09-29
Mat01MK0221,01,"Elde ettiği ondalık gösterimi ölçütle karşılaştırarak sonlu, devirli ya da devirsiz olduğunu belirler.",Beceri,Analiz,Ayırt etme ve sınıflama,Mat01MK0218; Mat01MK0219; Mat01MK0220,,Mat01YG0035,ÇS,3 maddeden en az 2'si doğru,taslak,2026-09-29
Mat01MK0222,01,Verilen sayıların (kareköklü ifadeler ve π dâhil) rasyonel ya da irrasyonel olduğuna gerekçeli yargıda bulunur.,Bilgi,Değerlendirme,Sınama ve değerlendirme,Mat01MK0221,,Mat01YG0036; Mat01YG0037,ÇS; AU,3 maddeden en az 2'si doğru,taslak,2026-09-29
Mat01MK0223,01,"Doğal, tam, rasyonel ve irrasyonel sayıların gerçek sayılar içindeki ilişkisini şema ile gösterir.",Bilgi,Anlama,Dönüştürme,Mat01MK0222,,,ÇS,3 maddeden en az 2'si doğru,taslak,2026-09-29
Mat01MK0224,01,"Rasyonel ve irrasyonel sayıları (ör. √2, √7) sayı doğrusunda yaklaşık yerlerine yerleştirir.",Beceri,Uygulama,Dönüştürme,Mat01MK0214; Mat01MK0223,,,ÇS,3 maddeden en az 2'si doğru,taslak,2026-09-29
Mat01MK0225,01,Gerçek sayıları büyüklüklerine göre sıralar.,Beceri,Uygulama,Kural uygulama,Mat01MK0224; Mat01MK0141,,,ÇS,3 maddeden en az 2'si doğru,taslak,2026-09-29
Mat01MK0226,01,Sayı doğrusunda iki nokta arasındaki tüm gerçek sayıların bir aralık oluşturduğunu açıklar.,Bilgi,Anlama,Açıklama ve özetleme,Mat01MK0224,,,ÇS,3 maddeden en az 2'si doğru,taslak,2026-09-29
Mat01MK0227,01,İki gerçek sayı arasında sonsuz sayıda gerçek sayı bulunduğunu açıklar.,Bilgi,Anlama,Açıklama ve özetleme,Mat01MK0224,,Mat01YG0038,ÇS,3 maddeden en az 2'si doğru,taslak,2026-10-01
Mat01MK0228,01,Açık aralığı sembolle ve sayı doğrusunda gösterir.,Beceri,Uygulama,Dönüştürme,Mat01MK0226,,Mat01YG0039,ÇS,3 maddeden en az 2'si doğru,taslak,2026-09-29
Mat01MK0229,01,Kapalı aralığı sembolle ve sayı doğrusunda gösterir.,Beceri,Uygulama,Dönüştürme,Mat01MK0226,,Mat01YG0039,ÇS,3 maddeden en az 2'si doğru,taslak,2026-10-01
Mat01MK0230,01,Yarı açık aralığı sembolle ve sayı doğrusunda gösterir.,Beceri,Uygulama,Dönüştürme,Mat01MK0226,,,ÇS,3 maddeden en az 2'si doğru,taslak,2026-10-01
Mat01MK0231,01,İki aralığın ortak elemanlarını sayı doğrusunda yorumlar.,Beceri,Analiz,Yorumlama,Mat01MK0228; Mat01MK0229; Mat01MK0230,,Mat01YG0039,AU,3 maddeden en az 2'si doğru,taslak,2026-09-29
Mat01MK0232,01,İki aralığın farklı elemanlarını sayı doğrusunda yorumlar.,Beceri,Analiz,Yorumlama,Mat01MK0228; Mat01MK0229; Mat01MK0230,,Mat01YG0039,AU,3 maddeden en az 2'si doğru,taslak,2026-10-01
Mat01MK0233,01,Üslü gösterimlerle (kesirli üs gibi) yapılan işlemlere ilişkin varsayımda bulunup örüntülerden genelleme yapar.,Bilgi,Analiz,Çıkarım ve ilişkilendirme,Mat01MK0204; Mat01MK0205; Mat01MK0206,,Mat01YG0040,AU,3 maddeden en az 2'si doğru,taslak,2026-10-01
Mat01MK0234,01,Köklü gösterimlerle (√a·√b = √(ab) gibi) yapılan işlemlere ilişkin varsayımda bulunup örüntülerden genelleme yapar.,Bilgi,Analiz,Çıkarım ve ilişkilendirme,Mat01MK0204; Mat01MK0205; Mat01MK0206; Mat01MK0213,,Mat01YG0040,AU,3 maddeden en az 2'si doğru,taslak,2026-10-01
Mat01MK0235,01,Üslü gösterimlere ilişkin genellemelerini varsayımlarıyla karşılaştırır.,Beceri,Değerlendirme,Sınama ve değerlendirme,Mat01MK0233,,,AU,3 maddeden en az 2'si doğru,taslak,2026-10-01
Mat01MK0236,01,Köklü gösterimlere ilişkin genellemelerini varsayımlarıyla karşılaştırır.,Beceri,Değerlendirme,Sınama ve değerlendirme,Mat01MK0234,,,AU,3 maddeden en az 2'si doğru,taslak,2026-10-01
Mat01MK0237,01,Kök dışına çıkarma işlemini yapar.,Beceri,Uygulama,Kural uygulama,Mat01MK0213; Mat01MK0078,,Mat01YG0033,ÇS,3 maddeden en az 2'si doğru,taslak,2026-10-01
Mat01MK0238,01,Kök içine alma işlemini yapar.,Beceri,Uygulama,Kural uygulama,Mat01MK0213; Mat01MK0078,,,ÇS,3 maddeden en az 2'si doğru,taslak,2026-10-01
Mat01MK0239,01,Köklü ifadelerle toplama yapar.,Beceri,Uygulama,Kural uygulama,Mat01MK0237,,Mat01YG0033,ÇS,3 maddeden en az 2'si doğru,taslak,2026-10-01
Mat01MK0240,01,Köklü ifadelerle çıkarma yapar.,Beceri,Uygulama,Kural uygulama,Mat01MK0237,,Mat01YG0033,ÇS,3 maddeden en az 2'si doğru,taslak,2026-10-01
Mat01MK0241,01,Köklü ifadelerle çarpma yapar.,Beceri,Uygulama,Kural uygulama,Mat01MK0234; Mat01MK0237,,,ÇS,3 maddeden en az 2'si doğru,taslak,2026-10-01
Mat01MK0242,01,Köklü ifadelerle bölme yapar.,Beceri,Uygulama,Kural uygulama,Mat01MK0234; Mat01MK0237,,,ÇS,3 maddeden en az 2'si doğru,taslak,2026-10-01
Mat01MK0243,01,Rasyonel üslü ifadeleri köklü biçimde yazar.,Beceri,Uygulama,Dönüştürme,Mat01MK0235; Mat01MK0236,,,ÇS,3 maddeden en az 2'si doğru,taslak,2026-10-01
Mat01MK0244,01,Köklü ifadeleri rasyonel üslü biçimde yazar.,Beceri,Uygulama,Dönüştürme,Mat01MK0235; Mat01MK0236,,Mat01YG0040,ÇS,3 maddeden en az 2'si doğru,taslak,2026-10-01
Mat01MK0245,01,Paydası köklü olan bir ifadenin paydasını rasyonel yapar.,Beceri,Uygulama,Kural uygulama,Mat01MK0241,,,ÇS,3 maddeden en az 2'si doğru,taslak,2026-10-01
Mat01MK0246,01,Üslü ifadelerle işlem kurallarını negatif üslerde uygular.,Beceri,Uygulama,Kural uygulama,Mat01MK0182; Mat01MK0204; Mat01MK0205; Mat01MK0206,,,ÇS,3 maddeden en az 2'si doğru,taslak,2026-10-01
Mat01MK0247,01,Üslü ifadelerle işlem kurallarını rasyonel üslerde uygular.,Beceri,Uygulama,Kural uygulama,Mat01MK0243; Mat01MK0204; Mat01MK0205; Mat01MK0206,,,ÇS,3 maddeden en az 2'si doğru,taslak,2026-10-01
Mat01MK0248,01,Üslü gösterimlerle ilgili önermeleri matematiksel doğrulama yöntemleriyle doğrular.,Beceri,Analiz,Model kurma,Mat01MK0246; Mat01MK0247,,,AU,3 maddeden en az 2'si doğru,taslak,2026-10-01
Mat01MK0249,01,Köklü gösterimlerle ilgili önermeleri matematiksel doğrulama yöntemleriyle doğrular.,Beceri,Analiz,Model kurma,Mat01MK0239; Mat01MK0240; Mat01MK0241; Mat01MK0242,,,AU,3 maddeden en az 2'si doğru,taslak,2026-10-01
Mat01MK0250,01,Elemanı olma (∈) ve elemanı olmama (∉) sembollerini tanır.,Bilgi,Hatırlama,Tanıma ve hatırlama,,Ön öğrenme: nesne toplulukları (küme sezgisi),,ÇS,3 maddeden en az 2'si doğru,taslak,2026-10-01
Mat01MK0251,01,Alt küme (⊂) sembolünü tanır.,Bilgi,Hatırlama,Tanıma ve hatırlama,Mat01MK0250,,,ÇS,3 maddeden en az 2'si doğru,taslak,2026-10-01
Mat01MK0252,01,Boş küme (∅) sembolünü tanır.,Bilgi,Hatırlama,Tanıma ve hatırlama,Mat01MK0250,,,ÇS,3 maddeden en az 2'si doğru,taslak,2026-10-01
Mat01MK0253,01,Birleşim (∪) sembolünü tanır.,Bilgi,Hatırlama,Tanıma ve hatırlama,Mat01MK0250,,,ÇS,3 maddeden en az 2'si doğru,taslak,2026-10-01
Mat01MK0254,01,Kesişim (∩) sembolünü tanır.,Bilgi,Hatırlama,Tanıma ve hatırlama,Mat01MK0250,,,ÇS,3 maddeden en az 2'si doğru,taslak,2026-10-01
Mat01MK0255,01,Fark işleminin sembolünü tanır.,Bilgi,Hatırlama,Tanıma ve hatırlama,Mat01MK0250,,,ÇS,3 maddeden en az 2'si doğru,taslak,2026-10-01
Mat01MK0256,01,Tümleme işleminin sembolünü tanır.,Bilgi,Hatırlama,Tanıma ve hatırlama,Mat01MK0250,,,ÇS,3 maddeden en az 2'si doğru,taslak,2026-10-01
Mat01MK0257,01,Eleman sayısı gösterimini tanır.,Bilgi,Hatırlama,Tanıma ve hatırlama,Mat01MK0250,,,ÇS,3 maddeden en az 2'si doğru,taslak,2026-10-01
Mat01MK0258,01,Gerçek sayı aralıklarını küme gösterimiyle ifade eder.,Beceri,Uygulama,Kural uygulama,Mat01MK0264; Mat01MK0228,,,ÇS,3 maddeden en az 2'si doğru,taslak,2026-10-01
Mat01MK0259,01,Aralıklarla birleşim işlemi yapar.,Beceri,Uygulama,Kural uygulama,Mat01MK0270; Mat01MK0258,,,ÇS,3 maddeden en az 2'si doğru,taslak,2026-10-01
Mat01MK0260,01,Aralıklarla kesişim işlemi yapar.,Beceri,Uygulama,Kural uygulama,Mat01MK0271; Mat01MK0231,,,ÇS,3 maddeden en az 2'si doğru,taslak,2026-10-01
Mat01MK0261,01,Aralıklarla fark işlemi yapar.,Beceri,Uygulama,Kural uygulama,Mat01MK0272; Mat01MK0232,,Mat01YG0041,ÇS,3 maddeden en az 2'si doğru,taslak,2026-10-01
Mat01MK0262,01,Aralıkların tümleyenini bulur.,Beceri,Uygulama,Kural uygulama,Mat01MK0273; Mat01MK0258,,,ÇS,3 maddeden en az 2'si doğru,taslak,2026-10-01
Mat01MK0263,01,Kümeleri liste yöntemiyle gösterir.,Beceri,Uygulama,Dönüştürme,Mat01MK0250,,,ÇS,3 maddeden en az 2'si doğru,taslak,2026-10-01
Mat01MK0264,01,Kümeleri ortak özellik yöntemiyle gösterir.,Beceri,Uygulama,Dönüştürme,Mat01MK0250,,,ÇS,3 maddeden en az 2'si doğru,taslak,2026-10-01
Mat01MK0265,01,Kümeleri şema yöntemiyle gösterir.,Beceri,Uygulama,Dönüştürme,Mat01MK0250,,,ÇS,3 maddeden en az 2'si doğru,taslak,2026-10-01
Mat01MK0266,01,Bir kümenin eleman sayısını belirler.,Beceri,Uygulama,Dönüştürme,Mat01MK0257,,,ÇS,3 maddeden en az 2'si doğru,taslak,2026-10-01
Mat01MK0267,01,Alt kümeyi belirler.,Beceri,Uygulama,Ayırt etme ve sınıflama,Mat01MK0251; Mat01MK0263,,,ÇS,3 maddeden en az 2'si doğru,taslak,2026-10-01
Mat01MK0268,01,Eşit kümeleri belirler.,Beceri,Uygulama,Ayırt etme ve sınıflama,Mat01MK0263,,,ÇS,3 maddeden en az 2'si doğru,taslak,2026-10-01
Mat01MK0269,01,Bir kümenin alt küme sayısını bulur.,Beceri,Uygulama,Ayırt etme ve sınıflama,Mat01MK0266; Mat01MK0267,,,ÇS,3 maddeden en az 2'si doğru,taslak,2026-10-01
Mat01MK0270,01,Kümelerle birleşim işlemi yapar.,Beceri,Uygulama,Kural uygulama,Mat01MK0253; Mat01MK0263,,,ÇS,3 maddeden en az 2'si doğru,taslak,2026-10-01
Mat01MK0271,01,Kümelerle kesişim işlemi yapar.,Beceri,Uygulama,Kural uygulama,Mat01MK0254; Mat01MK0263,,,ÇS,3 maddeden en az 2'si doğru,taslak,2026-10-01
Mat01MK0272,01,Kümelerle fark işlemi yapar.,Beceri,Uygulama,Kural uygulama,Mat01MK0255; Mat01MK0263,,Mat01YG0041,ÇS,3 maddeden en az 2'si doğru,taslak,2026-10-01
Mat01MK0273,01,Bir kümenin tümleyenini bulur.,Beceri,Uygulama,Kural uygulama,Mat01MK0256; Mat01MK0263,,,ÇS,3 maddeden en az 2'si doğru,taslak,2026-10-01
Mat01MK0274,01,Doğal sayılar kümesini (ℕ) sembolüyle belirtir.,Bilgi,Hatırlama,Tanıma ve hatırlama,Mat01MK0223; Mat01MK0264,,,ÇS,3 maddeden en az 2'si doğru,taslak,2026-10-01
Mat01MK0275,01,Tam sayılar kümesini (ℤ) sembolüyle belirtir.,Bilgi,Hatırlama,Tanıma ve hatırlama,Mat01MK0223; Mat01MK0264,,,ÇS,3 maddeden en az 2'si doğru,taslak,2026-10-01
Mat01MK0276,01,Rasyonel sayılar kümesini (ℚ) sembolüyle belirtir.,Bilgi,Hatırlama,Tanıma ve hatırlama,Mat01MK0223; Mat01MK0264,,,ÇS,3 maddeden en az 2'si doğru,taslak,2026-10-01
Mat01MK0277,01,İrrasyonel sayılar kümesini (ℚ′) sembolüyle belirtir.,Bilgi,Hatırlama,Tanıma ve hatırlama,Mat01MK0223; Mat01MK0264,,,ÇS,3 maddeden en az 2'si doğru,taslak,2026-10-01
Mat01MK0278,01,Gerçek sayılar kümesini (ℝ) sembolüyle belirtir.,Bilgi,Hatırlama,Tanıma ve hatırlama,Mat01MK0223; Mat01MK0264,,,ÇS,3 maddeden en az 2'si doğru,taslak,2026-10-01
Mat01MK0279,01,Sayı kümeleri arasındaki kapsama ilişkisini gösterir.,Bilgi,Hatırlama,Ayırt etme ve sınıflama,Mat01MK0251; Mat01MK0274; Mat01MK0275; Mat01MK0276; Mat01MK0277; Mat01MK0278,,,ÇS,3 maddeden en az 2'si doğru,taslak,2026-10-01
Mat01MK0280,01,Sayı kümelerinin sıralama özelliklerine ilişkin varsayımda bulunup genelleme yapar.,Bilgi,Analiz,Çıkarım ve ilişkilendirme,Mat01MK0279,,,AU,3 maddeden en az 2'si doğru,taslak,2026-10-01
Mat01MK0281,01,Sayı kümelerinde iki sayı arasında başka sayı olup olmadığına (arada olma) ilişkin varsayımda bulunup genelleme yapar.,Bilgi,Analiz,Çıkarım ve ilişkilendirme,Mat01MK0279,,Mat01YG0042,AU,3 maddeden en az 2'si doğru,taslak,2026-10-01
Mat01MK0282,01,Sayı kümelerinin işlem özelliklerine ilişkin varsayımda bulunup genelleme yapar.,Bilgi,Analiz,Çıkarım ve ilişkilendirme,Mat01MK0279,,,AU,3 maddeden en az 2'si doğru,taslak,2026-10-01
Mat01MK0283,01,Sayı kümelerinin işlemlere göre kapalı olup olmadığını örnek ve karşı örnekle belirler.,Bilgi,Analiz,Çıkarım ve ilişkilendirme,Mat01MK0282,,,ÇS,3 maddeden en az 2'si doğru,taslak,2026-10-01
Mat01MK0284,01,Sayı kümelerinin sıralama özelliklerine ilişkin genellemelerini karşılaştırarak önermeye dönüştürür ve problemlerde kullanışlılığını değerlendirir.,Beceri,Değerlendirme,Sınama ve değerlendirme,Mat01MK0280,,,AU,3 maddeden en az 2'si doğru,taslak,2026-10-01
Mat01MK0285,01,Sayı kümelerinin arada olma özelliğine ilişkin genellemelerini karşılaştırarak önermeye dönüştürür ve problemlerde kullanışlılığını değerlendirir.,Beceri,Değerlendirme,Sınama ve değerlendirme,Mat01MK0281,,,AU,3 maddeden en az 2'si doğru,taslak,2026-10-01
Mat01MK0286,01,Sayı kümelerinin işlem özelliklerine ilişkin genellemelerini karşılaştırarak önermeye dönüştürür ve problemlerde kullanışlılığını değerlendirir.,Beceri,Değerlendirme,Sınama ve değerlendirme,Mat01MK0282,,,AU,3 maddeden en az 2'si doğru,taslak,2026-10-01
Mat01MK0287,01,Tek ve çift sayıların işlem özelliklerini kullanır.,Beceri,Uygulama,Kural uygulama,Mat01MK0282,,,ÇS,3 maddeden en az 2'si doğru,taslak,2026-10-01
Mat01MK0288,01,Ardışık sayıların işlem özelliklerini kullanır.,Beceri,Uygulama,Kural uygulama,Mat01MK0282,,,ÇS,3 maddeden en az 2'si doğru,taslak,2026-10-01
Mat01MK0289,01,"Sayı kümelerinin sıralama özelliklerine ilişkin önermeleri doğrudan ispat, karşı örnek ya da olmayana ergi yöntemiyle ispatlar ya da çürütür.",Beceri,Analiz,Model kurma,Mat01MK0284; Mat02MK0090,,,AU,3 maddeden en az 2'si doğru,taslak,2026-10-01
Mat01MK0290,01,"Sayı kümelerinin arada olma özelliğine ilişkin önermeleri doğrudan ispat, karşı örnek ya da olmayana ergi yöntemiyle ispatlar ya da çürütür.",Beceri,Analiz,Model kurma,Mat01MK0285; Mat02MK0090,,,AU,3 maddeden en az 2'si doğru,taslak,2026-10-01
Mat01MK0291,01,"Sayı kümelerinin işlem özelliklerine ilişkin önermeleri doğrudan ispat, karşı örnek ya da olmayana ergi yöntemiyle ispatlar ya da çürütür.",Beceri,Analiz,Model kurma,Mat01MK0286; Mat02MK0090,,,AU,3 maddeden en az 2'si doğru,taslak,2026-10-01
Mat01MK0292,01,Gerçek sayılarda değişme özelliğini cebirsel önermeyle ifade eder.,Bilgi,Analiz,Çıkarım ve ilişkilendirme,Mat01MK0282; Mat02MK0022; Mat02MK0023,,,ÇS,3 maddeden en az 2'si doğru,taslak,2026-10-01
Mat01MK0293,01,Gerçek sayılarda birleşme özelliğini cebirsel önermeyle ifade eder.,Bilgi,Analiz,Çıkarım ve ilişkilendirme,Mat01MK0282; Mat02MK0024; Mat02MK0025,,,ÇS,3 maddeden en az 2'si doğru,taslak,2026-10-01
Mat01MK0294,01,Gerçek sayılarda dağılma özelliğini cebirsel önermeyle ifade eder.,Bilgi,Analiz,Çıkarım ve ilişkilendirme,Mat01MK0282; Mat02MK0026; Mat02MK0027,,,ÇS,3 maddeden en az 2'si doğru,taslak,2026-10-01
Mat01MK0295,01,Toplamanın birim elemanını (0) cebirsel olarak ifade eder.,Bilgi,Anlama,Çıkarım ve ilişkilendirme,Mat01MK0282,,,ÇS,3 maddeden en az 2'si doğru,taslak,2026-10-01
Mat01MK0296,01,Toplamaya göre ters elemanı (−a) cebirsel olarak ifade eder.,Bilgi,Anlama,Çıkarım ve ilişkilendirme,Mat01MK0282,,,ÇS,3 maddeden en az 2'si doğru,taslak,2026-10-01
Mat01MK0297,01,Çarpmanın birim elemanını (1) cebirsel olarak ifade eder.,Bilgi,Anlama,Çıkarım ve ilişkilendirme,Mat01MK0282,,,ÇS,3 maddeden en az 2'si doğru,taslak,2026-10-01
Mat01MK0298,01,Çarpmaya göre ters elemanı (1/a) cebirsel olarak ifade eder.,Bilgi,Anlama,Çıkarım ve ilişkilendirme,Mat01MK0282,,,ÇS,3 maddeden en az 2'si doğru,taslak,2026-10-01
Mat01MK0299,01,İşlem özelliklerinin cebirsel ifadelerinden özdeşliklere ilişkin çıkarım yapar.,Bilgi,Analiz,Çıkarım ve ilişkilendirme,Mat01MK0292; Mat01MK0293; Mat01MK0294,,,AU,3 maddeden en az 2'si doğru,taslak,2026-10-01
Mat01MK0300,01,İşlem özelliklerinin cebirsel ifadelerinden sadeleştirme kurallarına ilişkin çıkarım yapar.,Bilgi,Analiz,Çıkarım ve ilişkilendirme,Mat01MK0294; Mat01MK0295; Mat01MK0296; Mat01MK0297; Mat01MK0298,,,AU,3 maddeden en az 2'si doğru,taslak,2026-10-01
Mat01MK0301,01,İki kare farkı özdeşliğiyle ifadeleri açar.,Beceri,Uygulama,Kural uygulama,Mat01MK0299; Mat02MK0072,,,ÇS,3 maddeden en az 2'si doğru,taslak,2026-10-01
Mat01MK0302,01,İki kare farkı özdeşliğiyle ifadeleri çarpanlara ayırır.,Beceri,Uygulama,Kural uygulama,Mat01MK0299; Mat02MK0072,,,ÇS,3 maddeden en az 2'si doğru,taslak,2026-10-01
Mat01MK0303,01,Tam kare özdeşliğiyle ifadeleri açar.,Beceri,Uygulama,Kural uygulama,Mat01MK0299; Mat02MK0072,,Mat01YG0043,ÇS,3 maddeden en az 2'si doğru,taslak,2026-10-01
Mat01MK0304,01,Tam kare özdeşliğiyle ifadeleri çarpanlara ayırır.,Beceri,Uygulama,Kural uygulama,Mat01MK0299; Mat02MK0072,,,ÇS,3 maddeden en az 2'si doğru,taslak,2026-10-01
Mat01MK0305,01,Bir doğal sayının asal çarpanları ile bölenlerinin sayısı arasındaki ilişkilere ilişkin varsayımda bulunup örneklerden genelleme yapar.,Bilgi,Analiz,Çıkarım ve ilişkilendirme,Mat01MK0076; Mat01MK0077,,Mat01YG0044,AU,3 maddeden en az 2'si doğru,taslak,2026-10-01
Mat01MK0306,01,Bir doğal sayının asal çarpanları ile bölenlerinin sayısı arasındaki ilişkilere ilişkin genellemelerini varsayımlarıyla karşılaştırarak önerme olarak sunar.,Beceri,Değerlendirme,Sınama ve değerlendirme,Mat01MK0305,,,AU,3 maddeden en az 2'si doğru,taslak,2026-10-01
Mat01MK0307,01,Asal çarpanlarından yararlanarak bir doğal sayının pozitif bölen sayısını bulur.,Beceri,Uygulama,Kural uygulama,Mat01MK0306,,Mat01YG0044,ÇS,3 maddeden en az 2'si doğru,taslak,2026-10-01
Mat01MK0308,01,Bir doğal sayının pozitif bölenlerinin toplamını asal çarpanlarından bulur.,Beceri,Uygulama,Kural uygulama,Mat01MK0307,,,ÇS,3 maddeden en az 2'si doğru,taslak,2026-10-01
Mat01MK0309,01,Bir doğal sayının asal çarpanları ile bölenlerinin sayısı arasındaki ilişkilere ilişkin önermeleri problem durumlarında kullanarak kullanışlılığını değerlendirir.,Beceri,Uygulama,Transfer ve problem çözme,Mat01MK0306,,,AU,3 maddeden en az 2'si doğru,taslak,2026-10-01
Mat01MK0310,01,Birden çok doğal sayının ortak bölenleri ile EBOB arasındaki ilişkilere ilişkin varsayımda bulunup genelleme yapar.,Bilgi,Analiz,Çıkarım ve ilişkilendirme,Mat01MK0081; Mat01MK0075,,,AU,3 maddeden en az 2'si doğru,taslak,2026-10-01
Mat01MK0311,01,Birden çok doğal sayının ortak katları ile EKOK arasındaki ilişkilere ilişkin varsayımda bulunup genelleme yapar.,Bilgi,Analiz,Çıkarım ve ilişkilendirme,Mat01MK0075; Mat01MK0082,,Mat01YG0045,AU,3 maddeden en az 2'si doğru,taslak,2026-10-01
Mat01MK0312,01,Birden çok doğal sayının ortak bölenleri ile EBOB arasındaki ilişkilere ilişkin genellemelerini varsayımlarıyla karşılaştırarak önerme olarak sunar.,Beceri,Değerlendirme,Sınama ve değerlendirme,Mat01MK0310,,,AU,3 maddeden en az 2'si doğru,taslak,2026-10-01
Mat01MK0313,01,Birden çok doğal sayının ortak katları ile EKOK arasındaki ilişkilere ilişkin genellemelerini varsayımlarıyla karşılaştırarak önerme olarak sunar.,Beceri,Değerlendirme,Sınama ve değerlendirme,Mat01MK0311,,,AU,3 maddeden en az 2'si doğru,taslak,2026-10-01
Mat01MK0314,01,Asal çarpanlara ayırarak iki ya da daha fazla sayının EBOB’unu bulur.,Beceri,Uygulama,Kural uygulama,Mat01MK0312; Mat01MK0078,,,ÇS,3 maddeden en az 2'si doğru,taslak,2026-10-01
Mat01MK0315,01,Asal çarpanlara ayırarak iki ya da daha fazla sayının EKOK’unu bulur.,Beceri,Uygulama,Kural uygulama,Mat01MK0313; Mat01MK0078,,Mat01YG0045,ÇS,3 maddeden en az 2'si doğru,taslak,2026-10-01
Mat01MK0316,01,İki doğal sayı için EBOB · EKOK = a · b ilişkisini kullanır.,Beceri,Uygulama,Kural uygulama,Mat01MK0314; Mat01MK0315,,,ÇS,3 maddeden en az 2'si doğru,taslak,2026-10-01
Mat01MK0317,01,Aralarında asal sayıları belirler.,Bilgi,Anlama,Ayırt etme ve sınıflama,Mat01MK0314,,,ÇS,3 maddeden en az 2'si doğru,taslak,2026-10-01
Mat01MK0318,01,Birden çok doğal sayının ortak bölenleri ile EBOB arasındaki ilişkilere ilişkin önermeleri problem durumlarında kullanarak kullanışlılığını değerlendirir.,Beceri,Uygulama,Transfer ve problem çözme,Mat01MK0312,,,AU,3 maddeden en az 2'si doğru,taslak,2026-10-01
Mat01MK0319,01,Birden çok doğal sayının ortak katları ile EKOK arasındaki ilişkilere ilişkin önermeleri problem durumlarında kullanarak kullanışlılığını değerlendirir.,Beceri,Uygulama,Transfer ve problem çözme,Mat01MK0313,,,AU,3 maddeden en az 2'si doğru,taslak,2026-10-01
Mat01MK0320,01,Birden çok doğal sayının ortak bölenleri ile EBOB arasındaki ilişkilere ilişkin önermeleri matematiksel doğrulama ya da ispat yöntemleriyle doğrular.,Beceri,Analiz,Model kurma,Mat01MK0312,,,AU,3 maddeden en az 2'si doğru,taslak,2026-10-01
Mat01MK0321,01,Birden çok doğal sayının ortak katları ile EKOK arasındaki ilişkilere ilişkin önermeleri matematiksel doğrulama ya da ispat yöntemleriyle doğrular.,Beceri,Analiz,Model kurma,Mat01MK0313,,,AU,3 maddeden en az 2'si doğru,taslak,2026-10-01
Mat01MK0322,01,"Bir doğal sayının 2, 5 ve 10 ile bölümünden kalanlara ilişkin son basamaktan genelleme yapar.",Bilgi,Analiz,Çıkarım ve ilişkilendirme,Mat01MK0062; Mat01MK0063; Mat01MK0064,,,AU,3 maddeden en az 2'si doğru,taslak,2026-10-01
Mat01MK0323,01,Bir doğal sayının 3 ve 9 ile bölümünden kalanlara ilişkin rakamlar toplamından genelleme yapar.,Bilgi,Analiz,Çıkarım ve ilişkilendirme,Mat01MK0065,,,AU,3 maddeden en az 2'si doğru,taslak,2026-10-01
Mat01MK0324,01,Bir doğal sayının 4 ve 8 ile bölümünden kalanlara ilişkin son basamaklarından genelleme yapar.,Bilgi,Analiz,Çıkarım ve ilişkilendirme,Mat01MK0067,,,AU,3 maddeden en az 2'si doğru,taslak,2026-10-01
Mat01MK0325,01,"Bir doğal sayının 2, 5 ve 10 ile bölümünden kalanlara ilişkin genellemelerini varsayımlarıyla karşılaştırarak önerme olarak sunar.",Beceri,Değerlendirme,Sınama ve değerlendirme,Mat01MK0322,,,AU,3 maddeden en az 2'si doğru,taslak,2026-10-01
Mat01MK0326,01,Bir doğal sayının 3 ve 9 ile bölümünden kalanlara ilişkin genellemelerini varsayımlarıyla karşılaştırarak önerme olarak sunar.,Beceri,Değerlendirme,Sınama ve değerlendirme,Mat01MK0323,,,AU,3 maddeden en az 2'si doğru,taslak,2026-10-01
Mat01MK0327,01,Bir doğal sayının 4 ve 8 ile bölümünden kalanlara ilişkin genellemelerini varsayımlarıyla karşılaştırarak önerme olarak sunar.,Beceri,Değerlendirme,Sınama ve değerlendirme,Mat01MK0324,,,AU,3 maddeden en az 2'si doğru,taslak,2026-10-01
Mat01MK0328,01,"Bir doğal sayının 2, 5 ve 10 ile bölümünden kalanlara ilişkin önermeleri problem durumlarında kullanarak kullanışlılığını değerlendirir.",Beceri,Uygulama,Transfer ve problem çözme,Mat01MK0325,,,AU,3 maddeden en az 2'si doğru,taslak,2026-10-01
Mat01MK0329,01,Bir doğal sayının 3 ve 9 ile bölümünden kalanlara ilişkin önermeleri problem durumlarında kullanarak kullanışlılığını değerlendirir.,Beceri,Uygulama,Transfer ve problem çözme,Mat01MK0326,,,AU,3 maddeden en az 2'si doğru,taslak,2026-10-01
Mat01MK0330,01,Bir doğal sayının 4 ve 8 ile bölümünden kalanlara ilişkin önermeleri problem durumlarında kullanarak kullanışlılığını değerlendirir.,Beceri,Uygulama,Transfer ve problem çözme,Mat01MK0327,,,AU,3 maddeden en az 2'si doğru,taslak,2026-10-01
Mat01MK0331,01,Bölünebilme kurallarıyla bir sayının bölümünden kalanı bulur.,Beceri,Uygulama,Kural uygulama,Mat01MK0325; Mat01MK0326; Mat01MK0327,,Mat01YG0046,ÇS,3 maddeden en az 2'si doğru,taslak,2026-10-01
Mat01MK0332,01,Kalanları kullanarak bir sayının EKOK’a bölümünden kalanı bulur.,Beceri,Uygulama,Kural uygulama,Mat01MK0325; Mat01MK0326; Mat01MK0327; Mat01MK0315,,,ÇS,3 maddeden en az 2'si doğru,taslak,2026-10-01
Mat01MK0333,01,Bir sayının 8 ile bölümünden kalanı son üç basamağından bulur.,Beceri,Uygulama,Kural uygulama,Mat01MK0327; Mat01MK0067,,,ÇS,3 maddeden en az 2'si doğru,taslak,2026-10-01
Mat01MK0334,01,"Bir doğal sayının 2, 5 ve 10 ile bölümünden kalanlara ilişkin önermeleri matematiksel doğrulama ya da ispat yöntemleriyle doğrular.",Beceri,Analiz,Model kurma,Mat01MK0325,,,AU,3 maddeden en az 2'si doğru,taslak,2026-10-01
Mat01MK0335,01,Bir doğal sayının 3 ve 9 ile bölümünden kalanlara ilişkin önermeleri matematiksel doğrulama ya da ispat yöntemleriyle doğrular.,Beceri,Analiz,Model kurma,Mat01MK0326,,,AU,3 maddeden en az 2'si doğru,taslak,2026-10-01
Mat01MK0336,01,Bir doğal sayının 4 ve 8 ile bölümünden kalanlara ilişkin önermeleri matematiksel doğrulama ya da ispat yöntemleriyle doğrular.,Beceri,Analiz,Model kurma,Mat01MK0327,,,AU,3 maddeden en az 2'si doğru,taslak,2026-10-01
Mat02MK0001,02,Eşitliğin korunumuna ilişkin örneklerden varsayımda bulunur.,Bilgi,Analiz,Çıkarım ve ilişkilendirme,Mat01MK0013,,Mat02YG0001,AU,3 maddeden en az 2'si doğru,taslak,2026-10-01
Mat02MK0002,02,Toplamanın değişme özelliğine ilişkin örneklerden varsayımda bulunur.,Bilgi,Analiz,Çıkarım ve ilişkilendirme,Mat01MK0013,,,AU,3 maddeden en az 2'si doğru,taslak,2026-10-01
Mat02MK0003,02,Çarpmanın değişme özelliğine ilişkin örneklerden varsayımda bulunur.,Bilgi,Analiz,Çıkarım ve ilişkilendirme,Mat01MK0015,,,AU,3 maddeden en az 2'si doğru,taslak,2026-10-01
Mat02MK0004,02,Toplamanın birleşme özelliğine ilişkin örneklerden varsayımda bulunur.,Bilgi,Analiz,Çıkarım ve ilişkilendirme,Mat01MK0013,,,AU,3 maddeden en az 2'si doğru,taslak,2026-10-01
Mat02MK0005,02,Çarpmanın birleşme özelliğine ilişkin örneklerden varsayımda bulunur.,Bilgi,Analiz,Çıkarım ve ilişkilendirme,Mat01MK0015,,,AU,3 maddeden en az 2'si doğru,taslak,2026-10-01
Mat02MK0006,02,Çarpmanın toplama üzerine dağılma özelliğine ilişkin örneklerden varsayımda bulunur.,Bilgi,Analiz,Çıkarım ve ilişkilendirme,Mat01MK0015,,,AU,3 maddeden en az 2'si doğru,taslak,2026-10-01
Mat02MK0007,02,Çarpmanın çıkarma üzerine dağılma özelliğine ilişkin örneklerden varsayımda bulunur.,Bilgi,Analiz,Çıkarım ve ilişkilendirme,Mat01MK0015,,,AU,3 maddeden en az 2'si doğru,taslak,2026-10-01
Mat02MK0008,02,Eşitliğin iki yanına aynı işlem yapıldığında eşitliğin korunduğu genellemesini yapar.,Bilgi,Analiz,Çıkarım ve ilişkilendirme,Mat02MK0001,,Mat02YG0001,ÇS,3 maddeden en az 2'si doğru,taslak,2026-10-01
Mat02MK0009,02,Toplamanın değişme özelliğine ilişkin genelleme yapar.,Bilgi,Analiz,Çıkarım ve ilişkilendirme,Mat02MK0002,,,ÇS,3 maddeden en az 2'si doğru,taslak,2026-10-01
Mat02MK0010,02,Çarpmanın değişme özelliğine ilişkin genelleme yapar.,Bilgi,Analiz,Çıkarım ve ilişkilendirme,Mat02MK0003,,,ÇS,3 maddeden en az 2'si doğru,taslak,2026-10-01
Mat02MK0011,02,Toplamanın birleşme özelliğine ilişkin genelleme yapar.,Bilgi,Analiz,Çıkarım ve ilişkilendirme,Mat02MK0004,,,ÇS,3 maddeden en az 2'si doğru,taslak,2026-10-01
Mat02MK0012,02,Çarpmanın birleşme özelliğine ilişkin genelleme yapar.,Bilgi,Analiz,Çıkarım ve ilişkilendirme,Mat02MK0005,,,ÇS,3 maddeden en az 2'si doğru,taslak,2026-10-01
Mat02MK0013,02,Çarpmanın toplama üzerine dağılma özelliğine ilişkin genelleme yapar.,Bilgi,Analiz,Çıkarım ve ilişkilendirme,Mat02MK0006,,Mat02YG0002,ÇS,3 maddeden en az 2'si doğru,taslak,2026-10-01
Mat02MK0014,02,Çarpmanın çıkarma üzerine dağılma özelliğine ilişkin genelleme yapar.,Bilgi,Analiz,Çıkarım ve ilişkilendirme,Mat02MK0007,,Mat02YG0002,ÇS,3 maddeden en az 2'si doğru,taslak,2026-10-01
Mat02MK0015,02,Eşitliğin korunumu genellemesini örneklerle sınar.,Beceri,Değerlendirme,Sınama ve değerlendirme,Mat02MK0008,,,AU,3 maddeden en az 2'si doğru,taslak,2026-10-01
Mat02MK0016,02,Toplamanın değişme özelliğine ilişkin genellemeyi örneklerle sınar.,Beceri,Değerlendirme,Sınama ve değerlendirme,Mat02MK0009,,,AU,3 maddeden en az 2'si doğru,taslak,2026-10-01
Mat02MK0017,02,Çarpmanın değişme özelliğine ilişkin genellemeyi örneklerle sınar.,Beceri,Değerlendirme,Sınama ve değerlendirme,Mat02MK0010,,,AU,3 maddeden en az 2'si doğru,taslak,2026-10-01
Mat02MK0018,02,Toplamanın birleşme özelliğine ilişkin genellemeyi örneklerle sınar.,Beceri,Değerlendirme,Sınama ve değerlendirme,Mat02MK0011,,,AU,3 maddeden en az 2'si doğru,taslak,2026-10-01
Mat02MK0019,02,Çarpmanın birleşme özelliğine ilişkin genellemeyi örneklerle sınar.,Beceri,Değerlendirme,Sınama ve değerlendirme,Mat02MK0012,,,AU,3 maddeden en az 2'si doğru,taslak,2026-10-01
Mat02MK0020,02,Çarpmanın toplama üzerine dağılma özelliğine ilişkin genellemeyi örneklerle sınar.,Beceri,Değerlendirme,Sınama ve değerlendirme,Mat02MK0013,,,AU,3 maddeden en az 2'si doğru,taslak,2026-10-01
Mat02MK0021,02,Çarpmanın çıkarma üzerine dağılma özelliğine ilişkin genellemeyi örneklerle sınar.,Beceri,Değerlendirme,Sınama ve değerlendirme,Mat02MK0014,,,AU,3 maddeden en az 2'si doğru,taslak,2026-10-01
Mat02MK0022,02,Toplamanın değişme özelliğine ilişkin önermeyi sözel ve sembolik olarak ifade eder ve gerekçelendirir.,Beceri,Uygulama,Dönüştürme,Mat02MK0016,,,AU,3 maddeden en az 2'si doğru,taslak,2026-10-01
Mat02MK0023,02,Çarpmanın değişme özelliğine ilişkin önermeyi sözel ve sembolik olarak ifade eder ve gerekçelendirir.,Beceri,Uygulama,Dönüştürme,Mat02MK0017,,,AU,3 maddeden en az 2'si doğru,taslak,2026-10-01
Mat02MK0024,02,Toplamanın birleşme özelliğine ilişkin önermeyi sözel ve sembolik olarak ifade eder ve gerekçelendirir.,Beceri,Uygulama,Dönüştürme,Mat02MK0018,,,AU,3 maddeden en az 2'si doğru,taslak,2026-10-01
Mat02MK0025,02,Çarpmanın birleşme özelliğine ilişkin önermeyi sözel ve sembolik olarak ifade eder ve gerekçelendirir.,Beceri,Uygulama,Dönüştürme,Mat02MK0019,,,AU,3 maddeden en az 2'si doğru,taslak,2026-10-01
Mat02MK0026,02,Çarpmanın toplama üzerine dağılma özelliğine ilişkin önermeyi sözel ve sembolik olarak ifade eder ve gerekçelendirir.,Beceri,Uygulama,Dönüştürme,Mat02MK0020,,,AU,3 maddeden en az 2'si doğru,taslak,2026-10-01
Mat02MK0027,02,Çarpmanın çıkarma üzerine dağılma özelliğine ilişkin önermeyi sözel ve sembolik olarak ifade eder ve gerekçelendirir.,Beceri,Uygulama,Dönüştürme,Mat02MK0021,,,AU,3 maddeden en az 2'si doğru,taslak,2026-10-01
Mat02MK0028,02,İşlem özelliklerini zihinden ve kolay yoldan işlem yapmak için kullanır.,Beceri,Uygulama,Kural uygulama,Mat02MK0009; Mat02MK0010; Mat02MK0011; Mat02MK0012; Mat02MK0013; Mat02MK0014,,,ÇS,3 maddeden en az 2'si doğru,taslak,2026-10-01
Mat02MK0029,02,Parantezli işlemlerde önce parantez içini yapar.,Beceri,Uygulama,Kural uygulama,Mat01MK0013; Mat01MK0014; Mat01MK0015,,,ÇS,3 maddeden en az 2'si doğru,taslak,2026-10-01
Mat02MK0030,02,Çarpma-bölme ile toplama-çıkarmayı birlikte içeren işlemlerde önce çarpma ve bölmeyi yapar.,Beceri,Uygulama,Kural uygulama,Mat01MK0018,,Mat02YG0003,ÇS,3 maddeden en az 2'si doğru,taslak,2026-10-01
Mat02MK0031,02,"Kare ve küp içeren sayı cümlelerinde üs, parantez, çarpma-bölme ve toplama-çıkarma sırasını birlikte uygular.",Beceri,Uygulama,Kural uygulama,Mat02MK0029; Mat02MK0030; Mat01MK0044; Mat01MK0045,,,ÇS,3 maddeden en az 2'si doğru,taslak,2026-10-01
Mat02MK0032,02,İşlem önceliği kurallarını kendi ifadeleriyle açıklar.,Bilgi,Anlama,Açıklama ve özetleme,Mat02MK0031,,,AU,3 maddeden en az 2'si doğru,taslak,2026-10-01
Mat02MK0033,02,Kuralı verilen bir sayı örüntüsünün istenen terimlerini bulur.,Beceri,Uygulama,Kural uygulama,Mat01MK0013,,,ÇS,3 maddeden en az 2'si doğru,taslak,2026-10-01
Mat02MK0034,02,Şekil örüntüsünün sonraki adımlarını çizer.,Beceri,Uygulama,Dönüştürme,Mat01MK0013,,,AU,3 maddeden en az 2'si doğru,taslak,2026-10-01
Mat02MK0035,02,Şekil örüntüsünde adım sayısıyla şekil sayısını tabloya döker.,Beceri,Uygulama,Dönüştürme,Mat01MK0013,,,AU,3 maddeden en az 2'si doğru,taslak,2026-10-01
Mat02MK0036,02,Sayı örüntülerinin kuralına ilişkin varsayımda bulunup genelleme belirler.,Bilgi,Analiz,Çıkarım ve ilişkilendirme,Mat02MK0033,,,ÇS,3 maddeden en az 2'si doğru,taslak,2026-10-01
Mat02MK0037,02,Şekil örüntülerinin kuralına ilişkin varsayımda bulunup genelleme belirler.,Bilgi,Analiz,Çıkarım ve ilişkilendirme,Mat02MK0034; Mat02MK0035,,,ÇS,3 maddeden en az 2'si doğru,taslak,2026-10-01
Mat02MK0038,02,Sayı örüntüsünün kuralı genellemesini örüntünün terimleriyle sınar.,Beceri,Değerlendirme,Sınama ve değerlendirme,Mat02MK0036,,,AU,3 maddeden en az 2'si doğru,taslak,2026-10-01
Mat02MK0039,02,Şekil örüntüsünün kuralı genellemesini örüntünün terimleriyle sınar.,Beceri,Değerlendirme,Sınama ve değerlendirme,Mat02MK0037,,,AU,3 maddeden en az 2'si doğru,taslak,2026-10-01
Mat02MK0040,02,Sayı örüntüsünün kuralını sözel ve sembolik olarak ifade eder ve kapsayıcı örneklerle gerekçelendirir.,Beceri,Uygulama,Dönüştürme,Mat02MK0038,,Mat02YG0004,AU,3 maddeden en az 2'si doğru,taslak,2026-10-01
Mat02MK0041,02,Şekil örüntüsünün kuralını sözel ve sembolik olarak ifade eder ve kapsayıcı örneklerle gerekçelendirir.,Beceri,Uygulama,Dönüştürme,Mat02MK0039,,Mat02YG0004,AU,3 maddeden en az 2'si doğru,taslak,2026-10-01
Mat02MK0042,02,Akış şemasında başla-bitir sembolünü belirtir.,Bilgi,Hatırlama,Tanıma ve hatırlama,,Algoritma kavramı (bilişim teknolojileri),,ÇS,3 maddeden en az 2'si doğru,taslak,2026-10-01
Mat02MK0043,02,Akış şemasında işlem sembolünü belirtir.,Bilgi,Hatırlama,Tanıma ve hatırlama,,Algoritma kavramı (bilişim teknolojileri),,ÇS,3 maddeden en az 2'si doğru,taslak,2026-10-01
Mat02MK0044,02,Akış şemasında karar sembolünü belirtir.,Bilgi,Hatırlama,Tanıma ve hatırlama,,Algoritma kavramı (bilişim teknolojileri),,ÇS,3 maddeden en az 2'si doğru,taslak,2026-10-01
Mat02MK0045,02,Akış şemasında ok (akış yönü) sembolünü belirtir.,Bilgi,Hatırlama,Tanıma ve hatırlama,,Algoritma kavramı (bilişim teknolojileri),,ÇS,3 maddeden en az 2'si doğru,taslak,2026-10-01
Mat02MK0046,02,"Akış şeması, doğal dil ya da sözde kodla verilen aritmetik bir algoritmanın yapısını inceleyip tabloya ya da işlemlere dönüştürür.",Beceri,Uygulama,Dönüştürme,Mat01MK0013; Mat01MK0014; Mat02MK0042; Mat02MK0043; Mat02MK0044; Mat02MK0045,,,AU,3 maddeden en az 2'si doğru,taslak,2026-10-01
Mat02MK0047,02,Verilen bir algoritmayı girdi değerleriyle adım adım işletip çıktıyı bulur.,Beceri,Uygulama,Kural uygulama,Mat02MK0046,,Mat02YG0005,ÇS,3 maddeden en az 2'si doğru,taslak,2026-10-01
Mat02MK0048,02,Algoritmanın içerdiği matematiksel ilişkileri sözlü olarak ifade eder.,Bilgi,Anlama,Açıklama ve özetleme,Mat02MK0046,,,AU,3 maddeden en az 2'si doğru,taslak,2026-10-01
Mat02MK0049,02,Gerçek yaşam durumlarındaki bilinen ve bilinmeyen nicelikleri ve aralarındaki ilişkileri tablo kullanarak belirler.,Beceri,Uygulama,Dönüştürme,Mat01MK0013; Mat01MK0014,,,AU,3 maddeden en az 2'si doğru,taslak,2026-10-01
Mat02MK0050,02,"Gerçek yaşam ya da matematiksel durumları değişken, katsayı ve terim içeren cebirsel ifadelerle gösterir.",Beceri,Uygulama,Dönüştürme,Mat02MK0049,,,ÇS,3 maddeden en az 2'si doğru,taslak,2026-10-01
Mat02MK0051,02,Cebirsel ifadede değişken yerine sayı koyarak ifadenin değerini bulur.,Beceri,Uygulama,Kural uygulama,Mat02MK0050,,,ÇS,3 maddeden en az 2'si doğru,taslak,2026-10-01
Mat02MK0052,02,Cebirsel ifadede değişkeni belirtir.,Bilgi,Hatırlama,Tanıma ve hatırlama,Mat02MK0050,,,ÇS,3 maddeden en az 2'si doğru,taslak,2026-10-01
Mat02MK0053,02,Cebirsel ifadede katsayıyı belirtir.,Bilgi,Hatırlama,Tanıma ve hatırlama,Mat02MK0050,,,ÇS,3 maddeden en az 2'si doğru,taslak,2026-10-01
Mat02MK0054,02,Cebirsel ifadede sabit terimi belirtir.,Bilgi,Hatırlama,Tanıma ve hatırlama,Mat02MK0050,,,ÇS,3 maddeden en az 2'si doğru,taslak,2026-10-01
Mat02MK0055,02,Cebirsel ifadelere karşılık gelen durumlardan değişkenin anlamına ilişkin genelleme yapar.,Bilgi,Analiz,Çıkarım ve ilişkilendirme,Mat02MK0051; Mat02MK0052,,Mat02YG0006,AU,3 maddeden en az 2'si doğru,taslak,2026-10-01
Mat02MK0056,02,Cebirsel ifadelere karşılık gelen durumlardan cebirsel ifadenin anlamına ilişkin genelleme yapar.,Bilgi,Analiz,Çıkarım ve ilişkilendirme,Mat02MK0051; Mat02MK0052; Mat02MK0053; Mat02MK0054,,,AU,3 maddeden en az 2'si doğru,taslak,2026-10-01
Mat02MK0057,02,Değişkenin anlamına ilişkin genellemesini farklı sözel ve cebirsel ifadelerle sınar ve farklı değişkenlerle yeniden ifade eder.,Beceri,Değerlendirme,Sınama ve değerlendirme,Mat02MK0055,,,AU,3 maddeden en az 2'si doğru,taslak,2026-10-01
Mat02MK0058,02,Cebirsel ifadenin anlamına ilişkin genellemesini farklı sözel ve cebirsel ifadelerle sınar.,Beceri,Değerlendirme,Sınama ve değerlendirme,Mat02MK0056,,,AU,3 maddeden en az 2'si doğru,taslak,2026-10-01
Mat02MK0059,02,Sayı örüntülerindeki ilişkiyi (kuralı) belirler.,Bilgi,Analiz,Çıkarım ve ilişkilendirme,Mat02MK0040,,,ÇS,3 maddeden en az 2'si doğru,taslak,2026-10-01
Mat02MK0060,02,Şekil örüntülerindeki ilişkiyi (kuralı) belirler.,Bilgi,Analiz,Çıkarım ve ilişkilendirme,Mat02MK0041,,,ÇS,3 maddeden en az 2'si doğru,taslak,2026-10-01
Mat02MK0061,02,Örüntüdeki ilişkiyi tabloyla ifade eder.,Beceri,Uygulama,Dönüştürme,Mat02MK0059; Mat02MK0060,,,AU,3 maddeden en az 2'si doğru,taslak,2026-10-01
Mat02MK0062,02,Örüntüdeki ilişkiyi grafikle ifade eder.,Beceri,Uygulama,Dönüştürme,Mat02MK0059; Mat02MK0060,,,AU,3 maddeden en az 2'si doğru,taslak,2026-10-01
Mat02MK0063,02,Örüntüdeki ilişkiyi sözel olarak ifade eder.,Beceri,Uygulama,Dönüştürme,Mat02MK0059; Mat02MK0060,,,AU,3 maddeden en az 2'si doğru,taslak,2026-10-01
Mat02MK0064,02,Örüntünün genel terimini cebirsel olarak ifade eder (ör. 3n + 1).,Beceri,Analiz,Model kurma,Mat02MK0061; Mat02MK0062; Mat02MK0063; Mat02MK0050,,Mat02YG0007,ÇS; AU,3 maddeden en az 2'si doğru,taslak,2026-10-01
Mat02MK0065,02,Genel terimi verilen bir örüntünün istenen terimini bulur.,Beceri,Uygulama,Kural uygulama,Mat02MK0064; Mat02MK0051,,Mat02YG0007,ÇS,3 maddeden en az 2'si doğru,taslak,2026-10-01
Mat02MK0066,02,Cebirsel ifade içeren bir algoritmanın yapısını inceleyip tabloya ya da cebirsel ifadeye dönüştürür.,Beceri,Uygulama,Dönüştürme,Mat02MK0050; Mat02MK0048,,,AU,3 maddeden en az 2'si doğru,taslak,2026-10-01
Mat02MK0067,02,Cebirsel ifade içeren bir algoritmayı farklı girdilerle işletip çıktıları tabloya yazar.,Beceri,Uygulama,Kural uygulama,Mat02MK0066; Mat02MK0047,,,ÇS,3 maddeden en az 2'si doğru,taslak,2026-10-01
Mat02MK0068,02,Algoritmanın içerdiği matematiksel ilişkileri sözel olarak ifade eder.,Bilgi,Anlama,Açıklama ve özetleme,Mat02MK0066,,,AU,3 maddeden en az 2'si doğru,taslak,2026-10-01
Mat02MK0069,02,Benzer ve benzer olmayan terimleri ayırt eder.,Bilgi,Anlama,Ayırt etme ve sınıflama,Mat02MK0052,,Mat02YG0008,ÇS,3 maddeden en az 2'si doğru,taslak,2026-10-01
Mat02MK0070,02,Benzer terimleri birleştirerek cebirsel ifadelerle toplama yapar.,Beceri,Uygulama,Kural uygulama,Mat02MK0069; Mat01MK0132,,Mat02YG0008,ÇS,3 maddeden en az 2'si doğru,taslak,2026-10-01
Mat02MK0071,02,Benzer terimleri birleştirerek cebirsel ifadelerle çıkarma yapar.,Beceri,Uygulama,Kural uygulama,Mat02MK0069; Mat01MK0133,,Mat02YG0008,ÇS,3 maddeden en az 2'si doğru,taslak,2026-10-01
Mat02MK0072,02,Bir cebirsel ifadeyi dağılma özelliğiyle bir rasyonel sayıyla çarpar.,Beceri,Uygulama,Kural uygulama,Mat02MK0013; Mat02MK0014; Mat01MK0147,,Mat02YG0002,ÇS,3 maddeden en az 2'si doğru,taslak,2026-10-01
Mat02MK0073,02,Cebirsel ifadelerle yapılan işlemler ile sonuçları arasındaki denkliği açıklar.,Bilgi,Anlama,Açıklama ve özetleme,Mat02MK0070; Mat02MK0071; Mat02MK0072,,,AU,3 maddeden en az 2'si doğru,taslak,2026-10-01
Mat02MK0074,02,"Birinci dereceden denklem içeren problemlerde nicelikleri ve aralarındaki ilişkileri belirleyerek problemi uygun temsile (şekil, tablo, sayı doğrusu, denklem) dönüştürür.",Beceri,Uygulama,Dönüştürme,Mat02MK0078; Mat02MK0076,,,AU,3 maddeden en az 2'si doğru,taslak,2026-10-01
Mat02MK0075,02,"Birinci dereceden eşitsizlik içeren problemlerde nicelikleri ve aralarındaki ilişkileri belirleyerek problemi uygun temsile (şekil, tablo, sayı doğrusu, denklem) dönüştürür.",Beceri,Uygulama,Dönüştürme,Mat02MK0079; Mat02MK0077,,,AU,3 maddeden en az 2'si doğru,taslak,2026-10-01
Mat02MK0076,02,Sözel bir durumu birinci dereceden bir bilinmeyenli denklem olarak yazar.,Beceri,Uygulama,Dönüştürme,Mat02MK0050,,,ÇS,3 maddeden en az 2'si doğru,taslak,2026-10-01
Mat02MK0077,02,Sözel bir durumu birinci dereceden bir bilinmeyenli eşitsizlik olarak yazar.,Beceri,Uygulama,Dönüştürme,Mat02MK0050,,,ÇS,3 maddeden en az 2'si doğru,taslak,2026-10-01
Mat02MK0078,02,Birinci dereceden bir bilinmeyenli denklemleri eşitliğin korunumuyla çözer.,Beceri,Uygulama,Kural uygulama,Mat02MK0070; Mat02MK0071; Mat02MK0072; Mat02MK0008,,Mat02YG0009,ÇS,3 maddeden en az 2'si doğru,taslak,2026-10-01
Mat02MK0079,02,Birinci dereceden bir bilinmeyenli eşitsizlikleri çözer.,Beceri,Uygulama,Kural uygulama,Mat02MK0078; Mat01MK0130,,Mat02YG0010,ÇS,3 maddeden en az 2'si doğru,taslak,2026-10-01
Mat02MK0080,02,Eşitsizliğin çözüm kümesini sayı doğrusunda gösterir.,Beceri,Uygulama,Kural uygulama,Mat02MK0079; Mat01MK0129,,,ÇS,3 maddeden en az 2'si doğru,taslak,2026-10-01
Mat02MK0081,02,Birinci dereceden denklem içeren problemler için strateji geliştirip uygulayarak problemi çözer.,Beceri,Uygulama,Transfer ve problem çözme,Mat02MK0074,,,ÇS; AU,3 maddeden en az 2'si doğru,taslak,2026-10-01
Mat02MK0082,02,Birinci dereceden eşitsizlik içeren problemler için strateji geliştirip uygulayarak problemi çözer.,Beceri,Uygulama,Transfer ve problem çözme,Mat02MK0075,,,ÇS; AU,3 maddeden en az 2'si doğru,taslak,2026-10-01
Mat02MK0083,02,"Birinci dereceden denklem içeren problemlerin çözümünü kontrol eder, çözüme ulaştırmayan stratejiyi değiştirir ve farklı çözüm yollarını değerlendirir.",Beceri,Değerlendirme,Sınama ve değerlendirme,Mat02MK0081,,,AU,3 maddeden en az 2'si doğru,taslak,2026-10-01
Mat02MK0084,02,"Birinci dereceden eşitsizlik içeren problemlerin çözümünü kontrol eder, çözüme ulaştırmayan stratejiyi değiştirir ve farklı çözüm yollarını değerlendirir.",Beceri,Değerlendirme,Sınama ve değerlendirme,Mat02MK0082,,,AU,3 maddeden en az 2'si doğru,taslak,2026-10-01
Mat02MK0085,02,Birinci dereceden denklem içeren problemlerde kullandığı stratejiyi farklı problemlere genelleyerek genellemenin geçerliliğini örneklerle değerlendirir.,Beceri,Analiz,Çıkarım ve ilişkilendirme,Mat02MK0083,,,AU,3 maddeden en az 2'si doğru,taslak,2026-10-01
Mat02MK0086,02,Birinci dereceden eşitsizlik içeren problemlerde kullandığı stratejiyi farklı problemlere genelleyerek genellemenin geçerliliğini örneklerle değerlendirir.,Beceri,Analiz,Çıkarım ve ilişkilendirme,Mat02MK0084,,,AU,3 maddeden en az 2'si doğru,taslak,2026-10-01
Mat02MK0087,02,Sayıların özellikleriyle ilgili örüntülere dayanarak (ör. ardışık sayıların toplamı) varsayımda bulunur.,Bilgi,Analiz,Çıkarım ve ilişkilendirme,Mat02MK0050; Mat02MK0064,,,AU,3 maddeden en az 2'si doğru,taslak,2026-10-01
Mat02MK0088,02,Listelediği örüntülerin varsayımını karşılayıp karşılamadığını sınar.,Beceri,Değerlendirme,Sınama ve değerlendirme,Mat02MK0087,,Mat02YG0011,AU,3 maddeden en az 2'si doğru,taslak,2026-10-01
Mat02MK0089,02,Ulaştığı önermeyi sözel ve cebirsel olarak (ör. 2n + 1) ifade eder ve gerekçelendirir.,Beceri,Uygulama,Dönüştürme,Mat02MK0088,,,AU,3 maddeden en az 2'si doğru,taslak,2026-10-01
Mat02MK0090,02,Sayılarla ilgili bir önermeyi cebirsel ispat yöntemiyle kanıtlar.,Beceri,Analiz,Model kurma,Mat02MK0089; Mat02MK0070; Mat02MK0071,,Mat02YG0011,AU,3 maddeden en az 2'si doğru,taslak,2026-10-01
Mat02MK0091,02,İspatladığı önermeyi gözden geçirerek yeni durumlara uyarlar.,Beceri,Uygulama,Transfer ve problem çözme,Mat02MK0090,,,AU,3 maddeden en az 2'si doğru,taslak,2026-10-01
Mat02MK0092,02,Aritmetik ve cebirsel işlem içeren bir süreçteki adımları ve aralarındaki ilişkileri açıklar.,Bilgi,Anlama,Açıklama ve özetleme,Mat02MK0070; Mat02MK0071; Mat02MK0068,,,AU,3 maddeden en az 2'si doğru,taslak,2026-10-01
Mat02MK0093,02,Adımları akış şeması ya da sözde kod gibi algoritma ifade yöntemleriyle uyumlu bir bütüne dönüştürür.,Beceri,Uygulama,Dönüştürme,Mat02MK0092,,,AU,3 maddeden en az 2'si doğru,taslak,2026-10-01
Mat02MK0094,02,Bir algoritmayı işletirken ara değerleri izler.,Beceri,Değerlendirme,Sınama ve değerlendirme,Mat02MK0093; Mat02MK0067,,Mat02YG0005,AU,3 maddeden en az 2'si doğru,taslak,2026-10-01
Mat02MK0095,02,Bir algoritmadaki hataları bulur.,Beceri,Değerlendirme,Sınama ve değerlendirme,Mat02MK0093; Mat02MK0067,,,AU,3 maddeden en az 2'si doğru,taslak,2026-10-01
Mat02MK0096,02,Dik koordinat sisteminde x eksenini (apsis) belirler.,Bilgi,Anlama,Tanıma ve hatırlama,Mat01MK0129,Sayı doğrusunu yorumlar (önceki sınıflar),,ÇS,3 maddeden en az 2'si doğru,taslak,2026-09-29
Mat02MK0097,02,Dik koordinat sisteminde y eksenini (ordinat) belirler.,Bilgi,Anlama,Tanıma ve hatırlama,Mat01MK0129,Sayı doğrusunu yorumlar (önceki sınıflar),,ÇS,3 maddeden en az 2'si doğru,taslak,2026-10-01
Mat02MK0098,02,Dik koordinat sisteminde orijini belirler.,Bilgi,Anlama,Tanıma ve hatırlama,Mat02MK0096; Mat02MK0097,Sayı doğrusunu yorumlar (önceki sınıflar),,ÇS,3 maddeden en az 2'si doğru,taslak,2026-10-01
Mat02MK0099,02,Dik koordinat sisteminin bölgelerini belirler.,Bilgi,Anlama,Tanıma ve hatırlama,Mat02MK0096; Mat02MK0097,Sayı doğrusunu yorumlar (önceki sınıflar),Mat02YG0012,ÇS,3 maddeden en az 2'si doğru,taslak,2026-10-01
Mat02MK0100,02,"Gerçek yaşam durumlarındaki konumları (sinema koltuğu, harita) sıralı ikililerle ifade eder.",Beceri,Uygulama,Dönüştürme,Mat02MK0096; Mat02MK0097,,Mat02YG0013,ÇS; AU,3 maddeden en az 2'si doğru,taslak,2026-09-29
Mat02MK0101,02,Sıralı ikiliye karşılık gelen noktayı koordinat sisteminde işaretler.,Beceri,Uygulama,Dönüştürme,Mat02MK0096; Mat02MK0097; Mat02MK0098,,Mat02YG0013,ÇS,3 maddeden en az 2'si doğru,taslak,2026-09-29
Mat02MK0102,02,Koordinat sisteminde işaretli bir noktanın koordinatlarını okur.,Beceri,Uygulama,Dönüştürme,Mat02MK0096; Mat02MK0097,,Mat02YG0013,ÇS,3 maddeden en az 2'si doğru,taslak,2026-10-01
Mat02MK0103,02,Koordinatların işaretinden noktanın hangi bölgede olduğunu belirler.,Beceri,Uygulama,Kural uygulama,Mat02MK0102; Mat02MK0099,,Mat02YG0012,ÇS,3 maddeden en az 2'si doğru,taslak,2026-09-29
Mat02MK0104,02,Koordinatlardan noktanın hangi eksen üzerinde olduğunu belirler.,Beceri,Uygulama,Kural uygulama,Mat02MK0102,,,ÇS,3 maddeden en az 2'si doğru,taslak,2026-10-01
Mat02MK0105,02,"Düzlemdeki her noktaya bir gerçek sayı ikilisinin, her gerçek sayı ikilisine düzlemde bir noktanın karşılık geldiğini açıklar.",Bilgi,Anlama,Açıklama ve özetleme,Mat02MK0101; Mat02MK0102,,,AU,3 maddeden en az 2'si doğru,taslak,2026-09-29
Mat02MK0106,02,Doğrusal bir ilişkinin sözel temsilini tanır.,Bilgi,Anlama,Tanıma ve hatırlama,Mat01MK0163,,,ÇS,3 maddeden en az 2'si doğru,taslak,2026-09-29
Mat02MK0107,02,Doğrusal bir ilişkinin tablo temsilini tanır.,Bilgi,Anlama,Tanıma ve hatırlama,Mat01MK0164,,,ÇS,3 maddeden en az 2'si doğru,taslak,2026-10-01
Mat02MK0108,02,Doğrusal bir ilişkinin cebirsel (f(x) = mx + n) temsilini tanır.,Bilgi,Anlama,Tanıma ve hatırlama,Mat02MK0050; Mat02MK0051,,,ÇS,3 maddeden en az 2'si doğru,taslak,2026-10-01
Mat02MK0109,02,Doğrusal bir ilişkinin grafik temsilini tanır.,Bilgi,Anlama,Tanıma ve hatırlama,Mat02MK0102; Mat01MK0165,,,ÇS,3 maddeden en az 2'si doğru,taslak,2026-10-01
Mat02MK0110,02,Tablodaki değerlerde değişim oranının sabit olup olmadığına bakarak ilişkinin doğrusal olup olmadığını belirler.,Beceri,Analiz,Ayırt etme ve sınıflama,Mat02MK0107,,Mat02YG0014,ÇS,3 maddeden en az 2'si doğru,taslak,2026-09-29
Mat02MK0111,02,Gerçek yaşam durumunda bağımlı ve bağımsız değişkeni belirler.,Bilgi,Anlama,Ayırt etme ve sınıflama,Mat02MK0106; Mat02MK0108,,,ÇS,3 maddeden en az 2'si doğru,taslak,2026-09-29
Mat02MK0112,02,"Verilen soruyu yanıtlamak için hangi temsilin (tablo, cebirsel, grafik) uygun olduğunu belirler.",Beceri,Uygulama,Yorumlama,Mat02MK0107; Mat02MK0108; Mat02MK0109,,,ÇS; AU,3 maddeden en az 2'si doğru,taslak,2026-09-29
Mat02MK0113,02,Sözel bir durumdan doğrusal ilişkinin tablosunu oluşturur.,Beceri,Uygulama,Dönüştürme,Mat02MK0111; Mat02MK0107,,,AU,3 maddeden en az 2'si doğru,taslak,2026-09-29
Mat02MK0114,02,Sözel bir durumdan f(x) = mx + n cebirsel ifadesini oluşturur.,Beceri,Uygulama,Dönüştürme,Mat02MK0111; Mat02MK0108,,,AU,3 maddeden en az 2'si doğru,taslak,2026-10-01
Mat02MK0115,02,Tablodan doğrusal fonksiyonun grafiğini çizer.,Beceri,Uygulama,Dönüştürme,Mat02MK0107; Mat02MK0109,,,AU,3 maddeden en az 2'si doğru,taslak,2026-09-29
Mat02MK0116,02,Cebirsel ifadeden doğrusal fonksiyonun grafiğini çizer.,Beceri,Uygulama,Dönüştürme,Mat02MK0108; Mat02MK0051; Mat02MK0109,,,AU,3 maddeden en az 2'si doğru,taslak,2026-10-01
Mat02MK0117,02,Doğrusal fonksiyonun grafiğinden tabloya geçer.,Beceri,Uygulama,Dönüştürme,Mat02MK0109; Mat02MK0107,,,ÇS,3 maddeden en az 2'si doğru,taslak,2026-09-29
Mat02MK0118,02,Doğrusal fonksiyonun grafiğinden cebirsel ifadeye geçer.,Beceri,Uygulama,Dönüştürme,Mat02MK0116,,,ÇS,3 maddeden en az 2'si doğru,taslak,2026-10-01
Mat02MK0119,02,Eğimi dikey değişimin yatay değişime oranı olarak hesaplar.,Beceri,Uygulama,Kural uygulama,Mat02MK0110; Mat02MK0109,,Mat02YG0015,ÇS; AU,3 maddeden en az 2'si doğru,taslak,2026-09-29
Mat02MK0120,02,Eğimin durumdaki anlamını (birim başına değişim) yorumlar.,Bilgi,Analiz,Yorumlama,Mat02MK0119,,,ÇS,3 maddeden en az 2'si doğru,taslak,2026-10-01
Mat02MK0121,02,"f(x) = mx + n ifadesinde n'nin başlangıç değeri, yani grafiğin y eksenini kestiği nokta olduğunu yorumlar.",Bilgi,Anlama,Yorumlama,Mat02MK0116,,Mat02YG0016,ÇS,3 maddeden en az 2'si doğru,taslak,2026-09-29
Mat02MK0122,02,Bir temsilin verilen durumu doğru ve eksiksiz yansıtıp yansıtmadığını (ör. değişkenin alabileceği değerler) değerlendirir.,Beceri,Değerlendirme,Sınama ve değerlendirme,Mat02MK0117; Mat02MK0118,,,AU,3 maddeden en az 2'si doğru,taslak,2026-09-29
Mat02MK0123,02,Farklı temsilleri ekonomiklik açısından karşılaştırır.,Beceri,Değerlendirme,Karşılaştırma,Mat02MK0122,,,AU,3 maddeden en az 2'si doğru,taslak,2026-09-29
Mat02MK0124,02,Farklı temsilleri kullanışlılık açısından karşılaştırır.,Beceri,Değerlendirme,Karşılaştırma,Mat02MK0122,,,AU,3 maddeden en az 2'si doğru,taslak,2026-10-01
Mat02MK0125,02,Karşılaştırmaya dayanarak bir durum için kullanılacak temsile karar verir ve kararını gerekçelendirir.,Beceri,Değerlendirme,Sınama ve değerlendirme,Mat02MK0123; Mat02MK0124,,,AU,3 maddeden en az 2'si doğru,taslak,2026-09-29
Mat02MK0126,02,İki doğrusal fonksiyonun eğimlerine bakarak grafiklerinin paralel olacağına dair varsayım oluşturur.,Beceri,Analiz,Çıkarım ve ilişkilendirme,Mat02MK0119,,,AU,3 maddeden en az 2'si doğru,taslak,2026-09-29
Mat02MK0127,02,İki doğrusal fonksiyonun eğimlerine bakarak grafiklerinin kesişeceğine dair varsayım oluşturur.,Beceri,Analiz,Çıkarım ve ilişkilendirme,Mat02MK0119,,,AU,3 maddeden en az 2'si doğru,taslak,2026-10-01
Mat02MK0128,02,İki doğrusal fonksiyonun eğimlerine bakarak grafiklerinin dik olacağına dair varsayım oluşturur.,Beceri,Analiz,Çıkarım ve ilişkilendirme,Mat02MK0119,,,AU,3 maddeden en az 2'si doğru,taslak,2026-10-01
Mat02MK0129,02,İki doğrunun kesişim noktasının her iki fonksiyonu da sağlayan nokta (f(a) = g(a) = b) olduğu genellemesini yapar.,Bilgi,Analiz,Çıkarım ve ilişkilendirme,Mat02MK0116,,Mat02YG0017,ÇS,3 maddeden en az 2'si doğru,taslak,2026-09-29
Mat02MK0130,02,Matematik yazılımıyla grafikleri inceleyerek eğimleri eşit doğruların paralel olduğu genellemesini yapar.,Bilgi,Analiz,Çıkarım ve ilişkilendirme,Mat02MK0126,,Mat02YG0018,ÇS,3 maddeden en az 2'si doğru,taslak,2026-09-29
Mat02MK0131,02,Birbirine dik doğruların eğimlerinin çarpımının −1 olduğu genellemesini yapar.,Bilgi,Analiz,Çıkarım ve ilişkilendirme,Mat02MK0128,,Mat02YG0019,ÇS,3 maddeden en az 2'si doğru,taslak,2026-09-29
Mat02MK0132,02,İki doğrunun paralel olacağına dair varsayımını yazılımla elde ettiği grafiklerle karşılaştırır.,Beceri,Değerlendirme,Sınama ve değerlendirme,Mat02MK0126; Mat02MK0130,,,AU; PG,3 maddeden en az 2'si doğru; PG'de rubrikte yeterli ve üstü,taslak,2026-09-29
Mat02MK0133,02,İki doğrunun dik olacağına dair varsayımını yazılımla elde ettiği grafiklerle karşılaştırır.,Beceri,Değerlendirme,Sınama ve değerlendirme,Mat02MK0128; Mat02MK0131,,,AU; PG,3 maddeden en az 2'si doğru; PG'de rubrikte yeterli ve üstü,taslak,2026-10-01
Mat02MK0134,02,İki doğrunun kesişen olacağına dair varsayımını yazılımla elde ettiği grafiklerle karşılaştırır.,Beceri,Değerlendirme,Sınama ve değerlendirme,Mat02MK0127; Mat02MK0130,,,AU; PG,3 maddeden en az 2'si doğru; PG'de rubrikte yeterli ve üstü,taslak,2026-10-01
Mat02MK0135,02,İki doğrunun paralel olmasına ilişkin önermeyi eğimler ve n değerleri üzerinden ifade eder.,Bilgi,Anlama,Açıklama ve özetleme,Mat02MK0130,,,AU,3 maddeden en az 2'si doğru,taslak,2026-09-29
Mat02MK0136,02,İki doğrunun dik olmasına ilişkin önermeyi eğimler üzerinden ifade eder.,Bilgi,Anlama,Açıklama ve özetleme,Mat02MK0131,,,AU,3 maddeden en az 2'si doğru,taslak,2026-10-01
Mat02MK0137,02,İki doğrunun kesişim noktasına ilişkin önermeyi ifade eder.,Bilgi,Anlama,Açıklama ve özetleme,Mat02MK0130; Mat02MK0129,,,AU,3 maddeden en az 2'si doğru,taslak,2026-10-01
Mat02MK0138,02,Cebirsel ifadeleri verilen iki doğrunun paralel olduğunu grafik çizmeden belirler.,Beceri,Uygulama,Kural uygulama,Mat02MK0135,,Mat02YG0018,ÇS,3 maddeden en az 2'si doğru,taslak,2026-09-29
Mat02MK0139,02,Cebirsel ifadeleri verilen iki doğrunun dik olduğunu grafik çizmeden belirler.,Beceri,Uygulama,Kural uygulama,Mat02MK0136,,Mat02YG0019,ÇS,3 maddeden en az 2'si doğru,taslak,2026-10-01
Mat02MK0140,02,Cebirsel ifadeleri verilen iki doğrunun kesiştiğini grafik çizmeden belirler.,Beceri,Uygulama,Kural uygulama,Mat02MK0137,,,ÇS,3 maddeden en az 2'si doğru,taslak,2026-10-01
Mat02MK0141,02,Cebirsel ifadeleri verilen iki doğrunun çakışık olduğunu grafik çizmeden belirler.,Beceri,Uygulama,Kural uygulama,Mat02MK0135,,,ÇS,3 maddeden en az 2'si doğru,taslak,2026-10-01
Mat02MK0142,02,Doğrusal fonksiyon problemine ait girdi (bağımsız) ve çıktı (bağımlı) değişkenlerini belirler.,Bilgi,Anlama,Ayırt etme ve sınıflama,Mat02MK0111,,Mat02YG0020,ÇS,3 maddeden en az 2'si doğru,taslak,2026-09-29
Mat02MK0143,02,Problemin çözüm adımlarını sıralı olarak doğal dille açıklar.,Beceri,Uygulama,Açıklama ve özetleme,Mat02MK0142,,Mat02YG0005,AU,3 maddeden en az 2'si doğru,taslak,2026-09-29
Mat02MK0144,02,Çözüm adımları arasındaki ilişkileri belirtir.,Beceri,Analiz,Çıkarım ve ilişkilendirme,Mat02MK0143,,,AU,3 maddeden en az 2'si doğru,taslak,2026-09-29
Mat02MK0145,02,Çözümdeki koşula bağlı karar noktalarını belirtir.,Beceri,Analiz,Çıkarım ve ilişkilendirme,Mat02MK0143,,,AU,3 maddeden en az 2'si doğru,taslak,2026-10-01
Mat02MK0146,02,Çözümü akış şemasıyla ifade eder.,Beceri,Uygulama,Dönüştürme,Mat02MK0144; Mat02MK0145; Mat02MK0093,,,AU; PG,3 maddeden en az 2'si doğru; PG'de rubrikte yeterli ve üstü,taslak,2026-09-29
Mat02MK0147,02,Çözümü Türkçe sözde kodla ifade eder.,Beceri,Uygulama,Dönüştürme,Mat02MK0144; Mat02MK0145; Mat02MK0093,,,AU,3 maddeden en az 2'si doğru,taslak,2026-09-29
Mat02MK0148,02,Oluşturduğu algoritmayı örnek girdilerle adım adım işleterek doğruluğunu kontrol eder.,Beceri,Değerlendirme,Sınama ve değerlendirme,Mat02MK0146; Mat02MK0147,,Mat02YG0005,PG,Rubrikte yeterli ve üstü,taslak,2026-09-29
Mat02MK0149,02,Doğrusal referans fonksiyonun tanım kümesini belirler.,Bilgi,Analiz,Yorumlama,Mat02MK0116; Mat01MK0258,,,ÇS,3 maddeden en az 2'si doğru,taslak,2026-10-01
Mat02MK0150,02,Doğrusal referans fonksiyonun görüntü kümesini belirler.,Bilgi,Analiz,Yorumlama,Mat02MK0116; Mat01MK0258,,,ÇS,3 maddeden en az 2'si doğru,taslak,2026-10-01
Mat02MK0151,02,Doğrusal fonksiyonun sıfırını belirler.,Bilgi,Analiz,Yorumlama,Mat02MK0078; Mat02MK0116,,,ÇS,3 maddeden en az 2'si doğru,taslak,2026-10-01
Mat02MK0152,02,Doğrusal fonksiyonun pozitif ve negatif olduğu aralıkları belirler.,Bilgi,Analiz,Yorumlama,Mat02MK0151; Mat02MK0079,,,ÇS,3 maddeden en az 2'si doğru,taslak,2026-10-01
Mat02MK0153,02,Doğrusal fonksiyonun artan ya da azalan olduğunu eğimin işaretinden belirler.,Bilgi,Analiz,Yorumlama,Mat02MK0119,,,ÇS,3 maddeden en az 2'si doğru,taslak,2026-10-01
Mat02MK0154,02,Doğrusal fonksiyonun bire bir olduğunu yatay doğru testiyle belirler.,Bilgi,Analiz,Ayırt etme ve sınıflama,Mat02MK0116,,,ÇS,3 maddeden en az 2'si doğru,taslak,2026-10-01
Mat02MK0155,02,Doğrusal referans fonksiyonun grafiğini yatay öteleyerek f(x ± r) biçimindeki fonksiyonları elde eder.,Beceri,Uygulama,Dönüştürme,Mat02MK0116; Mat05MK0026,,Mat02YG0021,ÇS; AU,3 maddeden en az 2'si doğru,taslak,2026-10-01
Mat02MK0156,02,Doğrusal referans fonksiyonun grafiğini düşey öteleyerek f(x) ± k biçimindeki fonksiyonları elde eder.,Beceri,Uygulama,Dönüştürme,Mat02MK0116; Mat05MK0026,,,ÇS; AU,3 maddeden en az 2'si doğru,taslak,2026-10-01
Mat02MK0157,02,Doğrusal referans fonksiyonun grafiğini a·f(x) ile dikey genişletir ya da daraltır.,Beceri,Uygulama,Dönüştürme,Mat02MK0116,,,ÇS; AU,3 maddeden en az 2'si doğru,taslak,2026-10-01
Mat02MK0158,02,Doğrusal referans fonksiyonun grafiğini x eksenine göre yansıtır.,Beceri,Uygulama,Dönüştürme,Mat02MK0116; Mat05MK0027,,,ÇS; AU,3 maddeden en az 2'si doğru,taslak,2026-10-01
Mat02MK0159,02,Doğrusal fonksiyonların nitel özelliklerinin a parametresine nasıl bağlı olduğuna dair varsayımda bulunup genelleme yapar.,Bilgi,Analiz,Çıkarım ve ilişkilendirme,Mat02MK0157; Mat02MK0158; Mat02MK0151; Mat02MK0152; Mat02MK0153,,,AU,3 maddeden en az 2'si doğru,taslak,2026-10-01
Mat02MK0160,02,Doğrusal fonksiyonların nitel özelliklerinin r parametresine nasıl bağlı olduğuna dair varsayımda bulunup genelleme yapar.,Bilgi,Analiz,Çıkarım ve ilişkilendirme,Mat02MK0155; Mat02MK0151; Mat02MK0152; Mat02MK0153,,Mat02YG0021,AU,3 maddeden en az 2'si doğru,taslak,2026-10-01
Mat02MK0161,02,Doğrusal fonksiyonların nitel özelliklerinin k parametresine nasıl bağlı olduğuna dair varsayımda bulunup genelleme yapar.,Bilgi,Analiz,Çıkarım ve ilişkilendirme,Mat02MK0156; Mat02MK0151; Mat02MK0152; Mat02MK0153,,,AU,3 maddeden en az 2'si doğru,taslak,2026-10-01
Mat02MK0162,02,Doğrusal fonksiyonların a parametresine bağlı nitel özelliklerine ilişkin genellemelerini kontrol ederek önerme olarak ifade eder ve gerçek yaşamdaki kullanışlılığını değerlendirir.,Beceri,Değerlendirme,Sınama ve değerlendirme,Mat02MK0159,,,AU,3 maddeden en az 2'si doğru,taslak,2026-10-01
Mat02MK0163,02,Doğrusal fonksiyonların r parametresine bağlı nitel özelliklerine ilişkin genellemelerini kontrol ederek önerme olarak ifade eder ve gerçek yaşamdaki kullanışlılığını değerlendirir.,Beceri,Değerlendirme,Sınama ve değerlendirme,Mat02MK0160,,,AU,3 maddeden en az 2'si doğru,taslak,2026-10-01
Mat02MK0164,02,Doğrusal fonksiyonların k parametresine bağlı nitel özelliklerine ilişkin genellemelerini kontrol ederek önerme olarak ifade eder ve gerçek yaşamdaki kullanışlılığını değerlendirir.,Beceri,Değerlendirme,Sınama ve değerlendirme,Mat02MK0161,,,AU,3 maddeden en az 2'si doğru,taslak,2026-10-01
Mat02MK0165,02,Doğrusal fonksiyonların a parametresine bağlı nitel özelliklerine ilişkin önermelerini grafiksel olarak doğrular ya da cebirsel olarak ispatlar.,Beceri,Analiz,Model kurma,Mat02MK0162,,,AU,3 maddeden en az 2'si doğru,taslak,2026-10-01
Mat02MK0166,02,Doğrusal fonksiyonların r parametresine bağlı nitel özelliklerine ilişkin önermelerini grafiksel olarak doğrular ya da cebirsel olarak ispatlar.,Beceri,Analiz,Model kurma,Mat02MK0163,,,AU,3 maddeden en az 2'si doğru,taslak,2026-10-01
Mat02MK0167,02,Doğrusal fonksiyonların k parametresine bağlı nitel özelliklerine ilişkin önermelerini grafiksel olarak doğrular ya da cebirsel olarak ispatlar.,Beceri,Analiz,Model kurma,Mat02MK0164,,,AU,3 maddeden en az 2'si doğru,taslak,2026-10-01
Mat02MK0168,02,Doğrusal fonksiyon ile mutlak değer fonksiyonunun grafikleri arasındaki ilişkiyi yorumlar.,Bilgi,Analiz,Yorumlama,Mat02MK0116; Mat02MK0158; Mat01MK0137,,,ÇS,3 maddeden en az 2'si doğru,taslak,2026-10-01
Mat02MK0169,02,m(x) = ±|ax ± b| ± c fonksiyonunun tepe noktasını tespit eder.,Bilgi,Analiz,Çıkarım ve ilişkilendirme,Mat02MK0168,,Mat02YG0022,ÇS,3 maddeden en az 2'si doğru,taslak,2026-10-01
Mat02MK0170,02,m(x) = ±|ax ± b| ± c fonksiyonunun simetri eksenini tespit eder.,Bilgi,Analiz,Çıkarım ve ilişkilendirme,Mat02MK0168,,,ÇS,3 maddeden en az 2'si doğru,taslak,2026-10-01
Mat02MK0171,02,m(x) = ±|ax ± b| ± c fonksiyonunun artan ve azalan olduğu aralıkları tespit eder.,Bilgi,Analiz,Çıkarım ve ilişkilendirme,Mat02MK0168,,,ÇS,3 maddeden en az 2'si doğru,taslak,2026-10-01
Mat02MK0172,02,Mutlak değer fonksiyonunu parçalı fonksiyon olarak yazar.,Beceri,Uygulama,Dönüştürme,Mat02MK0169; Mat02MK0171,,,ÇS; AU,3 maddeden en az 2'si doğru,taslak,2026-10-01
Mat02MK0173,02,Mutlak değer fonksiyonunun grafiğini çizer.,Beceri,Uygulama,Dönüştürme,Mat02MK0172,,Mat02YG0022,ÇS,3 maddeden en az 2'si doğru,taslak,2026-10-01
Mat02MK0174,02,"Doğrusal fonksiyonlarla ifade edilen denklem içeren problemlerde nicelikleri ve aralarındaki ilişkileri belirleyerek problemi uygun temsile (şekil, tablo, sayı doğrusu, denklem) dönüştürür.",Beceri,Uygulama,Dönüştürme,Mat02MK0176; Mat02MK0177; Mat02MK0180,,,AU,3 maddeden en az 2'si doğru,taslak,2026-10-01
Mat02MK0175,02,"Doğrusal fonksiyonlarla ifade edilen eşitsizlik içeren problemlerde nicelikleri ve aralarındaki ilişkileri belirleyerek problemi uygun temsile (şekil, tablo, sayı doğrusu, denklem) dönüştürür.",Beceri,Uygulama,Dönüştürme,Mat02MK0178; Mat02MK0179; Mat02MK0181,,,AU,3 maddeden en az 2'si doğru,taslak,2026-10-01
Mat02MK0176,02,Doğrusal denklemleri cebirsel yolla çözer.,Beceri,Uygulama,Kural uygulama,Mat02MK0078,,,ÇS,3 maddeden en az 2'si doğru,taslak,2026-10-01
Mat02MK0177,02,Doğrusal denklemleri grafik yoluyla çözer.,Beceri,Uygulama,Kural uygulama,Mat02MK0116; Mat02MK0129,,,ÇS,3 maddeden en az 2'si doğru,taslak,2026-10-01
Mat02MK0178,02,Doğrusal eşitsizlikleri cebirsel yolla çözer.,Beceri,Uygulama,Kural uygulama,Mat02MK0079,,,ÇS,3 maddeden en az 2'si doğru,taslak,2026-10-01
Mat02MK0179,02,Doğrusal eşitsizlikleri grafik yoluyla çözer.,Beceri,Uygulama,Kural uygulama,Mat02MK0177; Mat02MK0152,,,ÇS,3 maddeden en az 2'si doğru,taslak,2026-10-01
Mat02MK0180,02,Mutlak değerli denklemleri çözer.,Beceri,Uygulama,Kural uygulama,Mat02MK0176; Mat02MK0172,,,ÇS,3 maddeden en az 2'si doğru,taslak,2026-10-01
Mat02MK0181,02,Mutlak değerli eşitsizlikleri çözer.,Beceri,Uygulama,Kural uygulama,Mat02MK0180; Mat02MK0178; Mat01MK0259; Mat01MK0260,,Mat02YG0023,ÇS,3 maddeden en az 2'si doğru,taslak,2026-10-01
Mat02MK0182,02,Mutlak değerli eşitsizliğin çözüm kümesini aralıkla gösterir.,Beceri,Uygulama,Kural uygulama,Mat02MK0181; Mat01MK0258,,,ÇS,3 maddeden en az 2'si doğru,taslak,2026-10-01
Mat02MK0183,02,Doğrusal fonksiyonlarla ifade edilen denklem içeren problemler için strateji geliştirip uygulayarak problemi çözer.,Beceri,Uygulama,Transfer ve problem çözme,Mat02MK0174,,,ÇS; AU,3 maddeden en az 2'si doğru,taslak,2026-10-01
Mat02MK0184,02,Doğrusal fonksiyonlarla ifade edilen eşitsizlik içeren problemler için strateji geliştirip uygulayarak problemi çözer.,Beceri,Uygulama,Transfer ve problem çözme,Mat02MK0175,,,ÇS; AU,3 maddeden en az 2'si doğru,taslak,2026-10-01
Mat02MK0185,02,"Doğrusal fonksiyonlarla ifade edilen denklem içeren problemlerin çözümünü kontrol eder, çözüme ulaştırmayan stratejiyi değiştirir ve farklı çözüm yollarını değerlendirir.",Beceri,Değerlendirme,Sınama ve değerlendirme,Mat02MK0183,,,AU,3 maddeden en az 2'si doğru,taslak,2026-10-01
Mat02MK0186,02,"Doğrusal fonksiyonlarla ifade edilen eşitsizlik içeren problemlerin çözümünü kontrol eder, çözüme ulaştırmayan stratejiyi değiştirir ve farklı çözüm yollarını değerlendirir.",Beceri,Değerlendirme,Sınama ve değerlendirme,Mat02MK0184,,,AU,3 maddeden en az 2'si doğru,taslak,2026-10-01
Mat02MK0187,02,Doğrusal fonksiyonlarla ifade edilen denklem içeren problemlerde kullandığı stratejiyi farklı problemlere genelleyerek genellemenin geçerliliğini örneklerle değerlendirir.,Beceri,Analiz,Çıkarım ve ilişkilendirme,Mat02MK0185,,,AU,3 maddeden en az 2'si doğru,taslak,2026-10-01
Mat02MK0188,02,Doğrusal fonksiyonlarla ifade edilen eşitsizlik içeren problemlerde kullandığı stratejiyi farklı problemlere genelleyerek genellemenin geçerliliğini örneklerle değerlendirir.,Beceri,Analiz,Çıkarım ve ilişkilendirme,Mat02MK0186,,,AU,3 maddeden en az 2'si doğru,taslak,2026-10-01
Mat02MK0189,02,Fonksiyonu tanım kümesinin her elemanını tek bir elemanla eşleyen bağıntı olarak tanımlar.,Bilgi,Anlama,Tanıma ve hatırlama,Mat01MK0263; Mat01MK0264,,,ÇS,3 maddeden en az 2'si doğru,taslak,2026-10-01
Mat02MK0190,02,Bir fonksiyonun tanım kümesini belirtir.,Bilgi,Anlama,Tanıma ve hatırlama,Mat02MK0189,,,ÇS,3 maddeden en az 2'si doğru,taslak,2026-10-01
Mat02MK0191,02,Bir fonksiyonun değer kümesini belirtir.,Bilgi,Anlama,Tanıma ve hatırlama,Mat02MK0189,,,ÇS,3 maddeden en az 2'si doğru,taslak,2026-10-01
Mat02MK0192,02,Bir fonksiyonun görüntü kümesini belirtir.,Bilgi,Anlama,Tanıma ve hatırlama,Mat02MK0189,,,ÇS,3 maddeden en az 2'si doğru,taslak,2026-10-01
Mat02MK0193,02,Tablo ya da eşleme temsilinde bir bağıntının fonksiyon olma şartlarını belirler.,Bilgi,Analiz,Ayırt etme ve sınıflama,Mat02MK0189,,Mat02YG0024,ÇS,3 maddeden en az 2'si doğru,taslak,2026-10-01
Mat02MK0194,02,Cebirsel temsilde bir bağıntının fonksiyon olma şartlarını belirler.,Bilgi,Analiz,Ayırt etme ve sınıflama,Mat02MK0189,,,ÇS,3 maddeden en az 2'si doğru,taslak,2026-10-01
Mat02MK0195,02,Grafikte düşey doğru testiyle bir bağıntının fonksiyon olup olmadığını belirler.,Bilgi,Analiz,Ayırt etme ve sınıflama,Mat02MK0189,,Mat02YG0024,ÇS,3 maddeden en az 2'si doğru,taslak,2026-10-01
Mat02MK0196,02,Cebirsel olarak verilen bir fonksiyonun en geniş tanım kümesini bulur.,Beceri,Uygulama,Kural uygulama,Mat02MK0190; Mat01MK0258,,,ÇS,3 maddeden en az 2'si doğru,taslak,2026-10-01
Mat02MK0197,02,Bir fonksiyonun tablo ve grafik temsilleri arasında dönüşüm yapar.,Beceri,Uygulama,Dönüştürme,Mat02MK0189; Mat02MK0190; Mat02MK0191; Mat02MK0192,,,ÇS,3 maddeden en az 2'si doğru,taslak,2026-10-01
Mat02MK0198,02,Bir fonksiyonun tablo ve cebirsel temsilleri arasında dönüşüm yapar.,Beceri,Uygulama,Dönüştürme,Mat02MK0189; Mat02MK0190; Mat02MK0191; Mat02MK0192,,,ÇS,3 maddeden en az 2'si doğru,taslak,2026-10-01
Mat02MK0199,02,Bir fonksiyonun grafik ve cebirsel temsilleri arasında dönüşüm yapar.,Beceri,Uygulama,Dönüştürme,Mat02MK0189; Mat02MK0190; Mat02MK0191; Mat02MK0192,,,ÇS,3 maddeden en az 2'si doğru,taslak,2026-10-01
Mat02MK0200,02,Fonksiyonların grafik ve cebirsel temsillerini fonksiyon olma şartları bakımından karşılaştırır.,Bilgi,Analiz,Karşılaştırma,Mat02MK0193; Mat02MK0194; Mat02MK0195,,,AU,3 maddeden en az 2'si doğru,taslak,2026-10-01
Mat02MK0201,02,Fonksiyonların grafik ve cebirsel temsillerini nitel özellikleri bakımından karşılaştırır.,Bilgi,Analiz,Karşılaştırma,Mat02MK0199; Mat02MK0151; Mat02MK0152; Mat02MK0153,,,AU,3 maddeden en az 2'si doğru,taslak,2026-10-01
Mat02MK0202,02,Karşılaştırmalarından fonksiyonların temsilleri ile nitel özellikleri hakkında yargıda bulunur.,Beceri,Değerlendirme,Sınama ve değerlendirme,Mat02MK0200; Mat02MK0201,,,AU,3 maddeden en az 2'si doğru,taslak,2026-10-01
Mat02MK0203,02,Karesel referans fonksiyonun tanım kümesini belirler.,Bilgi,Analiz,Yorumlama,Mat02MK0190; Mat01MK0044,,,ÇS,3 maddeden en az 2'si doğru,taslak,2026-10-01
Mat02MK0204,02,Karesel referans fonksiyonun görüntü kümesini belirler.,Bilgi,Analiz,Yorumlama,Mat02MK0192; Mat01MK0044,,,ÇS,3 maddeden en az 2'si doğru,taslak,2026-10-01
Mat02MK0205,02,Karesel fonksiyonun sıfırlarını grafikten belirler.,Bilgi,Analiz,Yorumlama,Mat02MK0203,,,ÇS,3 maddeden en az 2'si doğru,taslak,2026-10-01
Mat02MK0206,02,Karesel fonksiyonun işaretini grafikten belirler.,Bilgi,Analiz,Yorumlama,Mat02MK0203,,,ÇS,3 maddeden en az 2'si doğru,taslak,2026-10-01
Mat02MK0207,02,Karesel fonksiyonun artan ve azalan olduğu aralıkları grafikten belirler.,Bilgi,Analiz,Yorumlama,Mat02MK0203,,,ÇS,3 maddeden en az 2'si doğru,taslak,2026-10-01
Mat02MK0208,02,Karesel fonksiyonun en büyük ve en küçük değerlerini grafikten belirler.,Bilgi,Analiz,Yorumlama,Mat02MK0204,,,ÇS,3 maddeden en az 2'si doğru,taslak,2026-10-01
Mat02MK0209,02,Karesel fonksiyonun bire bir olup olmadığını belirler.,Bilgi,Analiz,Ayırt etme ve sınıflama,Mat02MK0203,,,ÇS,3 maddeden en az 2'si doğru,taslak,2026-10-01
Mat02MK0210,02,Karesel fonksiyonun örten olup olmadığını belirler.,Bilgi,Analiz,Ayırt etme ve sınıflama,Mat02MK0204,,,ÇS,3 maddeden en az 2'si doğru,taslak,2026-10-01
Mat02MK0211,02,Karesel fonksiyonun tek ya da çift fonksiyon olup olmadığını belirler.,Bilgi,Analiz,Ayırt etme ve sınıflama,Mat02MK0203,,,ÇS,3 maddeden en az 2'si doğru,taslak,2026-10-01
Mat02MK0212,02,Karesel referans fonksiyonun grafiğini yatay öteleyerek f(x ± r) biçimindeki fonksiyonları elde eder.,Beceri,Uygulama,Dönüştürme,Mat02MK0203; Mat02MK0155,,Mat02YG0025,ÇS; AU,3 maddeden en az 2'si doğru,taslak,2026-10-01
Mat02MK0213,02,Karesel referans fonksiyonun grafiğini düşey öteleyerek f(x) ± k biçimindeki fonksiyonları elde eder.,Beceri,Uygulama,Dönüştürme,Mat02MK0204; Mat02MK0156,,,ÇS; AU,3 maddeden en az 2'si doğru,taslak,2026-10-01
Mat02MK0214,02,Karesel referans fonksiyonun grafiğini a·f(x) ile dikey genişletir ya da daraltır.,Beceri,Uygulama,Dönüştürme,Mat02MK0203; Mat02MK0157,,,ÇS; AU,3 maddeden en az 2'si doğru,taslak,2026-10-01
Mat02MK0215,02,Karesel referans fonksiyonun grafiğini x eksenine göre yansıtır.,Beceri,Uygulama,Dönüştürme,Mat02MK0203; Mat02MK0158,,,ÇS; AU,3 maddeden en az 2'si doğru,taslak,2026-10-01
Mat02MK0216,02,Karesel fonksiyonun tepe noktasını tam kareye tamamlayarak bulur.,Beceri,Uygulama,Kural uygulama,Mat01MK0303; Mat01MK0304,,Mat02YG0026,ÇS,3 maddeden en az 2'si doğru,taslak,2026-10-01
Mat02MK0217,02,Karesel fonksiyonun simetri eksenini bulur.,Beceri,Uygulama,Kural uygulama,Mat02MK0216,,,ÇS,3 maddeden en az 2'si doğru,taslak,2026-10-01
Mat02MK0218,02,Karesel fonksiyonun grafiğini tepe noktası ve sıfırlarından yararlanarak çizer.,Beceri,Uygulama,Dönüştürme,Mat02MK0216; Mat02MK0217,,,AU,3 maddeden en az 2'si doğru,taslak,2026-10-01
Mat02MK0219,02,Karesel fonksiyonların nitel özelliklerinin a parametresine nasıl bağlı olduğuna dair varsayımda bulunup genelleme yapar.,Bilgi,Analiz,Çıkarım ve ilişkilendirme,Mat02MK0214; Mat02MK0215; Mat02MK0205; Mat02MK0206; Mat02MK0207; Mat02MK0208,,,AU,3 maddeden en az 2'si doğru,taslak,2026-10-01
Mat02MK0220,02,Karesel fonksiyonların nitel özelliklerinin r parametresine nasıl bağlı olduğuna dair varsayımda bulunup genelleme yapar.,Bilgi,Analiz,Çıkarım ve ilişkilendirme,Mat02MK0212; Mat02MK0205; Mat02MK0206; Mat02MK0207; Mat02MK0208,,,AU,3 maddeden en az 2'si doğru,taslak,2026-10-01
Mat02MK0221,02,Karesel fonksiyonların nitel özelliklerinin k parametresine nasıl bağlı olduğuna dair varsayımda bulunup genelleme yapar.,Bilgi,Analiz,Çıkarım ve ilişkilendirme,Mat02MK0213; Mat02MK0205; Mat02MK0206; Mat02MK0207; Mat02MK0208,,,AU,3 maddeden en az 2'si doğru,taslak,2026-10-01
Mat02MK0222,02,Karesel fonksiyonların a parametresine bağlı nitel özelliklerine ilişkin genellemelerini kontrol ederek önerme olarak ifade eder ve gerçek yaşamdaki kullanışlılığını değerlendirir.,Beceri,Değerlendirme,Sınama ve değerlendirme,Mat02MK0219,,,AU,3 maddeden en az 2'si doğru,taslak,2026-10-01
Mat02MK0223,02,Karesel fonksiyonların r parametresine bağlı nitel özelliklerine ilişkin genellemelerini kontrol ederek önerme olarak ifade eder ve gerçek yaşamdaki kullanışlılığını değerlendirir.,Beceri,Değerlendirme,Sınama ve değerlendirme,Mat02MK0220,,,AU,3 maddeden en az 2'si doğru,taslak,2026-10-01
Mat02MK0224,02,Karesel fonksiyonların k parametresine bağlı nitel özelliklerine ilişkin genellemelerini kontrol ederek önerme olarak ifade eder ve gerçek yaşamdaki kullanışlılığını değerlendirir.,Beceri,Değerlendirme,Sınama ve değerlendirme,Mat02MK0221,,,AU,3 maddeden en az 2'si doğru,taslak,2026-10-01
Mat02MK0225,02,Karesel fonksiyonların a parametresine bağlı nitel özelliklerine ilişkin önermelerini grafiksel olarak doğrular ya da cebirsel olarak ispatlar.,Beceri,Analiz,Model kurma,Mat02MK0222,,,AU,3 maddeden en az 2'si doğru,taslak,2026-10-01
Mat02MK0226,02,Karesel fonksiyonların r parametresine bağlı nitel özelliklerine ilişkin önermelerini grafiksel olarak doğrular ya da cebirsel olarak ispatlar.,Beceri,Analiz,Model kurma,Mat02MK0223,,,AU,3 maddeden en az 2'si doğru,taslak,2026-10-01
Mat02MK0227,02,Karesel fonksiyonların k parametresine bağlı nitel özelliklerine ilişkin önermelerini grafiksel olarak doğrular ya da cebirsel olarak ispatlar.,Beceri,Analiz,Model kurma,Mat02MK0224,,,AU,3 maddeden en az 2'si doğru,taslak,2026-10-01
Mat02MK0228,02,Karekök referans fonksiyonun tanım kümesini belirler.,Bilgi,Analiz,Yorumlama,Mat02MK0190; Mat01MK0217,,,ÇS,3 maddeden en az 2'si doğru,taslak,2026-10-01
Mat02MK0229,02,Karekök referans fonksiyonun görüntü kümesini belirler.,Bilgi,Analiz,Yorumlama,Mat02MK0192; Mat01MK0217,,,ÇS,3 maddeden en az 2'si doğru,taslak,2026-10-01
Mat02MK0230,02,Karekök fonksiyonun sıfırlarını grafikten belirler.,Bilgi,Analiz,Yorumlama,Mat02MK0228,,,ÇS,3 maddeden en az 2'si doğru,taslak,2026-10-01
Mat02MK0231,02,Karekök fonksiyonun işaretini grafikten belirler.,Bilgi,Analiz,Yorumlama,Mat02MK0228,,,ÇS,3 maddeden en az 2'si doğru,taslak,2026-10-01
Mat02MK0232,02,Karekök fonksiyonun artan ve azalan olduğu aralıkları grafikten belirler.,Bilgi,Analiz,Yorumlama,Mat02MK0228,,,ÇS,3 maddeden en az 2'si doğru,taslak,2026-10-01
Mat02MK0233,02,Karekök fonksiyonun en büyük ve en küçük değerlerini grafikten belirler.,Bilgi,Analiz,Yorumlama,Mat02MK0229,,,ÇS,3 maddeden en az 2'si doğru,taslak,2026-10-01
Mat02MK0234,02,Karekök fonksiyonun bire bir olup olmadığını belirler.,Bilgi,Analiz,Ayırt etme ve sınıflama,Mat02MK0228,,,ÇS,3 maddeden en az 2'si doğru,taslak,2026-10-01
Mat02MK0235,02,Karekök fonksiyonun örten olup olmadığını belirler.,Bilgi,Analiz,Ayırt etme ve sınıflama,Mat02MK0229,,,ÇS,3 maddeden en az 2'si doğru,taslak,2026-10-01
Mat02MK0236,02,Karekök fonksiyonun tek ya da çift fonksiyon olup olmadığını belirler.,Bilgi,Analiz,Ayırt etme ve sınıflama,Mat02MK0228,,,ÇS,3 maddeden en az 2'si doğru,taslak,2026-10-01
Mat02MK0237,02,Karekök referans fonksiyonun grafiğini yatay öteleyerek f(x ± r) biçimindeki fonksiyonları elde eder.,Beceri,Uygulama,Dönüştürme,Mat02MK0228; Mat02MK0155,,Mat02YG0027,ÇS; AU,3 maddeden en az 2'si doğru,taslak,2026-10-01
Mat02MK0238,02,Karekök referans fonksiyonun grafiğini düşey öteleyerek f(x) ± k biçimindeki fonksiyonları elde eder.,Beceri,Uygulama,Dönüştürme,Mat02MK0229; Mat02MK0156,,,ÇS; AU,3 maddeden en az 2'si doğru,taslak,2026-10-01
Mat02MK0239,02,Karekök referans fonksiyonun grafiğini a·f(x) ile dikey genişletir ya da daraltır.,Beceri,Uygulama,Dönüştürme,Mat02MK0228; Mat02MK0157,,,ÇS; AU,3 maddeden en az 2'si doğru,taslak,2026-10-01
Mat02MK0240,02,Karekök referans fonksiyonun grafiğini x eksenine göre yansıtır.,Beceri,Uygulama,Dönüştürme,Mat02MK0228; Mat02MK0158,,,ÇS; AU,3 maddeden en az 2'si doğru,taslak,2026-10-01
Mat02MK0241,02,Karekök fonksiyonunun grafiğini çizer.,Beceri,Uygulama,Dönüştürme,Mat02MK0239; Mat02MK0240,,,AU,3 maddeden en az 2'si doğru,taslak,2026-10-01
Mat02MK0242,02,Karekök fonksiyonların nitel özelliklerinin a parametresine nasıl bağlı olduğuna dair varsayımda bulunup genelleme yapar.,Bilgi,Analiz,Çıkarım ve ilişkilendirme,Mat02MK0239; Mat02MK0240; Mat02MK0230; Mat02MK0231; Mat02MK0232; Mat02MK0233,,,AU,3 maddeden en az 2'si doğru,taslak,2026-10-01
Mat02MK0243,02,Karekök fonksiyonların nitel özelliklerinin r parametresine nasıl bağlı olduğuna dair varsayımda bulunup genelleme yapar.,Bilgi,Analiz,Çıkarım ve ilişkilendirme,Mat02MK0237; Mat02MK0230; Mat02MK0231; Mat02MK0232; Mat02MK0233,,,AU,3 maddeden en az 2'si doğru,taslak,2026-10-01
Mat02MK0244,02,Karekök fonksiyonların nitel özelliklerinin k parametresine nasıl bağlı olduğuna dair varsayımda bulunup genelleme yapar.,Bilgi,Analiz,Çıkarım ve ilişkilendirme,Mat02MK0238; Mat02MK0230; Mat02MK0231; Mat02MK0232; Mat02MK0233,,,AU,3 maddeden en az 2'si doğru,taslak,2026-10-01
Mat02MK0245,02,Karekök fonksiyonların a parametresine bağlı nitel özelliklerine ilişkin genellemelerini kontrol ederek önerme olarak ifade eder ve gerçek yaşamdaki kullanışlılığını değerlendirir.,Beceri,Değerlendirme,Sınama ve değerlendirme,Mat02MK0242,,,AU,3 maddeden en az 2'si doğru,taslak,2026-10-01
Mat02MK0246,02,Karekök fonksiyonların r parametresine bağlı nitel özelliklerine ilişkin genellemelerini kontrol ederek önerme olarak ifade eder ve gerçek yaşamdaki kullanışlılığını değerlendirir.,Beceri,Değerlendirme,Sınama ve değerlendirme,Mat02MK0243,,,AU,3 maddeden en az 2'si doğru,taslak,2026-10-01
Mat02MK0247,02,Karekök fonksiyonların k parametresine bağlı nitel özelliklerine ilişkin genellemelerini kontrol ederek önerme olarak ifade eder ve gerçek yaşamdaki kullanışlılığını değerlendirir.,Beceri,Değerlendirme,Sınama ve değerlendirme,Mat02MK0244,,,AU,3 maddeden en az 2'si doğru,taslak,2026-10-01
Mat02MK0248,02,Karekök fonksiyonların a parametresine bağlı nitel özelliklerine ilişkin önermelerini grafiksel olarak doğrular ya da cebirsel olarak ispatlar.,Beceri,Analiz,Model kurma,Mat02MK0245,,,AU,3 maddeden en az 2'si doğru,taslak,2026-10-01
Mat02MK0249,02,Karekök fonksiyonların r parametresine bağlı nitel özelliklerine ilişkin önermelerini grafiksel olarak doğrular ya da cebirsel olarak ispatlar.,Beceri,Analiz,Model kurma,Mat02MK0246,,,AU,3 maddeden en az 2'si doğru,taslak,2026-10-01
Mat02MK0250,02,Karekök fonksiyonların k parametresine bağlı nitel özelliklerine ilişkin önermelerini grafiksel olarak doğrular ya da cebirsel olarak ispatlar.,Beceri,Analiz,Model kurma,Mat02MK0247,,,AU,3 maddeden en az 2'si doğru,taslak,2026-10-01
Mat02MK0251,02,Rasyonel referans fonksiyonun tanım kümesini belirler.,Bilgi,Analiz,Yorumlama,Mat02MK0196,,,ÇS,3 maddeden en az 2'si doğru,taslak,2026-10-01
Mat02MK0252,02,Rasyonel referans fonksiyonun görüntü kümesini belirler.,Bilgi,Analiz,Yorumlama,Mat02MK0192,,,ÇS,3 maddeden en az 2'si doğru,taslak,2026-10-01
Mat02MK0253,02,Rasyonel fonksiyonun sıfırlarını grafikten belirler.,Bilgi,Analiz,Yorumlama,Mat02MK0251,,,ÇS,3 maddeden en az 2'si doğru,taslak,2026-10-01
Mat02MK0254,02,Rasyonel fonksiyonun işaretini grafikten belirler.,Bilgi,Analiz,Yorumlama,Mat02MK0251,,,ÇS,3 maddeden en az 2'si doğru,taslak,2026-10-01
Mat02MK0255,02,Rasyonel fonksiyonun artan ve azalan olduğu aralıkları grafikten belirler.,Bilgi,Analiz,Yorumlama,Mat02MK0251,,,ÇS,3 maddeden en az 2'si doğru,taslak,2026-10-01
Mat02MK0256,02,Rasyonel fonksiyonun en büyük ve en küçük değerlerini grafikten belirler.,Bilgi,Analiz,Yorumlama,Mat02MK0252,,,ÇS,3 maddeden en az 2'si doğru,taslak,2026-10-01
Mat02MK0257,02,Rasyonel fonksiyonun bire bir olup olmadığını belirler.,Bilgi,Analiz,Ayırt etme ve sınıflama,Mat02MK0251,,,ÇS,3 maddeden en az 2'si doğru,taslak,2026-10-01
Mat02MK0258,02,Rasyonel fonksiyonun örten olup olmadığını belirler.,Bilgi,Analiz,Ayırt etme ve sınıflama,Mat02MK0252,,,ÇS,3 maddeden en az 2'si doğru,taslak,2026-10-01
Mat02MK0259,02,Rasyonel fonksiyonun tek ya da çift fonksiyon olup olmadığını belirler.,Bilgi,Analiz,Ayırt etme ve sınıflama,Mat02MK0251,,,ÇS,3 maddeden en az 2'si doğru,taslak,2026-10-01
Mat02MK0260,02,Rasyonel referans fonksiyonun grafiğini yatay öteleyerek f(x ± r) biçimindeki fonksiyonları elde eder.,Beceri,Uygulama,Dönüştürme,Mat02MK0251; Mat02MK0155,,Mat02YG0028,ÇS; AU,3 maddeden en az 2'si doğru,taslak,2026-10-01
Mat02MK0261,02,Rasyonel referans fonksiyonun grafiğini düşey öteleyerek f(x) ± k biçimindeki fonksiyonları elde eder.,Beceri,Uygulama,Dönüştürme,Mat02MK0252; Mat02MK0156,,,ÇS; AU,3 maddeden en az 2'si doğru,taslak,2026-10-01
Mat02MK0262,02,Rasyonel referans fonksiyonun grafiğini a·f(x) ile dikey genişletir ya da daraltır.,Beceri,Uygulama,Dönüştürme,Mat02MK0251; Mat02MK0157,,,ÇS; AU,3 maddeden en az 2'si doğru,taslak,2026-10-01
Mat02MK0263,02,Rasyonel referans fonksiyonun grafiğini x eksenine göre yansıtır.,Beceri,Uygulama,Dönüştürme,Mat02MK0251; Mat02MK0158,,,ÇS; AU,3 maddeden en az 2'si doğru,taslak,2026-10-01
Mat02MK0264,02,f(x) = a / (x − r) + k fonksiyonunun düşey asimptotunu belirler.,Bilgi,Analiz,Çıkarım ve ilişkilendirme,Mat02MK0260; Mat02MK0251,,,ÇS,3 maddeden en az 2'si doğru,taslak,2026-10-01
Mat02MK0265,02,f(x) = a / (x − r) + k fonksiyonunun yatay asimptotunu belirler.,Bilgi,Analiz,Çıkarım ve ilişkilendirme,Mat02MK0261; Mat02MK0252,,,ÇS,3 maddeden en az 2'si doğru,taslak,2026-10-01
Mat02MK0266,02,Rasyonel fonksiyonun grafiğini asimptotlarından yararlanarak çizer.,Beceri,Uygulama,Dönüştürme,Mat02MK0264; Mat02MK0265,,,AU,3 maddeden en az 2'si doğru,taslak,2026-10-01
Mat02MK0267,02,Rasyonel fonksiyonların nitel özelliklerinin a parametresine nasıl bağlı olduğuna dair varsayımda bulunup genelleme yapar.,Bilgi,Analiz,Çıkarım ve ilişkilendirme,Mat02MK0262; Mat02MK0263; Mat02MK0253; Mat02MK0254; Mat02MK0255; Mat02MK0256,,,AU,3 maddeden en az 2'si doğru,taslak,2026-10-01
Mat02MK0268,02,Rasyonel fonksiyonların nitel özelliklerinin r parametresine nasıl bağlı olduğuna dair varsayımda bulunup genelleme yapar.,Bilgi,Analiz,Çıkarım ve ilişkilendirme,Mat02MK0260; Mat02MK0253; Mat02MK0254; Mat02MK0255; Mat02MK0256,,,AU,3 maddeden en az 2'si doğru,taslak,2026-10-01
Mat02MK0269,02,Rasyonel fonksiyonların nitel özelliklerinin k parametresine nasıl bağlı olduğuna dair varsayımda bulunup genelleme yapar.,Bilgi,Analiz,Çıkarım ve ilişkilendirme,Mat02MK0261; Mat02MK0253; Mat02MK0254; Mat02MK0255; Mat02MK0256,,,AU,3 maddeden en az 2'si doğru,taslak,2026-10-01
Mat02MK0270,02,Rasyonel fonksiyonların a parametresine bağlı nitel özelliklerine ilişkin genellemelerini kontrol ederek önerme olarak ifade eder ve gerçek yaşamdaki kullanışlılığını değerlendirir.,Beceri,Değerlendirme,Sınama ve değerlendirme,Mat02MK0267,,,AU,3 maddeden en az 2'si doğru,taslak,2026-10-01
Mat02MK0271,02,Rasyonel fonksiyonların r parametresine bağlı nitel özelliklerine ilişkin genellemelerini kontrol ederek önerme olarak ifade eder ve gerçek yaşamdaki kullanışlılığını değerlendirir.,Beceri,Değerlendirme,Sınama ve değerlendirme,Mat02MK0268,,,AU,3 maddeden en az 2'si doğru,taslak,2026-10-01
Mat02MK0272,02,Rasyonel fonksiyonların k parametresine bağlı nitel özelliklerine ilişkin genellemelerini kontrol ederek önerme olarak ifade eder ve gerçek yaşamdaki kullanışlılığını değerlendirir.,Beceri,Değerlendirme,Sınama ve değerlendirme,Mat02MK0269,,,AU,3 maddeden en az 2'si doğru,taslak,2026-10-01
Mat02MK0273,02,Rasyonel fonksiyonların a parametresine bağlı nitel özelliklerine ilişkin önermelerini grafiksel olarak doğrular ya da cebirsel olarak ispatlar.,Beceri,Analiz,Model kurma,Mat02MK0270,,,AU,3 maddeden en az 2'si doğru,taslak,2026-10-01
Mat02MK0274,02,Rasyonel fonksiyonların r parametresine bağlı nitel özelliklerine ilişkin önermelerini grafiksel olarak doğrular ya da cebirsel olarak ispatlar.,Beceri,Analiz,Model kurma,Mat02MK0271,,,AU,3 maddeden en az 2'si doğru,taslak,2026-10-01
Mat02MK0275,02,Rasyonel fonksiyonların k parametresine bağlı nitel özelliklerine ilişkin önermelerini grafiksel olarak doğrular ya da cebirsel olarak ispatlar.,Beceri,Analiz,Model kurma,Mat02MK0272,,,AU,3 maddeden en az 2'si doğru,taslak,2026-10-01
Mat02MK0276,02,Referans fonksiyonlar ve bunlardan türetilen fonksiyonların ters fonksiyonlarına ilişkin varsayımda bulunup tablo temsiliyle genelleme yapar.,Bilgi,Analiz,Çıkarım ve ilişkilendirme,Mat02MK0209; Mat02MK0210,,Mat02YG0029,AU,3 maddeden en az 2'si doğru,taslak,2026-10-01
Mat02MK0277,02,Bire bir ve örten bir fonksiyonun tersini cebirsel olarak bulur.,Beceri,Uygulama,Kural uygulama,Mat02MK0276,,Mat02YG0029,ÇS,3 maddeden en az 2'si doğru,taslak,2026-10-01
Mat02MK0278,02,Fonksiyon ile tersinin grafiklerinin y = x doğrusuna göre simetrik olduğunu gösterir.,Beceri,Uygulama,Kural uygulama,Mat02MK0276,,,ÇS,3 maddeden en az 2'si doğru,taslak,2026-10-01
Mat02MK0279,02,"Ters fonksiyona ilişkin önermeleri fonksiyonların nitel özellikleri (bire birlik, örtenlik, tanım kümesi kısıtlaması) bağlamında değerlendirir.",Beceri,Değerlendirme,Sınama ve değerlendirme,Mat02MK0277,,,AU,3 maddeden en az 2'si doğru,taslak,2026-10-01
Mat02MK0280,02,"Referans fonksiyonlarla ifade edilen denklem içeren problemlerde nicelikleri ve aralarındaki ilişkileri belirleyerek problemi uygun temsile (şekil, tablo, sayı doğrusu, denklem) dönüştürür.",Beceri,Uygulama,Dönüştürme,Mat02MK0282; Mat02MK0283; Mat02MK0284; Mat02MK0285; Mat02MK0176; Mat02MK0177,,,AU,3 maddeden en az 2'si doğru,taslak,2026-10-01
Mat02MK0281,02,"Referans fonksiyonlarla ifade edilen eşitsizlik içeren problemlerde nicelikleri ve aralarındaki ilişkileri belirleyerek problemi uygun temsile (şekil, tablo, sayı doğrusu, denklem) dönüştürür.",Beceri,Uygulama,Dönüştürme,Mat02MK0282; Mat02MK0283; Mat02MK0284; Mat02MK0285; Mat02MK0286; Mat02MK0178; Mat02MK0179,,,AU,3 maddeden en az 2'si doğru,taslak,2026-10-01
Mat02MK0282,02,İkinci dereceden denklemleri çarpanlara ayırarak çözer.,Beceri,Uygulama,Kural uygulama,Mat01MK0302; Mat01MK0304; Mat02MK0078,,Mat02YG0030,ÇS,3 maddeden en az 2'si doğru,taslak,2026-10-01
Mat02MK0283,02,İkinci dereceden denklemleri tam kareye tamamlayarak çözer.,Beceri,Uygulama,Kural uygulama,Mat02MK0216,,,ÇS,3 maddeden en az 2'si doğru,taslak,2026-10-01
Mat02MK0284,02,Karekök fonksiyonlarla ifade edilen denklemleri çözer ve kökleri tanım kümesine göre kontrol eder.,Beceri,Uygulama,Kural uygulama,Mat02MK0282; Mat02MK0228,,,ÇS,3 maddeden en az 2'si doğru,taslak,2026-10-01
Mat02MK0285,02,Rasyonel fonksiyonlarla ifade edilen denklemleri çözer ve kökleri tanım kümesine göre kontrol eder.,Beceri,Uygulama,Kural uygulama,Mat02MK0282; Mat02MK0251,,,ÇS,3 maddeden en az 2'si doğru,taslak,2026-10-01
Mat02MK0286,02,İkinci dereceden eşitsizlikleri işaret incelemesiyle çözer.,Beceri,Uygulama,Kural uygulama,Mat02MK0282; Mat02MK0206,,,ÇS,3 maddeden en az 2'si doğru,taslak,2026-10-01
Mat02MK0287,02,Referans fonksiyonlarla ifade edilen denklem içeren problemler için strateji geliştirip uygulayarak problemi çözer.,Beceri,Uygulama,Transfer ve problem çözme,Mat02MK0280,,,ÇS; AU,3 maddeden en az 2'si doğru,taslak,2026-10-01
Mat02MK0288,02,Referans fonksiyonlarla ifade edilen eşitsizlik içeren problemler için strateji geliştirip uygulayarak problemi çözer.,Beceri,Uygulama,Transfer ve problem çözme,Mat02MK0281,,,ÇS; AU,3 maddeden en az 2'si doğru,taslak,2026-10-01
Mat02MK0289,02,"Referans fonksiyonlarla ifade edilen denklem içeren problemlerin çözümünü kontrol eder, çözüme ulaştırmayan stratejiyi değiştirir ve farklı çözüm yollarını değerlendirir.",Beceri,Değerlendirme,Sınama ve değerlendirme,Mat02MK0287,,,AU,3 maddeden en az 2'si doğru,taslak,2026-10-01
Mat02MK0290,02,"Referans fonksiyonlarla ifade edilen eşitsizlik içeren problemlerin çözümünü kontrol eder, çözüme ulaştırmayan stratejiyi değiştirir ve farklı çözüm yollarını değerlendirir.",Beceri,Değerlendirme,Sınama ve değerlendirme,Mat02MK0288,,,AU,3 maddeden en az 2'si doğru,taslak,2026-10-01
Mat02MK0291,02,Referans fonksiyonlarla ifade edilen denklem içeren problemlerde kullandığı stratejiyi farklı problemlere genelleyerek genellemenin geçerliliğini örneklerle değerlendirir.,Beceri,Analiz,Çıkarım ve ilişkilendirme,Mat02MK0289,,,AU,3 maddeden en az 2'si doğru,taslak,2026-10-01
Mat02MK0292,02,Referans fonksiyonlarla ifade edilen eşitsizlik içeren problemlerde kullandığı stratejiyi farklı problemlere genelleyerek genellemenin geçerliliğini örneklerle değerlendirir.,Beceri,Analiz,Çıkarım ve ilişkilendirme,Mat02MK0290,,,AU,3 maddeden en az 2'si doğru,taslak,2026-10-01
Mat02MK0293,02,Derece ile verilen açı ölçüsünü radyana dönüştürür.,Beceri,Uygulama,Kural uygulama,Mat04MK0104,,Mat02YG0031,ÇS,3 maddeden en az 2'si doğru,taslak,2026-10-01
Mat02MK0294,02,Radyan ile verilen açı ölçüsünü dereceye dönüştürür.,Beceri,Uygulama,Kural uygulama,Mat04MK0104,,Mat02YG0031,ÇS,3 maddeden en az 2'si doğru,taslak,2026-10-01
Mat02MK0295,02,Birim çemberde bir açının kosinüs değerini noktanın apsisi olarak tanımlar.,Bilgi,Anlama,Tanıma ve hatırlama,Mat03MK0167; Mat02MK0102,,,ÇS,3 maddeden en az 2'si doğru,taslak,2026-10-01
Mat02MK0296,02,Birim çemberde bir açının sinüs değerini noktanın ordinatı olarak tanımlar.,Bilgi,Anlama,Tanıma ve hatırlama,Mat03MK0166; Mat02MK0102,,,ÇS,3 maddeden en az 2'si doğru,taslak,2026-10-01
Mat02MK0297,02,Trigonometrik fonksiyonların bölgelere göre işaretlerini belirler.,Beceri,Uygulama,Kural uygulama,Mat02MK0295; Mat02MK0296; Mat02MK0103,,Mat02YG0032,ÇS,3 maddeden en az 2'si doğru,taslak,2026-10-01
Mat02MK0298,02,Açıları indirgeme formülleriyle dar açıya indirger.,Beceri,Uygulama,Kural uygulama,Mat02MK0295; Mat02MK0296,,,ÇS,3 maddeden en az 2'si doğru,taslak,2026-10-01
Mat02MK0299,02,Trigonometrik referans fonksiyonun tanım kümesini belirler.,Bilgi,Analiz,Yorumlama,Mat02MK0295; Mat02MK0296; Mat02MK0293; Mat02MK0190,,,ÇS,3 maddeden en az 2'si doğru,taslak,2026-10-01
Mat02MK0300,02,Trigonometrik referans fonksiyonun görüntü kümesini belirler.,Bilgi,Analiz,Yorumlama,Mat02MK0295; Mat02MK0296; Mat02MK0192,,,ÇS,3 maddeden en az 2'si doğru,taslak,2026-10-01
Mat02MK0301,02,Trigonometrik fonksiyonun sıfırlarını grafikten belirler.,Bilgi,Analiz,Yorumlama,Mat02MK0299,,,ÇS,3 maddeden en az 2'si doğru,taslak,2026-10-01
Mat02MK0302,02,Trigonometrik fonksiyonun işaretini grafikten belirler.,Bilgi,Analiz,Yorumlama,Mat02MK0299,,,ÇS,3 maddeden en az 2'si doğru,taslak,2026-10-01
Mat02MK0303,02,Trigonometrik fonksiyonun artan ve azalan olduğu aralıkları grafikten belirler.,Bilgi,Analiz,Yorumlama,Mat02MK0299,,,ÇS,3 maddeden en az 2'si doğru,taslak,2026-10-01
Mat02MK0304,02,Trigonometrik fonksiyonun en büyük ve en küçük değerlerini grafikten belirler.,Bilgi,Analiz,Yorumlama,Mat02MK0300,,,ÇS,3 maddeden en az 2'si doğru,taslak,2026-10-01
Mat02MK0305,02,Trigonometrik fonksiyonun bire bir olup olmadığını belirler.,Bilgi,Analiz,Ayırt etme ve sınıflama,Mat02MK0299,,,ÇS,3 maddeden en az 2'si doğru,taslak,2026-10-01
Mat02MK0306,02,Trigonometrik fonksiyonun örten olup olmadığını belirler.,Bilgi,Analiz,Ayırt etme ve sınıflama,Mat02MK0300,,,ÇS,3 maddeden en az 2'si doğru,taslak,2026-10-01
Mat02MK0307,02,Trigonometrik fonksiyonun tek ya da çift fonksiyon olup olmadığını belirler.,Bilgi,Analiz,Ayırt etme ve sınıflama,Mat02MK0299,,,ÇS,3 maddeden en az 2'si doğru,taslak,2026-10-01
Mat02MK0308,02,Trigonometrik referans fonksiyonun grafiğini yatay öteleyerek f(x ± r) biçimindeki fonksiyonları elde eder.,Beceri,Uygulama,Dönüştürme,Mat02MK0299; Mat02MK0155,,Mat02YG0033,ÇS; AU,3 maddeden en az 2'si doğru,taslak,2026-10-01
Mat02MK0309,02,Trigonometrik referans fonksiyonun grafiğini düşey öteleyerek f(x) ± k biçimindeki fonksiyonları elde eder.,Beceri,Uygulama,Dönüştürme,Mat02MK0300; Mat02MK0156,,,ÇS; AU,3 maddeden en az 2'si doğru,taslak,2026-10-01
Mat02MK0310,02,Trigonometrik referans fonksiyonun grafiğini a·f(x) ile dikey genişletir ya da daraltır.,Beceri,Uygulama,Dönüştürme,Mat02MK0299; Mat02MK0157,,,ÇS; AU,3 maddeden en az 2'si doğru,taslak,2026-10-01
Mat02MK0311,02,Trigonometrik referans fonksiyonun grafiğini x eksenine göre yansıtır.,Beceri,Uygulama,Dönüştürme,Mat02MK0299; Mat02MK0158,,,ÇS; AU,3 maddeden en az 2'si doğru,taslak,2026-10-01
Mat02MK0312,02,Trigonometrik fonksiyonların periyodunu bulur.,Beceri,Uygulama,Kural uygulama,Mat02MK0310,,Mat02YG0033,ÇS,3 maddeden en az 2'si doğru,taslak,2026-10-01
Mat02MK0313,02,Trigonometrik fonksiyonların nitel özelliklerinin a parametresine nasıl bağlı olduğuna dair varsayımda bulunup genelleme yapar.,Bilgi,Analiz,Çıkarım ve ilişkilendirme,Mat02MK0310; Mat02MK0311; Mat02MK0301; Mat02MK0302; Mat02MK0303; Mat02MK0304,,,AU,3 maddeden en az 2'si doğru,taslak,2026-10-01
Mat02MK0314,02,Trigonometrik fonksiyonların nitel özelliklerinin r parametresine nasıl bağlı olduğuna dair varsayımda bulunup genelleme yapar.,Bilgi,Analiz,Çıkarım ve ilişkilendirme,Mat02MK0308; Mat02MK0301; Mat02MK0302; Mat02MK0303; Mat02MK0304,,,AU,3 maddeden en az 2'si doğru,taslak,2026-10-01
Mat02MK0315,02,Trigonometrik fonksiyonların nitel özelliklerinin k parametresine nasıl bağlı olduğuna dair varsayımda bulunup genelleme yapar.,Bilgi,Analiz,Çıkarım ve ilişkilendirme,Mat02MK0309; Mat02MK0301; Mat02MK0302; Mat02MK0303; Mat02MK0304,,,AU,3 maddeden en az 2'si doğru,taslak,2026-10-01
Mat02MK0316,02,Trigonometrik fonksiyonların a parametresine bağlı nitel özelliklerine ilişkin genellemelerini kontrol ederek önerme olarak ifade eder ve gerçek yaşamdaki kullanışlılığını değerlendirir.,Beceri,Değerlendirme,Sınama ve değerlendirme,Mat02MK0313,,,AU,3 maddeden en az 2'si doğru,taslak,2026-10-01
Mat02MK0317,02,Trigonometrik fonksiyonların r parametresine bağlı nitel özelliklerine ilişkin genellemelerini kontrol ederek önerme olarak ifade eder ve gerçek yaşamdaki kullanışlılığını değerlendirir.,Beceri,Değerlendirme,Sınama ve değerlendirme,Mat02MK0314,,,AU,3 maddeden en az 2'si doğru,taslak,2026-10-01
Mat02MK0318,02,Trigonometrik fonksiyonların k parametresine bağlı nitel özelliklerine ilişkin genellemelerini kontrol ederek önerme olarak ifade eder ve gerçek yaşamdaki kullanışlılığını değerlendirir.,Beceri,Değerlendirme,Sınama ve değerlendirme,Mat02MK0315,,,AU,3 maddeden en az 2'si doğru,taslak,2026-10-01
Mat02MK0319,02,Trigonometrik fonksiyonların a parametresine bağlı nitel özelliklerine ilişkin önermelerini grafiksel olarak doğrular ya da cebirsel olarak ispatlar.,Beceri,Analiz,Model kurma,Mat02MK0316,,,AU,3 maddeden en az 2'si doğru,taslak,2026-10-01
Mat02MK0320,02,Trigonometrik fonksiyonların r parametresine bağlı nitel özelliklerine ilişkin önermelerini grafiksel olarak doğrular ya da cebirsel olarak ispatlar.,Beceri,Analiz,Model kurma,Mat02MK0317,,,AU,3 maddeden en az 2'si doğru,taslak,2026-10-01
Mat02MK0321,02,Trigonometrik fonksiyonların k parametresine bağlı nitel özelliklerine ilişkin önermelerini grafiksel olarak doğrular ya da cebirsel olarak ispatlar.,Beceri,Analiz,Model kurma,Mat02MK0318,,,AU,3 maddeden en az 2'si doğru,taslak,2026-10-01
Mat02MK0322,02,"Trigonometrik fonksiyonlarla ifade edilen denklem içeren problemlerde nicelikleri ve aralarındaki ilişkileri belirleyerek problemi uygun temsile (şekil, tablo, sayı doğrusu, denklem) dönüştürür.",Beceri,Uygulama,Dönüştürme,Mat02MK0323,,,AU,3 maddeden en az 2'si doğru,taslak,2026-10-01
Mat02MK0323,02,Trigonometrik fonksiyonların birinci kuvvetlerini içeren temel trigonometrik denklemleri çözer.,Beceri,Uygulama,Kural uygulama,Mat02MK0297; Mat02MK0298,,Mat02YG0034,ÇS,3 maddeden en az 2'si doğru,taslak,2026-10-01
Mat02MK0324,02,Trigonometrik fonksiyonlarla ifade edilen denklem içeren problemler için strateji geliştirip uygulayarak problemi çözer.,Beceri,Uygulama,Transfer ve problem çözme,Mat02MK0322,,,ÇS; AU,3 maddeden en az 2'si doğru,taslak,2026-10-01
Mat02MK0325,02,Temel trigonometrik denklemlerin genel çözümünü periyodu kullanarak yazar.,Beceri,Uygulama,Kural uygulama,Mat02MK0323; Mat02MK0312,,Mat02YG0034,ÇS,3 maddeden en az 2'si doğru,taslak,2026-10-01
Mat02MK0326,02,"Trigonometrik fonksiyonlarla ifade edilen denklem içeren problemlerin çözümünü kontrol eder, çözüme ulaştırmayan stratejiyi değiştirir ve farklı çözüm yollarını değerlendirir.",Beceri,Değerlendirme,Sınama ve değerlendirme,Mat02MK0324,,,AU,3 maddeden en az 2'si doğru,taslak,2026-10-01
Mat02MK0327,02,Trigonometrik fonksiyonlarla ifade edilen denklem içeren problemlerde kullandığı stratejiyi farklı problemlere genelleyerek genellemenin geçerliliğini örneklerle değerlendirir.,Beceri,Analiz,Çıkarım ve ilişkilendirme,Mat02MK0326,,,AU,3 maddeden en az 2'si doğru,taslak,2026-10-01
Mat02MK0328,02,Üstel referans fonksiyonun tanım kümesini belirler.,Bilgi,Analiz,Yorumlama,Mat02MK0190; Mat01MK0247,,,ÇS,3 maddeden en az 2'si doğru,taslak,2026-10-01
Mat02MK0329,02,Üstel referans fonksiyonun görüntü kümesini belirler.,Bilgi,Analiz,Yorumlama,Mat02MK0192; Mat01MK0246,,,ÇS,3 maddeden en az 2'si doğru,taslak,2026-10-01
Mat02MK0330,02,Üstel fonksiyonun sıfırlarını grafikten belirler.,Bilgi,Analiz,Yorumlama,Mat02MK0328,,,ÇS,3 maddeden en az 2'si doğru,taslak,2026-10-01
Mat02MK0331,02,Üstel fonksiyonun işaretini grafikten belirler.,Bilgi,Analiz,Yorumlama,Mat02MK0328,,,ÇS,3 maddeden en az 2'si doğru,taslak,2026-10-01
Mat02MK0332,02,Üstel fonksiyonun artan ve azalan olduğu aralıkları grafikten belirler.,Bilgi,Analiz,Yorumlama,Mat02MK0328,,,ÇS,3 maddeden en az 2'si doğru,taslak,2026-10-01
Mat02MK0333,02,Üstel fonksiyonun en büyük ve en küçük değerlerini grafikten belirler.,Bilgi,Analiz,Yorumlama,Mat02MK0329,,,ÇS,3 maddeden en az 2'si doğru,taslak,2026-10-01
Mat02MK0334,02,Üstel fonksiyonun bire bir olup olmadığını belirler.,Bilgi,Analiz,Ayırt etme ve sınıflama,Mat02MK0328,,,ÇS,3 maddeden en az 2'si doğru,taslak,2026-10-01
Mat02MK0335,02,Üstel fonksiyonun örten olup olmadığını belirler.,Bilgi,Analiz,Ayırt etme ve sınıflama,Mat02MK0329,,,ÇS,3 maddeden en az 2'si doğru,taslak,2026-10-01
Mat02MK0336,02,Üstel fonksiyonun tek ya da çift fonksiyon olup olmadığını belirler.,Bilgi,Analiz,Ayırt etme ve sınıflama,Mat02MK0328,,,ÇS,3 maddeden en az 2'si doğru,taslak,2026-10-01
Mat02MK0337,02,Üstel referans fonksiyonun grafiğini yatay öteleyerek f(x ± r) biçimindeki fonksiyonları elde eder.,Beceri,Uygulama,Dönüştürme,Mat02MK0328; Mat02MK0155,,Mat02YG0035,ÇS; AU,3 maddeden en az 2'si doğru,taslak,2026-10-01
Mat02MK0338,02,Üstel referans fonksiyonun grafiğini düşey öteleyerek f(x) ± k biçimindeki fonksiyonları elde eder.,Beceri,Uygulama,Dönüştürme,Mat02MK0329; Mat02MK0156,,Mat02YG0035,ÇS; AU,3 maddeden en az 2'si doğru,taslak,2026-10-01
Mat02MK0339,02,Üstel referans fonksiyonun grafiğini a·f(x) ile dikey genişletir ya da daraltır.,Beceri,Uygulama,Dönüştürme,Mat02MK0328; Mat02MK0157,,,ÇS; AU,3 maddeden en az 2'si doğru,taslak,2026-10-01
Mat02MK0340,02,Üstel referans fonksiyonun grafiğini x eksenine göre yansıtır.,Beceri,Uygulama,Dönüştürme,Mat02MK0328; Mat02MK0158,,,ÇS; AU,3 maddeden en az 2'si doğru,taslak,2026-10-01
Mat02MK0341,02,Üstel fonksiyonların nitel özelliklerinin a parametresine nasıl bağlı olduğuna dair varsayımda bulunup genelleme yapar.,Bilgi,Analiz,Çıkarım ve ilişkilendirme,Mat02MK0339; Mat02MK0340; Mat02MK0330; Mat02MK0331; Mat02MK0332; Mat02MK0333,,,AU,3 maddeden en az 2'si doğru,taslak,2026-10-01
Mat02MK0342,02,Üstel fonksiyonların nitel özelliklerinin r parametresine nasıl bağlı olduğuna dair varsayımda bulunup genelleme yapar.,Bilgi,Analiz,Çıkarım ve ilişkilendirme,Mat02MK0337; Mat02MK0330; Mat02MK0331; Mat02MK0332; Mat02MK0333,,,AU,3 maddeden en az 2'si doğru,taslak,2026-10-01
Mat02MK0343,02,Üstel fonksiyonların nitel özelliklerinin k parametresine nasıl bağlı olduğuna dair varsayımda bulunup genelleme yapar.,Bilgi,Analiz,Çıkarım ve ilişkilendirme,Mat02MK0338; Mat02MK0330; Mat02MK0331; Mat02MK0332; Mat02MK0333,,,AU,3 maddeden en az 2'si doğru,taslak,2026-10-01
Mat02MK0344,02,Üstel fonksiyonların a parametresine bağlı nitel özelliklerine ilişkin genellemelerini kontrol ederek önerme olarak ifade eder ve gerçek yaşamdaki kullanışlılığını değerlendirir.,Beceri,Değerlendirme,Sınama ve değerlendirme,Mat02MK0341,,,AU,3 maddeden en az 2'si doğru,taslak,2026-10-01
Mat02MK0345,02,Üstel fonksiyonların r parametresine bağlı nitel özelliklerine ilişkin genellemelerini kontrol ederek önerme olarak ifade eder ve gerçek yaşamdaki kullanışlılığını değerlendirir.,Beceri,Değerlendirme,Sınama ve değerlendirme,Mat02MK0342,,,AU,3 maddeden en az 2'si doğru,taslak,2026-10-01
Mat02MK0346,02,Üstel fonksiyonların k parametresine bağlı nitel özelliklerine ilişkin genellemelerini kontrol ederek önerme olarak ifade eder ve gerçek yaşamdaki kullanışlılığını değerlendirir.,Beceri,Değerlendirme,Sınama ve değerlendirme,Mat02MK0343,,,AU,3 maddeden en az 2'si doğru,taslak,2026-10-01
Mat02MK0347,02,"Üstel büyüme modelini (nüfus, faiz) oluşturur.",Beceri,Analiz,Model kurma,Mat02MK0332; Mat02MK0198,,,AU,3 maddeden en az 2'si doğru,taslak,2026-10-01
Mat02MK0348,02,Üstel azalma modelini (yarılanma) oluşturur.,Beceri,Analiz,Model kurma,Mat02MK0332; Mat02MK0198,,,AU,3 maddeden en az 2'si doğru,taslak,2026-10-01
Mat02MK0349,02,Üstel büyüme modelini bağlamında yorumlar.,Bilgi,Analiz,Yorumlama,Mat02MK0347,,,ÇS,3 maddeden en az 2'si doğru,taslak,2026-10-01
Mat02MK0350,02,Üstel azalma modelini bağlamında yorumlar.,Bilgi,Analiz,Yorumlama,Mat02MK0348,,,ÇS,3 maddeden en az 2'si doğru,taslak,2026-10-01
Mat02MK0351,02,Üstel fonksiyonun tersini inceleyerek logaritmik fonksiyonu y = aˣ ⇔ x = logₐy biçiminde ifade eder.,Bilgi,Analiz,Çıkarım ve ilişkilendirme,Mat02MK0277; Mat02MK0334,,Mat02YG0036,ÇS,3 maddeden en az 2'si doğru,taslak,2026-10-01
Mat02MK0352,02,"Logaritmik fonksiyonun pH, deprem büyüklüğü ve ses şiddeti gibi gerçek yaşam bağlamlarındaki kullanışlılığını değerlendirir.",Beceri,Değerlendirme,Sınama ve değerlendirme,Mat02MK0351,,,AU,3 maddeden en az 2'si doğru,taslak,2026-10-01
Mat02MK0353,02,Logaritmik referans fonksiyonun tanım kümesini belirler.,Bilgi,Analiz,Yorumlama,Mat02MK0351,,,ÇS,3 maddeden en az 2'si doğru,taslak,2026-10-01
Mat02MK0354,02,Logaritmik referans fonksiyonun görüntü kümesini belirler.,Bilgi,Analiz,Yorumlama,Mat02MK0351,,,ÇS,3 maddeden en az 2'si doğru,taslak,2026-10-01
Mat02MK0355,02,Logaritmik fonksiyonun sıfırlarını grafikten belirler.,Bilgi,Analiz,Yorumlama,Mat02MK0353,,,ÇS,3 maddeden en az 2'si doğru,taslak,2026-10-01
Mat02MK0356,02,Logaritmik fonksiyonun işaretini grafikten belirler.,Bilgi,Analiz,Yorumlama,Mat02MK0353,,,ÇS,3 maddeden en az 2'si doğru,taslak,2026-10-01
Mat02MK0357,02,Logaritmik fonksiyonun artan ve azalan olduğu aralıkları grafikten belirler.,Bilgi,Analiz,Yorumlama,Mat02MK0353,,,ÇS,3 maddeden en az 2'si doğru,taslak,2026-10-01
Mat02MK0358,02,Logaritmik fonksiyonun en büyük ve en küçük değerlerini grafikten belirler.,Bilgi,Analiz,Yorumlama,Mat02MK0354,,,ÇS,3 maddeden en az 2'si doğru,taslak,2026-10-01
Mat02MK0359,02,Logaritmik fonksiyonun bire bir olup olmadığını belirler.,Bilgi,Analiz,Ayırt etme ve sınıflama,Mat02MK0353,,,ÇS,3 maddeden en az 2'si doğru,taslak,2026-10-01
Mat02MK0360,02,Logaritmik fonksiyonun örten olup olmadığını belirler.,Bilgi,Analiz,Ayırt etme ve sınıflama,Mat02MK0354,,,ÇS,3 maddeden en az 2'si doğru,taslak,2026-10-01
Mat02MK0361,02,Logaritmik fonksiyonun tek ya da çift fonksiyon olup olmadığını belirler.,Bilgi,Analiz,Ayırt etme ve sınıflama,Mat02MK0353,,,ÇS,3 maddeden en az 2'si doğru,taslak,2026-10-01
Mat02MK0362,02,Logaritmik referans fonksiyonun grafiğini yatay öteleyerek f(x ± r) biçimindeki fonksiyonları elde eder.,Beceri,Uygulama,Dönüştürme,Mat02MK0353; Mat02MK0155,,,ÇS; AU,3 maddeden en az 2'si doğru,taslak,2026-10-01
Mat02MK0363,02,Logaritmik referans fonksiyonun grafiğini düşey öteleyerek f(x) ± k biçimindeki fonksiyonları elde eder.,Beceri,Uygulama,Dönüştürme,Mat02MK0354; Mat02MK0156,,,ÇS; AU,3 maddeden en az 2'si doğru,taslak,2026-10-01
Mat02MK0364,02,Logaritmik referans fonksiyonun grafiğini a·f(x) ile dikey genişletir ya da daraltır.,Beceri,Uygulama,Dönüştürme,Mat02MK0353; Mat02MK0157,,,ÇS; AU,3 maddeden en az 2'si doğru,taslak,2026-10-01
Mat02MK0365,02,Logaritmik referans fonksiyonun grafiğini x eksenine göre yansıtır.,Beceri,Uygulama,Dönüştürme,Mat02MK0353; Mat02MK0158,,,ÇS; AU,3 maddeden en az 2'si doğru,taslak,2026-10-01
Mat02MK0366,02,Logaritmanın çarpım özelliğini kullanır.,Beceri,Uygulama,Kural uygulama,Mat02MK0351; Mat01MK0204,,Mat02YG0036,ÇS,3 maddeden en az 2'si doğru,taslak,2026-10-01
Mat02MK0367,02,Logaritmanın bölüm özelliğini kullanır.,Beceri,Uygulama,Kural uygulama,Mat02MK0351; Mat01MK0205,,,ÇS,3 maddeden en az 2'si doğru,taslak,2026-10-01
Mat02MK0368,02,Logaritmanın üs özelliğini kullanır.,Beceri,Uygulama,Kural uygulama,Mat02MK0351; Mat01MK0206,,,ÇS,3 maddeden en az 2'si doğru,taslak,2026-10-01
Mat02MK0369,02,Logaritmada taban değiştirme kuralını kullanır.,Beceri,Uygulama,Kural uygulama,Mat02MK0368; Mat02MK0367,,,ÇS,3 maddeden en az 2'si doğru,taslak,2026-10-01
Mat02MK0370,02,Onluk logaritmayı (log) kullanır.,Beceri,Uygulama,Kural uygulama,Mat02MK0351,,,ÇS,3 maddeden en az 2'si doğru,taslak,2026-10-01
Mat02MK0371,02,Doğal logaritmayı (ln) kullanır.,Beceri,Uygulama,Kural uygulama,Mat02MK0351,,,ÇS,3 maddeden en az 2'si doğru,taslak,2026-10-01
Mat02MK0372,02,Logaritmik fonksiyonların nitel özelliklerinin a parametresine nasıl bağlı olduğuna dair varsayımda bulunup genelleme yapar.,Bilgi,Analiz,Çıkarım ve ilişkilendirme,Mat02MK0364; Mat02MK0365; Mat02MK0355; Mat02MK0356; Mat02MK0357; Mat02MK0358,,,AU,3 maddeden en az 2'si doğru,taslak,2026-10-01
Mat02MK0373,02,Logaritmik fonksiyonların nitel özelliklerinin r parametresine nasıl bağlı olduğuna dair varsayımda bulunup genelleme yapar.,Bilgi,Analiz,Çıkarım ve ilişkilendirme,Mat02MK0362; Mat02MK0355; Mat02MK0356; Mat02MK0357; Mat02MK0358,,,AU,3 maddeden en az 2'si doğru,taslak,2026-10-01
Mat02MK0374,02,Logaritmik fonksiyonların nitel özelliklerinin k parametresine nasıl bağlı olduğuna dair varsayımda bulunup genelleme yapar.,Bilgi,Analiz,Çıkarım ve ilişkilendirme,Mat02MK0363; Mat02MK0355; Mat02MK0356; Mat02MK0357; Mat02MK0358,,,AU,3 maddeden en az 2'si doğru,taslak,2026-10-01
Mat02MK0375,02,Logaritmik fonksiyonların a parametresine bağlı nitel özelliklerine ilişkin genellemelerini kontrol ederek önerme olarak ifade eder ve gerçek yaşamdaki kullanışlılığını değerlendirir.,Beceri,Değerlendirme,Sınama ve değerlendirme,Mat02MK0372,,,AU,3 maddeden en az 2'si doğru,taslak,2026-10-01
Mat02MK0376,02,Logaritmik fonksiyonların r parametresine bağlı nitel özelliklerine ilişkin genellemelerini kontrol ederek önerme olarak ifade eder ve gerçek yaşamdaki kullanışlılığını değerlendirir.,Beceri,Değerlendirme,Sınama ve değerlendirme,Mat02MK0373,,,AU,3 maddeden en az 2'si doğru,taslak,2026-10-01
Mat02MK0377,02,Logaritmik fonksiyonların k parametresine bağlı nitel özelliklerine ilişkin genellemelerini kontrol ederek önerme olarak ifade eder ve gerçek yaşamdaki kullanışlılığını değerlendirir.,Beceri,Değerlendirme,Sınama ve değerlendirme,Mat02MK0374,,,AU,3 maddeden en az 2'si doğru,taslak,2026-10-01
Mat02MK0378,02,Logaritmik fonksiyonların a parametresine bağlı nitel özelliklerine ilişkin önermelerini grafiksel olarak doğrular ya da cebirsel olarak ispatlar.,Beceri,Analiz,Model kurma,Mat02MK0375,,,AU,3 maddeden en az 2'si doğru,taslak,2026-10-01
Mat02MK0379,02,Logaritmik fonksiyonların r parametresine bağlı nitel özelliklerine ilişkin önermelerini grafiksel olarak doğrular ya da cebirsel olarak ispatlar.,Beceri,Analiz,Model kurma,Mat02MK0376,,,AU,3 maddeden en az 2'si doğru,taslak,2026-10-01
Mat02MK0380,02,Logaritmik fonksiyonların k parametresine bağlı nitel özelliklerine ilişkin önermelerini grafiksel olarak doğrular ya da cebirsel olarak ispatlar.,Beceri,Analiz,Model kurma,Mat02MK0377,,,AU,3 maddeden en az 2'si doğru,taslak,2026-10-01
Mat02MK0381,02,"Üstel denklem içeren problemlerde nicelikleri ve aralarındaki ilişkileri belirleyerek problemi uygun temsile (şekil, tablo, sayı doğrusu, denklem) dönüştürür.",Beceri,Uygulama,Dönüştürme,Mat02MK0385; Mat02MK0387; Mat02MK0347; Mat02MK0348,,,AU,3 maddeden en az 2'si doğru,taslak,2026-10-01
Mat02MK0382,02,"Üstel eşitsizlik içeren problemlerde nicelikleri ve aralarındaki ilişkileri belirleyerek problemi uygun temsile (şekil, tablo, sayı doğrusu, denklem) dönüştürür.",Beceri,Uygulama,Dönüştürme,Mat02MK0386; Mat02MK0388; Mat02MK0347; Mat02MK0348,,,AU,3 maddeden en az 2'si doğru,taslak,2026-10-01
Mat02MK0383,02,"Logaritmik denklem içeren problemlerde nicelikleri ve aralarındaki ilişkileri belirleyerek problemi uygun temsile (şekil, tablo, sayı doğrusu, denklem) dönüştürür.",Beceri,Uygulama,Dönüştürme,Mat02MK0387; Mat02MK0352,,,AU,3 maddeden en az 2'si doğru,taslak,2026-10-01
Mat02MK0384,02,"Logaritmik eşitsizlik içeren problemlerde nicelikleri ve aralarındaki ilişkileri belirleyerek problemi uygun temsile (şekil, tablo, sayı doğrusu, denklem) dönüştürür.",Beceri,Uygulama,Dönüştürme,Mat02MK0388; Mat02MK0352,,,AU,3 maddeden en az 2'si doğru,taslak,2026-10-01
Mat02MK0385,02,Üstel denklemleri çözer.,Beceri,Uygulama,Kural uygulama,Mat01MK0246; Mat01MK0247; Mat02MK0334,,,ÇS,3 maddeden en az 2'si doğru,taslak,2026-10-01
Mat02MK0386,02,Üstel eşitsizlikleri çözer.,Beceri,Uygulama,Kural uygulama,Mat01MK0246; Mat01MK0247; Mat02MK0332,,Mat02YG0037,ÇS,3 maddeden en az 2'si doğru,taslak,2026-10-01
Mat02MK0387,02,Logaritmik denklemleri tanım kümesine dikkat ederek çözer.,Beceri,Uygulama,Kural uygulama,Mat02MK0351; Mat02MK0353; Mat02MK0366; Mat02MK0367; Mat02MK0368,,,ÇS,3 maddeden en az 2'si doğru,taslak,2026-10-01
Mat02MK0388,02,Logaritmik eşitsizlikleri tanım kümesine dikkat ederek çözer.,Beceri,Uygulama,Kural uygulama,Mat02MK0353; Mat02MK0357; Mat02MK0366; Mat02MK0367; Mat02MK0368,,,ÇS,3 maddeden en az 2'si doğru,taslak,2026-10-01
Mat02MK0389,02,Üstel denklem içeren problemler için strateji geliştirip uygulayarak problemi çözer.,Beceri,Uygulama,Transfer ve problem çözme,Mat02MK0381,,,ÇS; AU,3 maddeden en az 2'si doğru,taslak,2026-10-01
Mat02MK0390,02,Üstel eşitsizlik içeren problemler için strateji geliştirip uygulayarak problemi çözer.,Beceri,Uygulama,Transfer ve problem çözme,Mat02MK0382,,,ÇS; AU,3 maddeden en az 2'si doğru,taslak,2026-10-01
Mat02MK0391,02,Logaritmik denklem içeren problemler için strateji geliştirip uygulayarak problemi çözer.,Beceri,Uygulama,Transfer ve problem çözme,Mat02MK0383,,,ÇS; AU,3 maddeden en az 2'si doğru,taslak,2026-10-01
Mat02MK0392,02,Logaritmik eşitsizlik içeren problemler için strateji geliştirip uygulayarak problemi çözer.,Beceri,Uygulama,Transfer ve problem çözme,Mat02MK0384,,,ÇS; AU,3 maddeden en az 2'si doğru,taslak,2026-10-01
Mat02MK0393,02,"Üstel denklem içeren problemlerin çözümünü kontrol eder, çözüme ulaştırmayan stratejiyi değiştirir ve farklı çözüm yollarını değerlendirir.",Beceri,Değerlendirme,Sınama ve değerlendirme,Mat02MK0389,,,AU,3 maddeden en az 2'si doğru,taslak,2026-10-01
Mat02MK0394,02,"Üstel eşitsizlik içeren problemlerin çözümünü kontrol eder, çözüme ulaştırmayan stratejiyi değiştirir ve farklı çözüm yollarını değerlendirir.",Beceri,Değerlendirme,Sınama ve değerlendirme,Mat02MK0390,,,AU,3 maddeden en az 2'si doğru,taslak,2026-10-01
Mat02MK0395,02,"Logaritmik denklem içeren problemlerin çözümünü kontrol eder, çözüme ulaştırmayan stratejiyi değiştirir ve farklı çözüm yollarını değerlendirir.",Beceri,Değerlendirme,Sınama ve değerlendirme,Mat02MK0391,,,AU,3 maddeden en az 2'si doğru,taslak,2026-10-01
Mat02MK0396,02,"Logaritmik eşitsizlik içeren problemlerin çözümünü kontrol eder, çözüme ulaştırmayan stratejiyi değiştirir ve farklı çözüm yollarını değerlendirir.",Beceri,Değerlendirme,Sınama ve değerlendirme,Mat02MK0392,,,AU,3 maddeden en az 2'si doğru,taslak,2026-10-01
Mat02MK0397,02,Üstel denklem içeren problemlerde kullandığı stratejiyi farklı problemlere genelleyerek genellemenin geçerliliğini örneklerle değerlendirir.,Beceri,Analiz,Çıkarım ve ilişkilendirme,Mat02MK0393,,,AU,3 maddeden en az 2'si doğru,taslak,2026-10-01
Mat02MK0398,02,Üstel eşitsizlik içeren problemlerde kullandığı stratejiyi farklı problemlere genelleyerek genellemenin geçerliliğini örneklerle değerlendirir.,Beceri,Analiz,Çıkarım ve ilişkilendirme,Mat02MK0394,,,AU,3 maddeden en az 2'si doğru,taslak,2026-10-01
Mat02MK0399,02,Logaritmik denklem içeren problemlerde kullandığı stratejiyi farklı problemlere genelleyerek genellemenin geçerliliğini örneklerle değerlendirir.,Beceri,Analiz,Çıkarım ve ilişkilendirme,Mat02MK0395,,,AU,3 maddeden en az 2'si doğru,taslak,2026-10-01
Mat02MK0400,02,Logaritmik eşitsizlik içeren problemlerde kullandığı stratejiyi farklı problemlere genelleyerek genellemenin geçerliliğini örneklerle değerlendirir.,Beceri,Analiz,Çıkarım ve ilişkilendirme,Mat02MK0396,,,AU,3 maddeden en az 2'si doğru,taslak,2026-10-01
Mat02MK0401,02,İki fonksiyonun bileşkesini cebirsel olarak bulur.,Beceri,Uygulama,Dönüştürme,Mat02MK0189,,Mat02YG0038,ÇS,3 maddeden en az 2'si doğru,taslak,2026-10-01
Mat02MK0402,02,Bileşke fonksiyonun bir noktadaki değerini hesaplar.,Beceri,Uygulama,Kural uygulama,Mat02MK0189,,,ÇS,3 maddeden en az 2'si doğru,taslak,2026-10-01
Mat02MK0403,02,Bileşke fonksiyonun tanım kümesini belirler.,Beceri,Uygulama,Dönüştürme,Mat02MK0401; Mat02MK0196,,,ÇS,3 maddeden en az 2'si doğru,taslak,2026-10-01
Mat02MK0404,02,Bileşke fonksiyonun grafiğini belirler.,Beceri,Uygulama,Dönüştürme,Mat02MK0401,,,ÇS,3 maddeden en az 2'si doğru,taslak,2026-10-01
Mat02MK0405,02,Verilen bir fonksiyonu iki fonksiyonun bileşkesi olarak ifade eder.,Beceri,Uygulama,Dönüştürme,Mat02MK0401,,,ÇS,3 maddeden en az 2'si doğru,taslak,2026-10-01
Mat02MK0406,02,Bileşke fonksiyonların nitel özelliklerine ilişkin varsayımda bulunup genelleme yapar.,Bilgi,Analiz,Çıkarım ve ilişkilendirme,Mat02MK0403; Mat02MK0404; Mat02MK0405,,,AU,3 maddeden en az 2'si doğru,taslak,2026-10-01
Mat02MK0407,02,Bileşke fonksiyonlara ilişkin önermeleri grafiksel olarak doğrular ya da cebirsel olarak ispatlar.,Beceri,Analiz,Model kurma,Mat02MK0406,,,AU,3 maddeden en az 2'si doğru,taslak,2026-10-01
Mat02MK0408,02,Bileşke fonksiyonlara ilişkin önermelerin gerçek yaşamdaki kullanışlılığını değerlendirir.,Beceri,Değerlendirme,Sınama ve değerlendirme,Mat02MK0406,,,AU,3 maddeden en az 2'si doğru,taslak,2026-10-01
Mat02MK0409,02,Fonksiyonlarla toplama işlemini tanım kümesi koşullarına dikkat ederek cebirsel olarak yapar.,Beceri,Uygulama,Kural uygulama,Mat02MK0196,,,ÇS,3 maddeden en az 2'si doğru,taslak,2026-10-01
Mat02MK0410,02,Fonksiyonlarla çıkarma işlemini tanım kümesi koşullarına dikkat ederek cebirsel olarak yapar.,Beceri,Uygulama,Kural uygulama,Mat02MK0196,,,ÇS,3 maddeden en az 2'si doğru,taslak,2026-10-01
Mat02MK0411,02,Fonksiyonlarla çarpma işlemini tanım kümesi koşullarına dikkat ederek cebirsel olarak yapar.,Beceri,Uygulama,Kural uygulama,Mat02MK0196,,,ÇS,3 maddeden en az 2'si doğru,taslak,2026-10-01
Mat02MK0412,02,Fonksiyonlarla bölme işlemini tanım kümesi koşullarına dikkat ederek cebirsel olarak yapar.,Beceri,Uygulama,Kural uygulama,Mat02MK0196,,,ÇS,3 maddeden en az 2'si doğru,taslak,2026-10-01
Mat02MK0413,02,Fonksiyonlarla dört işlemi grafik üzerinden yapar.,Beceri,Uygulama,Kural uygulama,Mat02MK0199,,,ÇS,3 maddeden en az 2'si doğru,taslak,2026-10-01
Mat02MK0414,02,Fonksiyonlarla bölme işleminde paydayı sıfır yapan değerleri tanım kümesinden çıkarır.,Beceri,Uygulama,Kural uygulama,Mat02MK0412,,,ÇS,3 maddeden en az 2'si doğru,taslak,2026-10-01
Mat02MK0415,02,Fonksiyonlarda dört işlem özelliklerini dönüştürdüğü fonksiyonlar bağlamında sözel olarak açıklar.,Bilgi,Anlama,Açıklama ve özetleme,Mat02MK0409; Mat02MK0410; Mat02MK0411; Mat02MK0412; Mat02MK0413,,,AU,3 maddeden en az 2'si doğru,taslak,2026-10-01
Mat02MK0416,02,Aritmetik dizinin ortak farkını bulur.,Beceri,Uygulama,Kural uygulama,Mat02MK0064,,,ÇS,3 maddeden en az 2'si doğru,taslak,2026-10-01
Mat02MK0417,02,Aritmetik dizinin genel terimini bulur.,Beceri,Uygulama,Kural uygulama,Mat02MK0416,,,ÇS,3 maddeden en az 2'si doğru,taslak,2026-10-01
Mat02MK0418,02,Geometrik dizinin ortak oranını bulur.,Beceri,Uygulama,Kural uygulama,Mat02MK0064,,Mat02YG0039,ÇS,3 maddeden en az 2'si doğru,taslak,2026-10-01
Mat02MK0419,02,Geometrik dizinin genel terimini bulur.,Beceri,Uygulama,Kural uygulama,Mat02MK0418; Mat01MK0204,,,ÇS,3 maddeden en az 2'si doğru,taslak,2026-10-01
Mat02MK0420,02,Aritmetik dizinin ilk n teriminin toplamına ilişkin varsayımda bulunup genelleme yapar.,Bilgi,Analiz,Çıkarım ve ilişkilendirme,Mat02MK0417,,,AU,3 maddeden en az 2'si doğru,taslak,2026-10-01
Mat02MK0421,02,Geometrik dizinin ilk n teriminin toplamına ilişkin varsayımda bulunup genelleme yapar.,Bilgi,Analiz,Çıkarım ve ilişkilendirme,Mat02MK0419,,,AU,3 maddeden en az 2'si doğru,taslak,2026-10-01
Mat02MK0422,02,Aritmetik dizinin ilk n terim toplamını hesaplar.,Beceri,Uygulama,Kural uygulama,Mat02MK0420,,,ÇS,3 maddeden en az 2'si doğru,taslak,2026-10-01
Mat02MK0423,02,Geometrik dizinin ilk n terim toplamını hesaplar.,Beceri,Uygulama,Kural uygulama,Mat02MK0421,,,ÇS,3 maddeden en az 2'si doğru,taslak,2026-10-01
Mat02MK0424,02,Dizilerin sonlu toplamlarını faiz ve nüfus artışı gibi gerçek yaşam problemlerinde kullanır.,Beceri,Uygulama,Transfer ve problem çözme,Mat02MK0422; Mat02MK0423,,,AU,3 maddeden en az 2'si doğru,taslak,2026-10-01
Mat02MK0425,02,Aritmetik dizinin sonlu toplam formülünü görsel olarak doğrular.,Beceri,Analiz,Model kurma,Mat02MK0420,,,AU,3 maddeden en az 2'si doğru,taslak,2026-10-01
Mat02MK0426,02,Aritmetik dizinin sonlu toplam formülünü cebirsel olarak ispatlar.,Beceri,Analiz,Model kurma,Mat02MK0420,,,AU,3 maddeden en az 2'si doğru,taslak,2026-10-01
Mat02MK0427,02,Geometrik dizinin sonlu toplam formülünü görsel olarak doğrular.,Beceri,Analiz,Model kurma,Mat02MK0421,,,AU,3 maddeden en az 2'si doğru,taslak,2026-10-01
Mat02MK0428,02,Geometrik dizinin sonlu toplam formülünü cebirsel olarak ispatlar.,Beceri,Analiz,Model kurma,Mat02MK0421,,,AU,3 maddeden en az 2'si doğru,taslak,2026-10-01
Mat02MK0429,02,Gerçek sayı dizilerini ve fonksiyonları tanım kümesi bakımından karşılaştırır.,Bilgi,Analiz,Karşılaştırma,Mat02MK0417; Mat02MK0190,,Mat02YG0040,ÇS,3 maddeden en az 2'si doğru,taslak,2026-10-01
Mat02MK0430,02,Gerçek sayı dizilerini ve fonksiyonları özellikleri bakımından karşılaştırır.,Bilgi,Analiz,Karşılaştırma,Mat02MK0416; Mat02MK0417; Mat02MK0202,,,ÇS,3 maddeden en az 2'si doğru,taslak,2026-10-01
Mat02MK0431,02,Doğrusal ve karesel fonksiyonların polinom fonksiyon ailesinin üyeleri olduğu ve benzer nitel özellikler taşıdığı çıkarımını yapar.,Bilgi,Analiz,Çıkarım ve ilişkilendirme,Mat02MK0225; Mat02MK0226; Mat02MK0227,,,AU,3 maddeden en az 2'si doğru,taslak,2026-10-01
Mat02MK0432,02,Polinomun derecesini belirtir.,Bilgi,Hatırlama,Tanıma ve hatırlama,Mat02MK0431,,,ÇS,3 maddeden en az 2'si doğru,taslak,2026-10-01
Mat02MK0433,02,Polinomun katsayılarını belirtir.,Bilgi,Hatırlama,Tanıma ve hatırlama,Mat02MK0431,,,ÇS,3 maddeden en az 2'si doğru,taslak,2026-10-01
Mat02MK0434,02,Polinomun baş katsayısını belirtir.,Bilgi,Hatırlama,Tanıma ve hatırlama,Mat02MK0431,,,ÇS,3 maddeden en az 2'si doğru,taslak,2026-10-01
Mat02MK0435,02,Polinomun sabit terimini belirtir.,Bilgi,Hatırlama,Tanıma ve hatırlama,Mat02MK0431,,,ÇS,3 maddeden en az 2'si doğru,taslak,2026-10-01
Mat02MK0436,02,Polinom fonksiyonların derecesine ilişkin varsayımda bulunup örneklerden genelleme yapar.,Bilgi,Analiz,Çıkarım ve ilişkilendirme,Mat02MK0431; Mat02MK0432,,,AU,3 maddeden en az 2'si doğru,taslak,2026-10-01
Mat02MK0437,02,Polinom fonksiyonların sıfırlarına ilişkin varsayımda bulunup örneklerden genelleme yapar.,Bilgi,Analiz,Çıkarım ve ilişkilendirme,Mat02MK0431; Mat02MK0432; Mat02MK0435,,Mat02YG0041,AU,3 maddeden en az 2'si doğru,taslak,2026-10-01
Mat02MK0438,02,Polinom fonksiyonların işaretine ilişkin varsayımda bulunup örneklerden genelleme yapar.,Bilgi,Analiz,Çıkarım ve ilişkilendirme,Mat02MK0431; Mat02MK0432; Mat02MK0434,,,AU,3 maddeden en az 2'si doğru,taslak,2026-10-01
Mat02MK0439,02,Polinom fonksiyonların tekliğine ve çiftliğine ilişkin varsayımda bulunup örneklerden genelleme yapar.,Bilgi,Analiz,Çıkarım ve ilişkilendirme,Mat02MK0431; Mat02MK0432,,,AU,3 maddeden en az 2'si doğru,taslak,2026-10-01
Mat02MK0440,02,Polinomlarla toplama yapar.,Beceri,Uygulama,Kural uygulama,Mat02MK0433; Mat02MK0070,,,ÇS,3 maddeden en az 2'si doğru,taslak,2026-10-01
Mat02MK0441,02,Polinomlarla çıkarma yapar.,Beceri,Uygulama,Kural uygulama,Mat02MK0433; Mat02MK0071,,,ÇS,3 maddeden en az 2'si doğru,taslak,2026-10-01
Mat02MK0442,02,Polinomlarla çarpma yapar.,Beceri,Uygulama,Kural uygulama,Mat02MK0433; Mat02MK0072; Mat01MK0204,,,ÇS,3 maddeden en az 2'si doğru,taslak,2026-10-01
Mat02MK0443,02,Bir polinomu birinci dereceden bir polinoma böler.,Beceri,Uygulama,Kural uygulama,Mat02MK0441; Mat02MK0442,,,ÇS,3 maddeden en az 2'si doğru,taslak,2026-10-01
Mat02MK0444,02,Kalan teoremini kullanır.,Beceri,Uygulama,Kural uygulama,Mat02MK0443,,,ÇS,3 maddeden en az 2'si doğru,taslak,2026-10-01
Mat02MK0445,02,Polinomu çarpanlarına ayırarak sıfırlarını bulur.,Beceri,Uygulama,Kural uygulama,Mat02MK0443; Mat01MK0302; Mat01MK0304,,Mat02YG0041,ÇS,3 maddeden en az 2'si doğru,taslak,2026-10-01
Mat02MK0446,02,Polinomun sıfırlarının katlılıklarını bulur.,Beceri,Uygulama,Kural uygulama,Mat02MK0445,,,ÇS,3 maddeden en az 2'si doğru,taslak,2026-10-01
Mat02MK0447,02,Polinom fonksiyonların derecesine ilişkin genellemelerini varsayımlarıyla karşılaştırarak önerme olarak sunar.,Beceri,Değerlendirme,Sınama ve değerlendirme,Mat02MK0436,,,AU,3 maddeden en az 2'si doğru,taslak,2026-10-01
Mat02MK0448,02,Polinom fonksiyonların sıfırlarına ilişkin genellemelerini varsayımlarıyla karşılaştırarak önerme olarak sunar.,Beceri,Değerlendirme,Sınama ve değerlendirme,Mat02MK0437,,,AU,3 maddeden en az 2'si doğru,taslak,2026-10-01
Mat02MK0449,02,Polinom fonksiyonların işaretine ilişkin genellemelerini varsayımlarıyla karşılaştırarak önerme olarak sunar.,Beceri,Değerlendirme,Sınama ve değerlendirme,Mat02MK0438,,,AU,3 maddeden en az 2'si doğru,taslak,2026-10-01
Mat02MK0450,02,Polinom fonksiyonların tekliğine ve çiftliğine ilişkin genellemelerini varsayımlarıyla karşılaştırarak önerme olarak sunar.,Beceri,Değerlendirme,Sınama ve değerlendirme,Mat02MK0439,,,AU,3 maddeden en az 2'si doğru,taslak,2026-10-01
Mat02MK0451,02,Polinom fonksiyonun grafiğinin uç davranışını derecesine göre yorumlar.,Bilgi,Analiz,Yorumlama,Mat02MK0447,,,ÇS,3 maddeden en az 2'si doğru,taslak,2026-10-01
Mat02MK0452,02,Polinom fonksiyonun grafiğinin uç davranışını baş katsayısının işaretine göre yorumlar.,Bilgi,Analiz,Yorumlama,Mat02MK0449,,,ÇS,3 maddeden en az 2'si doğru,taslak,2026-10-01
Mat02MK0453,02,Polinom fonksiyonların derecesine ilişkin önermeleri problem durumlarında kullanarak kullanışlılığını değerlendirir.,Beceri,Uygulama,Transfer ve problem çözme,Mat02MK0447,,,AU,3 maddeden en az 2'si doğru,taslak,2026-10-01
Mat02MK0454,02,Polinom fonksiyonların sıfırlarına ilişkin önermeleri problem durumlarında kullanarak kullanışlılığını değerlendirir.,Beceri,Uygulama,Transfer ve problem çözme,Mat02MK0448,,,AU,3 maddeden en az 2'si doğru,taslak,2026-10-01
Mat02MK0455,02,Polinom fonksiyonların işaretine ilişkin önermeleri problem durumlarında kullanarak kullanışlılığını değerlendirir.,Beceri,Uygulama,Transfer ve problem çözme,Mat02MK0449,,,AU,3 maddeden en az 2'si doğru,taslak,2026-10-01
Mat02MK0456,02,Polinom fonksiyonların tekliğine ve çiftliğine ilişkin önermeleri problem durumlarında kullanarak kullanışlılığını değerlendirir.,Beceri,Uygulama,Transfer ve problem çözme,Mat02MK0450,,,AU,3 maddeden en az 2'si doğru,taslak,2026-10-01
Mat02MK0457,02,Polinom denklemleri çarpanlara ayırıp çözer.,Beceri,Uygulama,Kural uygulama,Mat02MK0445,,,ÇS,3 maddeden en az 2'si doğru,taslak,2026-10-01
Mat02MK0458,02,Polinom eşitsizliklerini çarpanlara ayırıp işaret tablosuyla çözer.,Beceri,Uygulama,Kural uygulama,Mat02MK0445; Mat02MK0286,,,ÇS,3 maddeden en az 2'si doğru,taslak,2026-10-01
Mat02MK0459,02,Rasyonel denklemleri paydayı sıfır yapan değerleri dışlayarak çözer.,Beceri,Uygulama,Kural uygulama,Mat02MK0457; Mat02MK0285,,,ÇS,3 maddeden en az 2'si doğru,taslak,2026-10-01
Mat02MK0460,02,Rasyonel eşitsizlikleri paydayı sıfır yapan değerleri dışlayarak çözer.,Beceri,Uygulama,Kural uygulama,Mat02MK0458; Mat02MK0285,,Mat02YG0042,ÇS,3 maddeden en az 2'si doğru,taslak,2026-10-01
Mat02MK0461,02,"Polinom denklem içeren problemlerde nicelikleri ve aralarındaki ilişkileri belirleyerek problemi uygun temsile (şekil, tablo, sayı doğrusu, denklem) dönüştürür.",Beceri,Uygulama,Dönüştürme,Mat02MK0457,,,AU,3 maddeden en az 2'si doğru,taslak,2026-10-01
Mat02MK0462,02,"Polinom eşitsizlik içeren problemlerde nicelikleri ve aralarındaki ilişkileri belirleyerek problemi uygun temsile (şekil, tablo, sayı doğrusu, denklem) dönüştürür.",Beceri,Uygulama,Dönüştürme,Mat02MK0458,,,AU,3 maddeden en az 2'si doğru,taslak,2026-10-01
Mat02MK0463,02,"Rasyonel denklem içeren problemlerde nicelikleri ve aralarındaki ilişkileri belirleyerek problemi uygun temsile (şekil, tablo, sayı doğrusu, denklem) dönüştürür.",Beceri,Uygulama,Dönüştürme,Mat02MK0459,,,AU,3 maddeden en az 2'si doğru,taslak,2026-10-01
Mat02MK0464,02,"Rasyonel eşitsizlik içeren problemlerde nicelikleri ve aralarındaki ilişkileri belirleyerek problemi uygun temsile (şekil, tablo, sayı doğrusu, denklem) dönüştürür.",Beceri,Uygulama,Dönüştürme,Mat02MK0460,,,AU,3 maddeden en az 2'si doğru,taslak,2026-10-01
Mat02MK0465,02,Polinom denklem içeren problemler için strateji geliştirip uygulayarak problemi çözer.,Beceri,Uygulama,Transfer ve problem çözme,Mat02MK0461,,,ÇS; AU,3 maddeden en az 2'si doğru,taslak,2026-10-01
Mat02MK0466,02,Polinom eşitsizlik içeren problemler için strateji geliştirip uygulayarak problemi çözer.,Beceri,Uygulama,Transfer ve problem çözme,Mat02MK0462,,,ÇS; AU,3 maddeden en az 2'si doğru,taslak,2026-10-01
Mat02MK0467,02,Rasyonel denklem içeren problemler için strateji geliştirip uygulayarak problemi çözer.,Beceri,Uygulama,Transfer ve problem çözme,Mat02MK0463,,,ÇS; AU,3 maddeden en az 2'si doğru,taslak,2026-10-01
Mat02MK0468,02,Rasyonel eşitsizlik içeren problemler için strateji geliştirip uygulayarak problemi çözer.,Beceri,Uygulama,Transfer ve problem çözme,Mat02MK0464,,,ÇS; AU,3 maddeden en az 2'si doğru,taslak,2026-10-01
Mat02MK0469,02,"Polinom denklem içeren problemlerin çözümünü kontrol eder, çözüme ulaştırmayan stratejiyi değiştirir ve farklı çözüm yollarını değerlendirir.",Beceri,Değerlendirme,Sınama ve değerlendirme,Mat02MK0465,,,AU,3 maddeden en az 2'si doğru,taslak,2026-10-01
Mat02MK0470,02,"Polinom eşitsizlik içeren problemlerin çözümünü kontrol eder, çözüme ulaştırmayan stratejiyi değiştirir ve farklı çözüm yollarını değerlendirir.",Beceri,Değerlendirme,Sınama ve değerlendirme,Mat02MK0466,,,AU,3 maddeden en az 2'si doğru,taslak,2026-10-01
Mat02MK0471,02,"Rasyonel denklem içeren problemlerin çözümünü kontrol eder, çözüme ulaştırmayan stratejiyi değiştirir ve farklı çözüm yollarını değerlendirir.",Beceri,Değerlendirme,Sınama ve değerlendirme,Mat02MK0467,,,AU,3 maddeden en az 2'si doğru,taslak,2026-10-01
Mat02MK0472,02,"Rasyonel eşitsizlik içeren problemlerin çözümünü kontrol eder, çözüme ulaştırmayan stratejiyi değiştirir ve farklı çözüm yollarını değerlendirir.",Beceri,Değerlendirme,Sınama ve değerlendirme,Mat02MK0468,,,AU,3 maddeden en az 2'si doğru,taslak,2026-10-01
Mat02MK0473,02,Polinom denklem içeren problemlerde kullandığı stratejiyi farklı problemlere genelleyerek genellemenin geçerliliğini örneklerle değerlendirir.,Beceri,Analiz,Çıkarım ve ilişkilendirme,Mat02MK0469,,,AU,3 maddeden en az 2'si doğru,taslak,2026-10-01
Mat02MK0474,02,Polinom eşitsizlik içeren problemlerde kullandığı stratejiyi farklı problemlere genelleyerek genellemenin geçerliliğini örneklerle değerlendirir.,Beceri,Analiz,Çıkarım ve ilişkilendirme,Mat02MK0470,,,AU,3 maddeden en az 2'si doğru,taslak,2026-10-01
Mat02MK0475,02,Rasyonel denklem içeren problemlerde kullandığı stratejiyi farklı problemlere genelleyerek genellemenin geçerliliğini örneklerle değerlendirir.,Beceri,Analiz,Çıkarım ve ilişkilendirme,Mat02MK0471,,,AU,3 maddeden en az 2'si doğru,taslak,2026-10-01
Mat02MK0476,02,Rasyonel eşitsizlik içeren problemlerde kullandığı stratejiyi farklı problemlere genelleyerek genellemenin geçerliliğini örneklerle değerlendirir.,Beceri,Analiz,Çıkarım ve ilişkilendirme,Mat02MK0472,,,AU,3 maddeden en az 2'si doğru,taslak,2026-10-01
Mat03MK0001,03,"Nokta, doğru, doğru parçası, ışın ve açı çizmek için cetveli uygun araç olarak belirtir.",Bilgi,Hatırlama,Tanıma ve hatırlama,,Temel geometrik kavramlar (önceki sınıflar),,ÇS,3 maddeden en az 2'si doğru,taslak,2026-10-01
Mat03MK0002,03,Çember çizmek için pergeli uygun araç olarak belirtir.,Bilgi,Hatırlama,Tanıma ve hatırlama,,Temel geometrik kavramlar (önceki sınıflar),,ÇS,3 maddeden en az 2'si doğru,taslak,2026-10-01
Mat03MK0003,03,Dikme çizmek için gönyeyi uygun araç olarak belirtir.,Bilgi,Hatırlama,Tanıma ve hatırlama,,Temel geometrik kavramlar (önceki sınıflar),,ÇS,3 maddeden en az 2'si doğru,taslak,2026-10-01
Mat03MK0004,03,Noktayı çizer ve sembolle gösterir.,Beceri,Uygulama,Beceri uygulama,Mat03MK0001,,,PG,Rubrikte yeterli ve üstü,taslak,2026-10-01
Mat03MK0005,03,Doğruyu cetvelle çizer ve sembolle gösterir.,Beceri,Uygulama,Beceri uygulama,Mat03MK0001,,,PG,Rubrikte yeterli ve üstü,taslak,2026-10-01
Mat03MK0006,03,Doğru parçasını cetvelle çizer ve sembolle gösterir.,Beceri,Uygulama,Beceri uygulama,Mat03MK0001,,,PG,Rubrikte yeterli ve üstü,taslak,2026-10-01
Mat03MK0007,03,Işını cetvelle çizer ve sembolle gösterir.,Beceri,Uygulama,Beceri uygulama,Mat03MK0001,,Mat03YG0001,PG,Rubrikte yeterli ve üstü,taslak,2026-10-01
Mat03MK0008,03,Pergelle verilen merkez ve yarıçapta çember çizer.,Beceri,Uygulama,Beceri uygulama,Mat03MK0002,,,PG,Rubrikte yeterli ve üstü,taslak,2026-10-01
Mat03MK0009,03,Açıyı çizer.,Beceri,Uygulama,Beceri uygulama,Mat03MK0004; Mat03MK0007,,,PG,Rubrikte yeterli ve üstü,taslak,2026-10-01
Mat03MK0010,03,Açının kollarını ve köşesini adlandırır.,Bilgi,Hatırlama,Tanıma ve hatırlama,Mat03MK0004; Mat03MK0007,,,ÇS,3 maddeden en az 2'si doğru,taslak,2026-10-01
Mat03MK0011,03,Gönye ya da cetvel ve pergelle bir doğruya dikme çizer.,Beceri,Uygulama,Beceri uygulama,Mat03MK0005; Mat03MK0003,,,PG,Rubrikte yeterli ve üstü,taslak,2026-10-01
Mat03MK0012,03,Doğrunun iki yönde sınırsız uzadığına dair çıkarım yapar.,Bilgi,Analiz,Çıkarım ve ilişkilendirme,Mat03MK0015,,Mat03YG0002,ÇS,3 maddeden en az 2'si doğru,taslak,2026-10-01
Mat03MK0013,03,Doğru parçasının iki uç noktası olduğuna dair çıkarım yapar.,Bilgi,Analiz,Çıkarım ve ilişkilendirme,Mat03MK0015,,Mat03YG0002,ÇS,3 maddeden en az 2'si doğru,taslak,2026-10-01
Mat03MK0014,03,Işının bir başlangıç noktası olup tek yönde sınırsız uzadığına dair çıkarım yapar.,Bilgi,Analiz,Çıkarım ve ilişkilendirme,Mat03MK0015,,,ÇS,3 maddeden en az 2'si doğru,taslak,2026-10-01
Mat03MK0015,03,"Doğru, doğru parçası ve ışını ayırt eder.",Bilgi,Anlama,Ayırt etme ve sınıflama,Mat03MK0005; Mat03MK0006; Mat03MK0007,,Mat03YG0002,ÇS,3 maddeden en az 2'si doğru,taslak,2026-10-01
Mat03MK0016,03,Doğrunun özelliklerine dair çıkarımını farklı örneklerde değerlendirir.,Beceri,Değerlendirme,Sınama ve değerlendirme,Mat03MK0012,,,AU,3 maddeden en az 2'si doğru,taslak,2026-10-01
Mat03MK0017,03,Doğru parçasının özelliklerine dair çıkarımını farklı örneklerde değerlendirir.,Beceri,Değerlendirme,Sınama ve değerlendirme,Mat03MK0013,,,AU,3 maddeden en az 2'si doğru,taslak,2026-10-01
Mat03MK0018,03,Işının özelliklerine dair çıkarımını farklı örneklerde değerlendirir.,Beceri,Değerlendirme,Sınama ve değerlendirme,Mat03MK0014,,,AU,3 maddeden en az 2'si doğru,taslak,2026-10-01
Mat03MK0019,03,Açı ölçmek için açıölçeri belirtir.,Bilgi,Hatırlama,Tanıma ve hatırlama,Mat03MK0009,,,ÇS,3 maddeden en az 2'si doğru,taslak,2026-10-01
Mat03MK0020,03,Açı ölçü birimi olarak dereceyi belirtir.,Bilgi,Hatırlama,Tanıma ve hatırlama,Mat03MK0009,,,ÇS,3 maddeden en az 2'si doğru,taslak,2026-10-01
Mat03MK0021,03,Açıölçerle açıları ölçer.,Beceri,Uygulama,Beceri uygulama,Mat03MK0019; Mat03MK0020,,Mat03YG0003; Mat03YG0004,ÇS; PG,3 maddeden en az 2'si doğru; PG'de rubrikte yeterli ve üstü,taslak,2026-10-01
Mat03MK0022,03,Açıölçerle verilen ölçüde açı çizer.,Beceri,Uygulama,Beceri uygulama,Mat03MK0021,,,PG,Rubrikte yeterli ve üstü,taslak,2026-10-01
Mat03MK0023,03,"Açıları ölçülerine göre dar, dik, geniş ve doğru açı olarak sınıflandırır.",Bilgi,Anlama,Ayırt etme ve sınıflama,Mat03MK0021,,,ÇS,3 maddeden en az 2'si doğru,taslak,2026-10-01
Mat03MK0024,03,Komşu açıları tanımlar.,Bilgi,Anlama,Tanıma ve hatırlama,Mat03MK0010,,,ÇS,3 maddeden en az 2'si doğru,taslak,2026-10-01
Mat03MK0025,03,Tümler açıları tanımlar.,Bilgi,Anlama,Tanıma ve hatırlama,Mat03MK0023,,,ÇS,3 maddeden en az 2'si doğru,taslak,2026-10-01
Mat03MK0026,03,Bütünler açıları tanımlar.,Bilgi,Anlama,Tanıma ve hatırlama,Mat03MK0023,,,ÇS,3 maddeden en az 2'si doğru,taslak,2026-10-01
Mat03MK0027,03,Ters açıları tanımlar.,Bilgi,Anlama,Tanıma ve hatırlama,Mat03MK0010; Mat03MK0005,,,ÇS,3 maddeden en az 2'si doğru,taslak,2026-10-01
Mat03MK0028,03,Paralel doğrular ve bir kesenle oluşan açılara dair varsayımda bulunup açıları listeler.,Bilgi,Analiz,Çıkarım ve ilişkilendirme,Mat03MK0024; Mat03MK0025; Mat03MK0026; Mat03MK0027,,,AU,3 maddeden en az 2'si doğru,taslak,2026-10-01
Mat03MK0029,03,Kesişen iki doğrunun oluşturduğu açılara dair varsayımda bulunup açıları listeler.,Bilgi,Analiz,Çıkarım ve ilişkilendirme,Mat03MK0024; Mat03MK0025; Mat03MK0026; Mat03MK0027,,,AU,3 maddeden en az 2'si doğru,taslak,2026-10-01
Mat03MK0030,03,Dik kesişen doğruların oluşturduğu açılara dair varsayımda bulunup açıları listeler.,Bilgi,Analiz,Çıkarım ve ilişkilendirme,Mat03MK0024; Mat03MK0025; Mat03MK0026; Mat03MK0027,,,AU,3 maddeden en az 2'si doğru,taslak,2026-10-01
Mat03MK0031,03,Paralel doğrular ve bir kesenle oluşan açıları ölçerek varsayımlarıyla karşılaştırır.,Beceri,Değerlendirme,Sınama ve değerlendirme,Mat03MK0028,,,AU,3 maddeden en az 2'si doğru,taslak,2026-10-01
Mat03MK0032,03,Kesişen iki doğrunun oluşturduğu açıları ölçerek varsayımlarıyla karşılaştırır.,Beceri,Değerlendirme,Sınama ve değerlendirme,Mat03MK0029,,,AU,3 maddeden en az 2'si doğru,taslak,2026-10-01
Mat03MK0033,03,Dik kesişen doğruların oluşturduğu açıları ölçerek varsayımlarıyla karşılaştırır.,Beceri,Değerlendirme,Sınama ve değerlendirme,Mat03MK0030,,,AU,3 maddeden en az 2'si doğru,taslak,2026-10-01
Mat03MK0034,03,Ters açıların eş olduğu önermesini sunar ve gerekçelendirir.,Bilgi,Analiz,Çıkarım ve ilişkilendirme,Mat03MK0032,,Mat03YG0005,ÇS,3 maddeden en az 2'si doğru,taslak,2026-10-01
Mat03MK0035,03,Komşu bütünler açıların ölçüleri toplamının 180° olduğu önermesini sunar ve gerekçelendirir.,Bilgi,Analiz,Çıkarım ve ilişkilendirme,Mat03MK0032,,,ÇS,3 maddeden en az 2'si doğru,taslak,2026-10-01
Mat03MK0036,03,Ters açılar ilişkisini kullanarak bilinmeyen açıları hesaplar.,Beceri,Uygulama,Kural uygulama,Mat03MK0034,,Mat03YG0005,ÇS,3 maddeden en az 2'si doğru,taslak,2026-10-01
Mat03MK0037,03,Komşu bütünler açılar ilişkisini kullanarak bilinmeyen açıları hesaplar.,Beceri,Uygulama,Kural uygulama,Mat03MK0035,,,ÇS,3 maddeden en az 2'si doğru,taslak,2026-10-01
Mat03MK0038,03,En az üç doğrunun ardışık kesişimiyle çokgenler oluşturur.,Beceri,Uygulama,Beceri uygulama,Mat03MK0005; Mat03MK0006,,,PG,Rubrikte yeterli ve üstü,taslak,2026-10-01
Mat03MK0039,03,Çokgeni ardışık kesişen doğruların oluşturduğu kapalı şekil olarak ifade eder.,Bilgi,Anlama,Açıklama ve özetleme,Mat03MK0038,,Mat03YG0006,ÇS,3 maddeden en az 2'si doğru,taslak,2026-10-01
Mat03MK0040,03,"Çokgenleri kenar sayılarına göre (üçgen, dörtgen, beşgen, altıgen) adlandırır.",Bilgi,Hatırlama,Tanıma ve hatırlama,Mat03MK0039,,,ÇS,3 maddeden en az 2'si doğru,taslak,2026-10-01
Mat03MK0041,03,Kapalı ve açık şekilleri ayırt eder.,Bilgi,Anlama,Ayırt etme ve sınıflama,Mat03MK0039,,,ÇS,3 maddeden en az 2'si doğru,taslak,2026-10-01
Mat03MK0042,03,Çokgen olan ve olmayan şekilleri ayırt eder.,Bilgi,Anlama,Ayırt etme ve sınıflama,Mat03MK0039,,Mat03YG0006,ÇS,3 maddeden en az 2'si doğru,taslak,2026-10-01
Mat03MK0043,03,"Çokgenlerde kenar, köşe ve iç açı sayılarının eşit olduğu çıkarımını yapar.",Bilgi,Analiz,Çıkarım ve ilişkilendirme,Mat03MK0040,,,ÇS,3 maddeden en az 2'si doğru,taslak,2026-10-01
Mat03MK0044,03,Düzgün çokgenin bütün kenarlarının eş olduğunu belirler.,Bilgi,Anlama,Ayırt etme ve sınıflama,Mat03MK0043,,,ÇS,3 maddeden en az 2'si doğru,taslak,2026-10-01
Mat03MK0045,03,Düzgün çokgenin bütün açılarının eş olduğunu belirler.,Bilgi,Anlama,Ayırt etme ve sınıflama,Mat03MK0043,,,ÇS,3 maddeden en az 2'si doğru,taslak,2026-10-01
Mat03MK0046,03,"Üçgenleri kenarlarına göre (çeşitkenar, ikizkenar, eşkenar) sınıflandırır.",Bilgi,Analiz,Ayırt etme ve sınıflama,Mat03MK0040,,,ÇS,3 maddeden en az 2'si doğru,taslak,2026-10-01
Mat03MK0047,03,"Üçgenleri açılarına göre (dar, dik, geniş açılı) sınıflandırır.",Bilgi,Analiz,Ayırt etme ve sınıflama,Mat03MK0040; Mat03MK0023,,,ÇS,3 maddeden en az 2'si doğru,taslak,2026-10-01
Mat03MK0048,03,Dörtgenlerin kenar özelliklerini ölçerek karşılaştırır.,Bilgi,Analiz,Karşılaştırma,Mat03MK0040,,,AU,3 maddeden en az 2'si doğru,taslak,2026-10-01
Mat03MK0049,03,Dörtgenlerin açı özelliklerini ölçerek karşılaştırır.,Bilgi,Analiz,Karşılaştırma,Mat03MK0040; Mat03MK0021,,,AU,3 maddeden en az 2'si doğru,taslak,2026-10-01
Mat03MK0050,03,Çokgenlere dair çıkarımını farklı örneklerde değerlendirir.,Beceri,Değerlendirme,Sınama ve değerlendirme,Mat03MK0043,,,AU,3 maddeden en az 2'si doğru,taslak,2026-10-01
Mat03MK0051,03,İki noktada kesişen çemberlerin merkezleri ve bir kesişim noktasıyla oluşan üçgenlerin kenar özelliklerine dair varsayımda bulunur.,Bilgi,Analiz,Çıkarım ve ilişkilendirme,Mat03MK0008,,,AU,3 maddeden en az 2'si doğru,taslak,2026-10-01
Mat03MK0052,03,Kesişen çember çiftleriyle çeşitkenar üçgen inşa eder.,Beceri,Uygulama,Beceri uygulama,Mat03MK0051; Mat03MK0046,,,PG,Rubrikte yeterli ve üstü,taslak,2026-10-01
Mat03MK0053,03,Kesişen çember çiftleriyle ikizkenar üçgen inşa eder.,Beceri,Uygulama,Beceri uygulama,Mat03MK0051; Mat03MK0046,,,PG,Rubrikte yeterli ve üstü,taslak,2026-10-01
Mat03MK0054,03,Kesişen çember çiftleriyle eşkenar üçgen inşa eder.,Beceri,Uygulama,Beceri uygulama,Mat03MK0051; Mat03MK0046,,,PG,Rubrikte yeterli ve üstü,taslak,2026-10-01
Mat03MK0055,03,Yarıçapları eşit çemberlerle inşa edilen üçgenin ikizkenar ya da eşkenar olduğu önermesini sunar ve değerlendirir.,Bilgi,Analiz,Çıkarım ve ilişkilendirme,Mat03MK0053; Mat03MK0054,,,ÇS; AU,3 maddeden en az 2'si doğru,taslak,2026-10-01
Mat03MK0056,03,İki paralel doğru ve bir kesenle oluşan yöndeş açıları belirtir.,Bilgi,Anlama,Tanıma ve hatırlama,Mat03MK0028,,,ÇS,3 maddeden en az 2'si doğru,taslak,2026-10-01
Mat03MK0057,03,İki paralel doğru ve bir kesenle oluşan iç ters açıları belirtir.,Bilgi,Anlama,Tanıma ve hatırlama,Mat03MK0028,,,ÇS,3 maddeden en az 2'si doğru,taslak,2026-10-01
Mat03MK0058,03,İki paralel doğru ve bir kesenle oluşan dış ters açıları belirtir.,Bilgi,Anlama,Tanıma ve hatırlama,Mat03MK0028,,,ÇS,3 maddeden en az 2'si doğru,taslak,2026-10-01
Mat03MK0059,03,İki paralel doğru ve bir kesenle oluşan karşı durumlu açıları belirtir.,Bilgi,Anlama,Tanıma ve hatırlama,Mat03MK0028,,,ÇS,3 maddeden en az 2'si doğru,taslak,2026-10-01
Mat03MK0060,03,"Paralel iki doğru ve bir kesenle oluşan açıları eş ya da bütünler olmalarına göre ayrıştırır, sınıflar ve adlandırır.",Bilgi,Analiz,Ayırt etme ve sınıflama,Mat03MK0056; Mat03MK0057; Mat03MK0058; Mat03MK0059; Mat03MK0034; Mat03MK0035,,Mat03YG0007,ÇS,3 maddeden en az 2'si doğru,taslak,2026-10-01
Mat03MK0061,03,Paralel iki doğrunun bir kesenle oluşturduğu yöndeş açıların eş olduğunu belirler.,Bilgi,Analiz,Çıkarım ve ilişkilendirme,Mat03MK0060,,Mat03YG0007,ÇS,3 maddeden en az 2'si doğru,taslak,2026-10-01
Mat03MK0062,03,Paralel iki doğrunun bir kesenle oluşturduğu iç ters açıların eş olduğunu belirler.,Bilgi,Analiz,Çıkarım ve ilişkilendirme,Mat03MK0060,,,ÇS,3 maddeden en az 2'si doğru,taslak,2026-10-01
Mat03MK0063,03,Paralel iki doğrunun bir kesenle oluşturduğu dış ters açıların eş olduğunu belirler.,Bilgi,Analiz,Çıkarım ve ilişkilendirme,Mat03MK0060,,,ÇS,3 maddeden en az 2'si doğru,taslak,2026-10-01
Mat03MK0064,03,Paralel iki doğrunun bir kesenle oluşturduğu karşı durumlu açıların bütünler olduğunu belirler.,Bilgi,Analiz,Çıkarım ve ilişkilendirme,Mat03MK0060,,,ÇS,3 maddeden en az 2'si doğru,taslak,2026-10-01
Mat03MK0065,03,Paralel doğrular ve bir kesenle oluşan açılardan bilinmeyen açı ölçülerini hesaplar.,Beceri,Uygulama,Kural uygulama,Mat03MK0061; Mat03MK0062; Mat03MK0063; Mat03MK0064; Mat03MK0036; Mat03MK0037,,,ÇS,3 maddeden en az 2'si doğru,taslak,2026-10-01
Mat03MK0066,03,İki paralel doğrunun iki kesenle oluşturduğu şekillere dair varsayımda bulunur ve özelliklerini listeler.,Bilgi,Analiz,Çıkarım ve ilişkilendirme,Mat03MK0060,,,AU,3 maddeden en az 2'si doğru,taslak,2026-10-01
Mat03MK0067,03,Oluşan şekilleri kenar özelliklerine göre varsayımlarıyla karşılaştırır.,Beceri,Değerlendirme,Sınama ve değerlendirme,Mat03MK0066,,,AU,3 maddeden en az 2'si doğru,taslak,2026-10-01
Mat03MK0068,03,Oluşan şekilleri açı özelliklerine göre varsayımlarıyla karşılaştırır.,Beceri,Değerlendirme,Sınama ve değerlendirme,Mat03MK0066,,,AU,3 maddeden en az 2'si doğru,taslak,2026-10-01
Mat03MK0069,03,Üçgenin iç açıları toplamının 180° olduğu önermesini sunar.,Bilgi,Analiz,Çıkarım ve ilişkilendirme,Mat03MK0062; Mat03MK0035,,,ÇS; AU,3 maddeden en az 2'si doğru,taslak,2026-10-01
Mat03MK0070,03,Dörtgenin iç açıları toplamının 360° olduğu önermesini sunar.,Bilgi,Analiz,Çıkarım ve ilişkilendirme,Mat03MK0069,,,ÇS; AU,3 maddeden en az 2'si doğru,taslak,2026-10-01
Mat03MK0071,03,"Yamuk, paralelkenar, eşkenar dörtgen, dikdörtgen ve karenin ortak özelliklerine dair önerme sunar.",Bilgi,Analiz,Çıkarım ve ilişkilendirme,Mat03MK0067; Mat03MK0068,,,ÇS; AU,3 maddeden en az 2'si doğru,taslak,2026-10-01
Mat03MK0072,03,Üçgenin iç açıları toplamının 180° olmasını kullanarak bilinmeyen açıyı hesaplar.,Beceri,Uygulama,Kural uygulama,Mat03MK0069,,Mat03YG0008,ÇS,3 maddeden en az 2'si doğru,taslak,2026-10-01
Mat03MK0073,03,Dörtgenin iç açıları toplamının 360° olmasını kullanarak bilinmeyen açıyı hesaplar.,Beceri,Uygulama,Kural uygulama,Mat03MK0070,,,ÇS,3 maddeden en az 2'si doğru,taslak,2026-10-01
Mat03MK0074,03,Yamuğun kenar ve açı özelliklerini belirtir.,Bilgi,Hatırlama,Tanıma ve hatırlama,Mat03MK0071; Mat03MK0048; Mat03MK0049,,,ÇS,3 maddeden en az 2'si doğru,taslak,2026-10-01
Mat03MK0075,03,Paralelkenarın kenar ve açı özelliklerini belirtir.,Bilgi,Hatırlama,Tanıma ve hatırlama,Mat03MK0071; Mat03MK0048; Mat03MK0049,,,ÇS,3 maddeden en az 2'si doğru,taslak,2026-10-01
Mat03MK0076,03,Eşkenar dörtgenin kenar ve açı özelliklerini belirtir.,Bilgi,Hatırlama,Tanıma ve hatırlama,Mat03MK0071; Mat03MK0048; Mat03MK0049,,,ÇS,3 maddeden en az 2'si doğru,taslak,2026-10-01
Mat03MK0077,03,Dikdörtgenin kenar ve açı özelliklerini belirtir.,Bilgi,Hatırlama,Tanıma ve hatırlama,Mat03MK0071; Mat03MK0048; Mat03MK0049,,,ÇS,3 maddeden en az 2'si doğru,taslak,2026-10-01
Mat03MK0078,03,Karenin kenar ve açı özelliklerini belirtir.,Bilgi,Hatırlama,Tanıma ve hatırlama,Mat03MK0071; Mat03MK0048; Mat03MK0049,,,ÇS,3 maddeden en az 2'si doğru,taslak,2026-10-01
Mat03MK0079,03,Dörtgenleri özelliklerine göre sınıflandırarak aralarındaki kapsama ilişkisini (her kare bir dikdörtgendir gibi) belirler.,Bilgi,Analiz,Ayırt etme ve sınıflama,Mat03MK0074; Mat03MK0075; Mat03MK0076; Mat03MK0077; Mat03MK0078,,Mat03YG0009,ÇS,3 maddeden en az 2'si doğru,taslak,2026-10-01
Mat03MK0080,03,Birbirini ortalayan doğru parçalarını köşegen kabul eden dörtgenlere dair varsayımda bulunur.,Bilgi,Analiz,Çıkarım ve ilişkilendirme,Mat03MK0079,,,AU,3 maddeden en az 2'si doğru,taslak,2026-10-01
Mat03MK0081,03,Birbirini ortalayan doğru parçalarını köşegen kabul eden dörtgenleri araç ya da yazılımla oluşturur.,Beceri,Uygulama,Beceri uygulama,Mat03MK0080,,,PG,Rubrikte yeterli ve üstü,taslak,2026-10-01
Mat03MK0082,03,Köşegenleri birbirini ortalayan dörtgenin paralelkenar olduğu önermesini sunar.,Bilgi,Analiz,Çıkarım ve ilişkilendirme,Mat03MK0081,,,ÇS,3 maddeden en az 2'si doğru,taslak,2026-10-01
Mat03MK0083,03,Köşegenleri birbirini ortalayan ve eş olan dörtgenin dikdörtgen olduğu önermesini sunar.,Bilgi,Analiz,Çıkarım ve ilişkilendirme,Mat03MK0081,,,ÇS,3 maddeden en az 2'si doğru,taslak,2026-10-01
Mat03MK0084,03,Köşegenleri birbirini ortalayan ve dik kesişen dörtgenin eşkenar dörtgen olduğu önermesini sunar.,Bilgi,Analiz,Çıkarım ve ilişkilendirme,Mat03MK0081,,Mat03YG0010,ÇS,3 maddeden en az 2'si doğru,taslak,2026-10-01
Mat03MK0085,03,Köşegen özelliklerinin dörtgenleri farklı yollardan tanımlamaya katkısını değerlendirir.,Beceri,Değerlendirme,Sınama ve değerlendirme,Mat03MK0082; Mat03MK0083; Mat03MK0084,,,AU,3 maddeden en az 2'si doğru,taslak,2026-10-01
Mat03MK0086,03,Dörtgenleri köşegen özelliklerine göre sınıflandırır.,Bilgi,Analiz,Ayırt etme ve sınıflama,Mat03MK0082; Mat03MK0083; Mat03MK0084,,Mat03YG0010,ÇS,3 maddeden en az 2'si doğru,taslak,2026-10-01
Mat03MK0087,03,"Üçgenin açılarıyla ilgili problemlerde nicelikleri ve aralarındaki ilişkileri belirleyerek problemi uygun temsile (şekil, tablo, sayı doğrusu, denklem) dönüştürür.",Beceri,Uygulama,Dönüştürme,Mat03MK0065; Mat03MK0072,,,AU,3 maddeden en az 2'si doğru,taslak,2026-10-01
Mat03MK0088,03,"Dörtgenin açılarıyla ilgili problemlerde nicelikleri ve aralarındaki ilişkileri belirleyerek problemi uygun temsile (şekil, tablo, sayı doğrusu, denklem) dönüştürür.",Beceri,Uygulama,Dönüştürme,Mat03MK0065; Mat03MK0073,,,AU,3 maddeden en az 2'si doğru,taslak,2026-10-01
Mat03MK0089,03,Üçgenin açılarıyla ilgili problemler için strateji geliştirip uygulayarak problemi çözer.,Beceri,Uygulama,Transfer ve problem çözme,Mat03MK0087,,,ÇS; AU,3 maddeden en az 2'si doğru,taslak,2026-10-01
Mat03MK0090,03,Dörtgenin açılarıyla ilgili problemler için strateji geliştirip uygulayarak problemi çözer.,Beceri,Uygulama,Transfer ve problem çözme,Mat03MK0088,,,ÇS; AU,3 maddeden en az 2'si doğru,taslak,2026-10-01
Mat03MK0091,03,"Üçgenin açılarıyla ilgili problemlerin çözümünü kontrol eder, çözüme ulaştırmayan stratejiyi değiştirir ve farklı çözüm yollarını değerlendirir.",Beceri,Değerlendirme,Sınama ve değerlendirme,Mat03MK0089,,,AU,3 maddeden en az 2'si doğru,taslak,2026-10-01
Mat03MK0092,03,"Dörtgenin açılarıyla ilgili problemlerin çözümünü kontrol eder, çözüme ulaştırmayan stratejiyi değiştirir ve farklı çözüm yollarını değerlendirir.",Beceri,Değerlendirme,Sınama ve değerlendirme,Mat03MK0090,,,AU,3 maddeden en az 2'si doğru,taslak,2026-10-01
Mat03MK0093,03,Üçgenin açılarıyla ilgili problemlerde kullandığı stratejiyi farklı problemlere genelleyerek genellemenin geçerliliğini örneklerle değerlendirir.,Beceri,Analiz,Çıkarım ve ilişkilendirme,Mat03MK0091,,,AU,3 maddeden en az 2'si doğru,taslak,2026-10-01
Mat03MK0094,03,Dörtgenin açılarıyla ilgili problemlerde kullandığı stratejiyi farklı problemlere genelleyerek genellemenin geçerliliğini örneklerle değerlendirir.,Beceri,Analiz,Çıkarım ve ilişkilendirme,Mat03MK0092,,,AU,3 maddeden en az 2'si doğru,taslak,2026-10-01
Mat03MK0095,03,Dar açılı üçgende yüksekliği belirler ve yerini (üçgenin içinde) gösterir.,Bilgi,Anlama,Ayırt etme ve sınıflama,Mat03MK0047; Mat03MK0011,,,ÇS,3 maddeden en az 2'si doğru,taslak,2026-10-01
Mat03MK0096,03,Dik üçgende yüksekliği belirler ve yerini (dik kenar üzerinde) gösterir.,Bilgi,Anlama,Ayırt etme ve sınıflama,Mat03MK0047; Mat03MK0011,,,ÇS,3 maddeden en az 2'si doğru,taslak,2026-10-01
Mat03MK0097,03,Geniş açılı üçgende yüksekliği belirler ve yerini (üçgenin dışında) gösterir.,Bilgi,Anlama,Ayırt etme ve sınıflama,Mat03MK0047; Mat03MK0011,,Mat03YG0011,ÇS,3 maddeden en az 2'si doğru,taslak,2026-10-01
Mat03MK0098,03,Üçgende kenarortayı belirler.,Bilgi,Anlama,Ayırt etme ve sınıflama,Mat03MK0046,,,ÇS,3 maddeden en az 2'si doğru,taslak,2026-10-01
Mat03MK0099,03,Üçgende açıortayı belirler.,Bilgi,Anlama,Ayırt etme ve sınıflama,Mat05MK0011,,Mat03YG0012,ÇS,3 maddeden en az 2'si doğru,taslak,2026-10-01
Mat03MK0100,03,"İkizkenar üçgende tepe açısından çizilen kenarortay, açıortay ve yüksekliğin çakıştığını belirler.",Bilgi,Analiz,Çıkarım ve ilişkilendirme,Mat03MK0046; Mat03MK0095; Mat03MK0098; Mat03MK0099,,Mat03YG0012,ÇS,3 maddeden en az 2'si doğru,taslak,2026-10-01
Mat03MK0101,03,"Eşkenar üçgende her köşeden çizilen kenarortay, açıortay ve yüksekliğin çakıştığını belirler.",Bilgi,Analiz,Çıkarım ve ilişkilendirme,Mat03MK0046; Mat03MK0095; Mat03MK0098; Mat03MK0099,,,ÇS,3 maddeden en az 2'si doğru,taslak,2026-10-01
Mat03MK0102,03,Orta dikme inşasından üçgende kenarortay inşasına dair çıkarım yapar.,Bilgi,Analiz,Çıkarım ve ilişkilendirme,Mat05MK0012; Mat03MK0098,,,AU,3 maddeden en az 2'si doğru,taslak,2026-10-01
Mat03MK0103,03,Pergel ve ölçüsüz cetvelle üçgenin kenarortayını inşa eder.,Beceri,Uygulama,Beceri uygulama,Mat03MK0102,,,PG,Rubrikte yeterli ve üstü,taslak,2026-10-01
Mat03MK0104,03,Kenarortay inşasına dair çıkarımını farklı üçgenler üzerinde değerlendirir.,Beceri,Değerlendirme,Sınama ve değerlendirme,Mat03MK0103,,,AU,3 maddeden en az 2'si doğru,taslak,2026-10-01
Mat03MK0105,03,Üçgende bir açının karşısındaki kenarı belirler.,Bilgi,Anlama,Tanıma ve hatırlama,Mat03MK0010,,,ÇS,3 maddeden en az 2'si doğru,taslak,2026-09-29
Mat03MK0106,03,Üçgende bir kenarın karşısındaki açıyı belirler.,Bilgi,Anlama,Tanıma ve hatırlama,Mat03MK0010,,,ÇS,3 maddeden en az 2'si doğru,taslak,2026-10-01
Mat03MK0107,03,Araç ya da dinamik geometri yazılımıyla bir açıyı büyüttüğünde karşısındaki kenarın uzadığını gözlemler.,Beceri,Uygulama,Gözlem ve kayıt,Mat03MK0105; Mat03MK0106,,,PG,Rubrikte yeterli ve üstü,taslak,2026-09-29
Mat03MK0108,03,Üçgenin açılarını ölçülerine göre sıralar.,Beceri,Uygulama,Kural uygulama,Mat03MK0105; Mat03MK0106,,,ÇS,3 maddeden en az 2'si doğru,taslak,2026-09-29
Mat03MK0109,03,Üçgenin kenarlarını uzunluklarına göre sıralar.,Beceri,Uygulama,Kural uygulama,Mat03MK0105; Mat03MK0106,,,ÇS,3 maddeden en az 2'si doğru,taslak,2026-10-01
Mat03MK0110,03,"Büyük açı karşısında büyük kenar, küçük açı karşısında küçük kenar bulunduğu ilişkisini ifade eder.",Bilgi,Anlama,Açıklama ve özetleme,Mat03MK0107; Mat03MK0108; Mat03MK0109,,Mat03YG0013; Mat03YG0014,ÇS,3 maddeden en az 2'si doğru,taslak,2026-09-29
Mat03MK0111,03,Açı ölçüleri verilen üçgenin kenarlarını açı–kenar ilişkisiyle sıralar.,Beceri,Uygulama,Kural uygulama,Mat03MK0110,,Mat03YG0013,ÇS,3 maddeden en az 2'si doğru,taslak,2026-09-29
Mat03MK0112,03,Kenarları verilen üçgenin açılarını açı–kenar ilişkisiyle sıralar.,Beceri,Uygulama,Kural uygulama,Mat03MK0110,,Mat03YG0013,ÇS,3 maddeden en az 2'si doğru,taslak,2026-10-01
Mat03MK0113,03,Verilen üç uzunlukla üçgen oluşturulup oluşturulamayacağına dair varsayımda bulunur.,Beceri,Analiz,Çıkarım ve ilişkilendirme,Mat03MK0052; Mat03MK0053; Mat03MK0054,,,AU,3 maddeden en az 2'si doğru,taslak,2026-09-29
Mat03MK0114,03,"Çubuk, cetvel-pergel ya da yazılımla verilen uzunluklarla üçgen oluşturmayı dener.",Beceri,Uygulama,Beceri uygulama,Mat03MK0113,,,PG,Rubrikte yeterli ve üstü,taslak,2026-09-29
Mat03MK0115,03,Üçgen oluşturabildiği ve oluşturamadığı durumları varsayımlarıyla karşılaştırır.,Beceri,Değerlendirme,Sınama ve değerlendirme,Mat03MK0114,,Mat03YG0015,PG; AU,3 maddeden en az 2'si doğru; PG'de rubrikte yeterli ve üstü,taslak,2026-09-29
Mat03MK0116,03,Bir üçgende herhangi iki kenarın uzunlukları toplamının üçüncü kenardan büyük olduğu önermesini sunar.,Bilgi,Analiz,Çıkarım ve ilişkilendirme,Mat03MK0115,,Mat03YG0016; Mat03YG0015,ÇS,3 maddeden en az 2'si doğru,taslak,2026-09-29
Mat03MK0117,03,Bir üçgende herhangi iki kenarın uzunlukları farkının üçüncü kenardan küçük olduğu önermesini sunar.,Bilgi,Analiz,Çıkarım ve ilişkilendirme,Mat03MK0115,,,ÇS,3 maddeden en az 2'si doğru,taslak,2026-10-01
Mat03MK0118,03,İki kenarı verilen üçgenin üçüncü kenarının alabileceği değer aralığını bulur.,Beceri,Uygulama,Kural uygulama,Mat03MK0116; Mat03MK0117,,Mat03YG0016,ÇS,3 maddeden en az 2'si doğru,taslak,2026-09-29
Mat03MK0119,03,Önermesini karşı örnek ve sınır durum (toplamın üçüncü kenara eşit olması) üzerinden gerekçelendirir.,Beceri,Değerlendirme,Sınama ve değerlendirme,Mat03MK0116,,Mat03YG0016,AU,3 maddeden en az 2'si doğru,taslak,2026-09-29
Mat03MK0120,03,"Bir üçgene eş üçgen oluşturmak için hangi elemanların (kenar, açı) bilinmesinin yeterli olabileceğine dair varsayımda bulunur.",Beceri,Analiz,Çıkarım ve ilişkilendirme,Mat03MK0105,,,AU,3 maddeden en az 2'si doğru,taslak,2026-09-29
Mat03MK0121,03,Araç ya da yazılımla belirli elemanları verilen üçgenleri oluşturur.,Beceri,Uygulama,Beceri uygulama,Mat03MK0120; Mat03MK0052; Mat03MK0022,,,PG,Rubrikte yeterli ve üstü,taslak,2026-09-29
Mat03MK0122,03,Oluşturduğu üçgenleri üst üste koyarak ya da ölçerek varsayımlarıyla karşılaştırır.,Beceri,Değerlendirme,Sınama ve değerlendirme,Mat03MK0121,,Mat03YG0017,PG,Rubrikte yeterli ve üstü,taslak,2026-09-29
Mat03MK0123,03,Kenar-Açı-Kenar eşlik koşulunu önerme olarak ifade eder.,Bilgi,Anlama,Açıklama ve özetleme,Mat03MK0122,,Mat03YG0017; Mat03YG0018,ÇS,3 maddeden en az 2'si doğru,taslak,2026-09-29
Mat03MK0124,03,Açı-Kenar-Açı eşlik koşulunu önerme olarak ifade eder.,Bilgi,Anlama,Açıklama ve özetleme,Mat03MK0122,,Mat03YG0017,ÇS,3 maddeden en az 2'si doğru,taslak,2026-10-01
Mat03MK0125,03,Kenar-Kenar-Kenar eşlik koşulunu önerme olarak ifade eder.,Bilgi,Anlama,Açıklama ve özetleme,Mat03MK0122,,Mat03YG0017,ÇS,3 maddeden en az 2'si doğru,taslak,2026-10-01
Mat03MK0126,03,"İki üçgenin eşliğini ≅ sembolüyle, karşılıklı köşeleri doğru sırada yazarak gösterir.",Beceri,Uygulama,Kural uygulama,Mat03MK0123; Mat03MK0124; Mat03MK0125,,Mat03YG0019,ÇS,3 maddeden en az 2'si doğru,taslak,2026-09-29
Mat03MK0127,03,Verilen iki üçgenin eş olup olmadığını eşlik koşullarını kullanarak inceler ve gerekçelendirir.,Beceri,Değerlendirme,Sınama ve değerlendirme,Mat03MK0123; Mat03MK0124; Mat03MK0125,,Mat03YG0017; Mat03YG0018,ÇS; AU,3 maddeden en az 2'si doğru,taslak,2026-09-29
Mat03MK0128,03,Bir üçgene benzer üçgen oluşturmak için hangi elemanların yeterli olabileceğine dair varsayımda bulunur.,Beceri,Analiz,Çıkarım ve ilişkilendirme,Mat03MK0123; Mat03MK0124; Mat03MK0125,,,AU,3 maddeden en az 2'si doğru,taslak,2026-09-29
Mat03MK0129,03,Araç ya da yazılımla bir üçgeni belirli oranda büyüterek ya da küçülterek benzer üçgenler oluşturur.,Beceri,Uygulama,Beceri uygulama,Mat03MK0128; Mat03MK0052,,,PG,Rubrikte yeterli ve üstü,taslak,2026-09-29
Mat03MK0130,03,Oluşturduğu üçgenlerin karşılıklı açılarını ve kenar oranlarını ölçerek varsayımlarıyla karşılaştırır.,Beceri,Değerlendirme,Sınama ve değerlendirme,Mat03MK0129,,Mat03YG0020,PG,Rubrikte yeterli ve üstü,taslak,2026-09-29
Mat03MK0131,03,"Benzerliği karşılıklı açıların eş, karşılıklı kenarların orantılı olması olarak ifade eder.",Bilgi,Anlama,Açıklama ve özetleme,Mat03MK0130,,Mat03YG0020,ÇS,3 maddeden en az 2'si doğru,taslak,2026-09-29
Mat03MK0132,03,Benzerlik oranını tanımlar.,Bilgi,Hatırlama,Tanıma ve hatırlama,Mat03MK0130,,,ÇS,3 maddeden en az 2'si doğru,taslak,2026-10-01
Mat03MK0133,03,Açı-Açı benzerlik koşulunu önerme olarak ifade eder.,Bilgi,Anlama,Açıklama ve özetleme,Mat03MK0131,,,ÇS,3 maddeden en az 2'si doğru,taslak,2026-09-29
Mat03MK0134,03,Kenar-Açı-Kenar benzerlik koşulunu önerme olarak ifade eder.,Bilgi,Anlama,Açıklama ve özetleme,Mat03MK0131,,,ÇS,3 maddeden en az 2'si doğru,taslak,2026-10-01
Mat03MK0135,03,Kenar-Kenar-Kenar benzerlik koşulunu önerme olarak ifade eder.,Bilgi,Anlama,Açıklama ve özetleme,Mat03MK0131,,,ÇS,3 maddeden en az 2'si doğru,taslak,2026-10-01
Mat03MK0136,03,Eşliği benzerlik oranı 1 olan özel bir benzerlik durumu olarak açıklar.,Bilgi,Analiz,Çıkarım ve ilişkilendirme,Mat03MK0132; Mat03MK0123; Mat03MK0124; Mat03MK0125,,Mat03YG0021,ÇS,3 maddeden en az 2'si doğru,taslak,2026-09-29
Mat03MK0137,03,Benzerlik oranını kullanarak benzer üçgenlerde bilinmeyen kenar uzunluğunu bulur.,Beceri,Uygulama,Kural uygulama,Mat03MK0132,,Mat03YG0020,ÇS,3 maddeden en az 2'si doğru,taslak,2026-09-29
Mat03MK0138,03,Verilen iki üçgenin benzer olup olmadığını benzerlik koşullarıyla inceler.,Beceri,Değerlendirme,Sınama ve değerlendirme,Mat03MK0133; Mat03MK0134; Mat03MK0135,,,ÇS; AU,3 maddeden en az 2'si doğru,taslak,2026-09-29
Mat03MK0139,03,"İki üçgenin benzerliğini ~ sembolüyle, karşılıklı köşeleri doğru sırada yazarak gösterir.",Beceri,Değerlendirme,Sınama ve değerlendirme,Mat03MK0133; Mat03MK0134; Mat03MK0135,,,ÇS; AU,3 maddeden en az 2'si doğru,taslak,2026-10-01
Mat03MK0140,03,"a² + b² = c² eşitliğini sağlayan sayı üçlülerini (3-4-5, 6-8-10, 5-12-13 gibi) inceler ve belirler.",Beceri,Uygulama,Kural uygulama,Mat01MK0176; Mat01MK0213,,,ÇS,3 maddeden en az 2'si doğru,taslak,2026-09-29
Mat03MK0141,03,Dik üçgende hipotenüsü dik açının karşısındaki en uzun kenar olarak belirler.,Bilgi,Anlama,Tanıma ve hatırlama,Mat03MK0110,,Mat03YG0022,ÇS,3 maddeden en az 2'si doğru,taslak,2026-09-29
Mat03MK0142,03,Bu uzunluklarla oluşturduğu üçgenlerin dik üçgen olduğunu gözlemler.,Beceri,Uygulama,Gözlem ve kayıt,Mat03MK0140; Mat03MK0052; Mat03MK0021,,,PG,Rubrikte yeterli ve üstü,taslak,2026-09-29
Mat03MK0143,03,Pisagor bağıntısını kullanarak dik üçgende bilinmeyen kenar uzunluğunu hesaplar.,Beceri,Uygulama,Kural uygulama,Mat03MK0142; Mat03MK0141; Mat01MK0213,,Mat03YG0023,ÇS,3 maddeden en az 2'si doğru,taslak,2026-09-29
Mat03MK0144,03,En uzun kenar c için c² = a² + b² ise üçgenin dik üçgen olduğunu açı–kenar ilişkisiyle açıklar.,Bilgi,Analiz,Çıkarım ve ilişkilendirme,Mat03MK0143; Mat03MK0110,,Mat03YG0024,ÇS; AU,3 maddeden en az 2'si doğru,taslak,2026-09-29
Mat03MK0145,03,En uzun kenar c için c² > a² + b² ise üçgenin geniş açılı olduğunu açı–kenar ilişkisiyle açıklar.,Bilgi,Analiz,Çıkarım ve ilişkilendirme,Mat03MK0143; Mat03MK0110,,,ÇS; AU,3 maddeden en az 2'si doğru,taslak,2026-10-01
Mat03MK0146,03,En uzun kenar c için c² < a² + b² ise üçgenin dar açılı olduğunu açı–kenar ilişkisiyle açıklar.,Bilgi,Analiz,Çıkarım ve ilişkilendirme,Mat03MK0143; Mat03MK0110,,,ÇS; AU,3 maddeden en az 2'si doğru,taslak,2026-10-01
Mat03MK0147,03,Açı-kenar ilişkisi içeren üçgen problemlerinde bileşenleri ve aralarındaki ilişkileri belirleyerek problemi şekil ya da denklemle temsil eder ve kendi ifadeleriyle açıklar.,Beceri,Uygulama,Dönüştürme,Mat03MK0105; Mat03MK0106; Mat03MK0110,,,AU,3 maddeden en az 2'si doğru,taslak,2026-09-29
Mat03MK0148,03,Üçgen eşitsizliği içeren üçgen problemlerinde bileşenleri ve aralarındaki ilişkileri belirleyerek problemi şekil ya da denklemle temsil eder ve kendi ifadeleriyle açıklar.,Beceri,Uygulama,Dönüştürme,Mat03MK0116; Mat03MK0117,,,AU,3 maddeden en az 2'si doğru,taslak,2026-10-01
Mat03MK0149,03,Pisagor bağıntısı içeren üçgen problemlerinde bileşenleri ve aralarındaki ilişkileri belirleyerek problemi şekil ya da denklemle temsil eder ve kendi ifadeleriyle açıklar.,Beceri,Uygulama,Dönüştürme,Mat03MK0144; Mat03MK0145; Mat03MK0146,,,AU,3 maddeden en az 2'si doğru,taslak,2026-10-01
Mat03MK0150,03,Açı-kenar ilişkisi içeren üçgen problemleri için strateji geliştirip uygulayarak problemi çözer.,Beceri,Uygulama,Transfer ve problem çözme,Mat03MK0111; Mat03MK0112; Mat03MK0147,,Mat03YG0016; Mat03YG0023,ÇS; AU,3 maddeden en az 2'si doğru,taslak,2026-09-29
Mat03MK0151,03,Üçgen eşitsizliği içeren üçgen problemleri için strateji geliştirip uygulayarak problemi çözer.,Beceri,Uygulama,Transfer ve problem çözme,Mat03MK0118; Mat03MK0148,,Mat03YG0016; Mat03YG0023,ÇS; AU,3 maddeden en az 2'si doğru,taslak,2026-10-01
Mat03MK0152,03,Pisagor bağıntısı içeren üçgen problemleri için strateji geliştirip uygulayarak problemi çözer.,Beceri,Uygulama,Transfer ve problem çözme,Mat03MK0143; Mat03MK0149,,Mat03YG0016; Mat03YG0023,ÇS; AU,3 maddeden en az 2'si doğru,taslak,2026-10-01
Mat03MK0153,03,"Açı-kenar ilişkisi içeren üçgen probleminin çözümünü kontrol eder, gerekirse stratejisini değiştirir ve kısa yolları değerlendirir.",Beceri,Değerlendirme,Sınama ve değerlendirme,Mat03MK0150,,,AU,3 maddeden en az 2'si doğru,taslak,2026-09-29
Mat03MK0154,03,"Üçgen eşitsizliği içeren üçgen probleminin çözümünü kontrol eder, gerekirse stratejisini değiştirir ve kısa yolları değerlendirir.",Beceri,Değerlendirme,Sınama ve değerlendirme,Mat03MK0151,,,AU,3 maddeden en az 2'si doğru,taslak,2026-10-01
Mat03MK0155,03,"Pisagor bağıntısı içeren üçgen probleminin çözümünü kontrol eder, gerekirse stratejisini değiştirir ve kısa yolları değerlendirir.",Beceri,Değerlendirme,Sınama ve değerlendirme,Mat03MK0152; Mat03MK0140,,,AU,3 maddeden en az 2'si doğru,taslak,2026-10-01
Mat03MK0156,03,Açı-kenar ilişkisi içeren üçgen problemlerinde kullandığı stratejiyi farklı problemlere genelleştirir ve genellemenin geçerliliğini yeni örneklerle değerlendirir.,Beceri,Analiz,Çıkarım ve ilişkilendirme,Mat03MK0153,,,AU,3 maddeden en az 2'si doğru,taslak,2026-09-29
Mat03MK0157,03,Üçgen eşitsizliği içeren üçgen problemlerinde kullandığı stratejiyi farklı problemlere genelleştirir ve genellemenin geçerliliğini yeni örneklerle değerlendirir.,Beceri,Analiz,Çıkarım ve ilişkilendirme,Mat03MK0154,,,AU,3 maddeden en az 2'si doğru,taslak,2026-10-01
Mat03MK0158,03,Pisagor bağıntısı içeren üçgen problemlerinde kullandığı stratejiyi farklı problemlere genelleştirir ve genellemenin geçerliliğini yeni örneklerle değerlendirir.,Beceri,Analiz,Çıkarım ve ilişkilendirme,Mat03MK0155,,,AU,3 maddeden en az 2'si doğru,taslak,2026-10-01
Mat03MK0159,03,Üçgende iç açılar toplamının 180° olduğunu paralellik yardımıyla ispatlar.,Beceri,Analiz,Model kurma,Mat03MK0069; Mat03MK0062,,,AU,3 maddeden en az 2'si doğru,taslak,2026-10-01
Mat03MK0160,03,"Bir dış açının, kendisine komşu olmayan iki iç açının toplamına eşit olduğunu ispatlar.",Beceri,Analiz,Model kurma,Mat03MK0159,,Mat03YG0025,AU,3 maddeden en az 2'si doğru,taslak,2026-10-01
Mat03MK0161,03,Üçgende büyük açı karşısında büyük kenar bulunduğunu ispatlar.,Beceri,Analiz,Model kurma,Mat03MK0159; Mat03MK0110,,,AU,3 maddeden en az 2'si doğru,taslak,2026-10-01
Mat03MK0162,03,Üçgen eşitsizliğini ispatlar.,Beceri,Analiz,Model kurma,Mat03MK0161; Mat03MK0116; Mat03MK0117,,,AU,3 maddeden en az 2'si doğru,taslak,2026-10-01
Mat03MK0163,03,Üçgende iç açı özelliklerini kullanarak bilinmeyen açıları hesaplar.,Beceri,Uygulama,Kural uygulama,Mat03MK0159,,,ÇS,3 maddeden en az 2'si doğru,taslak,2026-10-01
Mat03MK0164,03,Üçgende dış açı özelliğini kullanarak bilinmeyen açıları hesaplar.,Beceri,Uygulama,Kural uygulama,Mat03MK0160,,Mat03YG0025,ÇS,3 maddeden en az 2'si doğru,taslak,2026-10-01
Mat03MK0165,03,Üçgenle ilgili ispatlarını çokgenin iç açıları toplamı gibi yeni durumlara uyarlayarak değerlendirir.,Beceri,Uygulama,Transfer ve problem çözme,Mat03MK0160; Mat03MK0162,,,AU,3 maddeden en az 2'si doğru,taslak,2026-10-01
Mat03MK0166,03,Dik üçgende sinüs oranını kenar oranı olarak tanımlar.,Bilgi,Anlama,Tanıma ve hatırlama,Mat03MK0137; Mat03MK0141,,,ÇS,3 maddeden en az 2'si doğru,taslak,2026-10-01
Mat03MK0167,03,Dik üçgende kosinüs oranını kenar oranı olarak tanımlar.,Bilgi,Anlama,Tanıma ve hatırlama,Mat03MK0137; Mat03MK0141,,,ÇS,3 maddeden en az 2'si doğru,taslak,2026-10-01
Mat03MK0168,03,Dik üçgende tanjant oranını kenar oranı olarak tanımlar.,Bilgi,Anlama,Tanıma ve hatırlama,Mat03MK0137; Mat03MK0141,,,ÇS,3 maddeden en az 2'si doğru,taslak,2026-10-01
Mat03MK0169,03,Dik üçgende kotanjant oranını kenar oranı olarak tanımlar.,Bilgi,Anlama,Tanıma ve hatırlama,Mat03MK0137; Mat03MK0141,,,ÇS,3 maddeden en az 2'si doğru,taslak,2026-10-01
Mat03MK0170,03,Dik üçgendeki trigonometrik oranlar arasındaki ilişkilere ilişkin varsayımda bulunup örneklerden genelleme yapar.,Bilgi,Analiz,Çıkarım ve ilişkilendirme,Mat03MK0166; Mat03MK0167; Mat03MK0168; Mat03MK0169,,Mat03YG0026,AU,3 maddeden en az 2'si doğru,taslak,2026-10-01
Mat03MK0171,03,sin²x + cos²x = 1 özdeşliğine ilişkin varsayımda bulunup örneklerden genelleme yapar.,Bilgi,Analiz,Çıkarım ve ilişkilendirme,Mat03MK0166; Mat03MK0167; Mat03MK0143,,,AU,3 maddeden en az 2'si doğru,taslak,2026-10-01
Mat03MK0172,03,Dik üçgendeki trigonometrik oranlar arasındaki ilişkilere ilişkin genellemelerini varsayımlarıyla karşılaştırarak önerme olarak sunar.,Beceri,Değerlendirme,Sınama ve değerlendirme,Mat03MK0170,,,AU,3 maddeden en az 2'si doğru,taslak,2026-10-01
Mat03MK0173,03,Dik üçgendeki sin²x + cos²x = 1 özdeşliğine ilişkin genellemelerini varsayımlarıyla karşılaştırarak önerme olarak sunar.,Beceri,Değerlendirme,Sınama ve değerlendirme,Mat03MK0171,,,AU,3 maddeden en az 2'si doğru,taslak,2026-10-01
Mat03MK0174,03,Tümler açıların trigonometrik oranları arasındaki ilişkiyi (sin x = cos(90° − x)) kullanır.,Beceri,Uygulama,Kural uygulama,Mat03MK0166; Mat03MK0167; Mat03MK0168; Mat03MK0169,,,ÇS,3 maddeden en az 2'si doğru,taslak,2026-10-01
Mat03MK0175,03,Dik üçgendeki trigonometrik oranlar arasındaki ilişkilere ilişkin önermeleri problem durumlarında kullanarak kullanışlılığını değerlendirir.,Beceri,Uygulama,Transfer ve problem çözme,Mat03MK0172,,,AU,3 maddeden en az 2'si doğru,taslak,2026-10-01
Mat03MK0176,03,Dik üçgendeki sin²x + cos²x = 1 özdeşliğine ilişkin önermeleri problem durumlarında kullanarak kullanışlılığını değerlendirir.,Beceri,Uygulama,Transfer ve problem çözme,Mat03MK0173,,,AU,3 maddeden en az 2'si doğru,taslak,2026-10-01
Mat03MK0177,03,30° açısının trigonometrik değerlerini kullanarak dik üçgende bilinmeyen kenar ve açıları hesaplar.,Beceri,Uygulama,Kural uygulama,Mat03MK0166; Mat03MK0167; Mat03MK0168,,Mat03YG0026,ÇS,3 maddeden en az 2'si doğru,taslak,2026-10-01
Mat03MK0178,03,45° açısının trigonometrik değerlerini kullanarak dik üçgende bilinmeyen kenar ve açıları hesaplar.,Beceri,Uygulama,Kural uygulama,Mat03MK0166; Mat03MK0167; Mat03MK0168,,Mat03YG0026,ÇS,3 maddeden en az 2'si doğru,taslak,2026-10-01
Mat03MK0179,03,60° açısının trigonometrik değerlerini kullanarak dik üçgende bilinmeyen kenar ve açıları hesaplar.,Beceri,Uygulama,Kural uygulama,Mat03MK0166; Mat03MK0167; Mat03MK0168,,Mat03YG0026,ÇS,3 maddeden en az 2'si doğru,taslak,2026-10-01
Mat03MK0180,03,Bir dar açının trigonometrik oranlarından biri verildiğinde diğerlerini bulur.,Beceri,Uygulama,Kural uygulama,Mat03MK0166; Mat03MK0167; Mat03MK0168; Mat03MK0143,,,ÇS,3 maddeden en az 2'si doğru,taslak,2026-10-01
Mat03MK0181,03,Üçgenin iç açıortaylarının özelliklerine ilişkin varsayımda bulunup genelleme yapar.,Bilgi,Analiz,Çıkarım ve ilişkilendirme,Mat03MK0099,,,AU,3 maddeden en az 2'si doğru,taslak,2026-10-01
Mat03MK0182,03,Üçgenin dış açıortaylarının özelliklerine ilişkin varsayımda bulunup genelleme yapar.,Bilgi,Analiz,Çıkarım ve ilişkilendirme,Mat03MK0099,,,AU,3 maddeden en az 2'si doğru,taslak,2026-10-01
Mat03MK0183,03,Üçgenin kenarortaylarının özelliklerine ilişkin varsayımda bulunup genelleme yapar.,Bilgi,Analiz,Çıkarım ve ilişkilendirme,Mat03MK0098; Mat03MK0103,,Mat03YG0027,AU,3 maddeden en az 2'si doğru,taslak,2026-10-01
Mat03MK0184,03,Üçgenin kenar orta dikmelerinin özelliklerine ilişkin varsayımda bulunup genelleme yapar.,Bilgi,Analiz,Çıkarım ve ilişkilendirme,Mat05MK0012,,,AU,3 maddeden en az 2'si doğru,taslak,2026-10-01
Mat03MK0185,03,Üçgenin yüksekliklerinin özelliklerine ilişkin varsayımda bulunup genelleme yapar.,Bilgi,Analiz,Çıkarım ve ilişkilendirme,Mat03MK0095; Mat03MK0096; Mat03MK0097,,,AU,3 maddeden en az 2'si doğru,taslak,2026-10-01
Mat03MK0186,03,Üçgenin iç açıortaylarının özelliklerine ilişkin genellemelerini varsayımlarıyla karşılaştırarak önerme olarak sunar.,Beceri,Değerlendirme,Sınama ve değerlendirme,Mat03MK0181,,,AU,3 maddeden en az 2'si doğru,taslak,2026-10-01
Mat03MK0187,03,Üçgenin dış açıortaylarının özelliklerine ilişkin genellemelerini varsayımlarıyla karşılaştırarak önerme olarak sunar.,Beceri,Değerlendirme,Sınama ve değerlendirme,Mat03MK0182,,,AU,3 maddeden en az 2'si doğru,taslak,2026-10-01
Mat03MK0188,03,Üçgenin kenarortaylarının özelliklerine ilişkin genellemelerini varsayımlarıyla karşılaştırarak önerme olarak sunar.,Beceri,Değerlendirme,Sınama ve değerlendirme,Mat03MK0183,,,AU,3 maddeden en az 2'si doğru,taslak,2026-10-01
Mat03MK0189,03,Üçgenin kenar orta dikmelerinin özelliklerine ilişkin genellemelerini varsayımlarıyla karşılaştırarak önerme olarak sunar.,Beceri,Değerlendirme,Sınama ve değerlendirme,Mat03MK0184,,,AU,3 maddeden en az 2'si doğru,taslak,2026-10-01
Mat03MK0190,03,Üçgenin yüksekliklerinin özelliklerine ilişkin genellemelerini varsayımlarıyla karşılaştırarak önerme olarak sunar.,Beceri,Değerlendirme,Sınama ve değerlendirme,Mat03MK0185,,,AU,3 maddeden en az 2'si doğru,taslak,2026-10-01
Mat03MK0191,03,Kenar orta dikmelerin kesişim noktasının çevrel çemberin merkezi olduğunu belirler.,Bilgi,Analiz,Ayırt etme ve sınıflama,Mat03MK0189,,,ÇS,3 maddeden en az 2'si doğru,taslak,2026-10-01
Mat03MK0192,03,Açıortayların kesişim noktasının iç teğet çemberin merkezi olduğunu belirler.,Bilgi,Analiz,Ayırt etme ve sınıflama,Mat03MK0186,,,ÇS,3 maddeden en az 2'si doğru,taslak,2026-10-01
Mat03MK0193,03,Üçgenin iç açıortaylarının özelliklerine ilişkin önermeleri problem durumlarında kullanarak kullanışlılığını değerlendirir.,Beceri,Uygulama,Transfer ve problem çözme,Mat03MK0186,,,AU,3 maddeden en az 2'si doğru,taslak,2026-10-01
Mat03MK0194,03,Üçgenin dış açıortaylarının özelliklerine ilişkin önermeleri problem durumlarında kullanarak kullanışlılığını değerlendirir.,Beceri,Uygulama,Transfer ve problem çözme,Mat03MK0187,,,AU,3 maddeden en az 2'si doğru,taslak,2026-10-01
Mat03MK0195,03,Üçgenin kenarortaylarının özelliklerine ilişkin önermeleri problem durumlarında kullanarak kullanışlılığını değerlendirir.,Beceri,Uygulama,Transfer ve problem çözme,Mat03MK0188,,,AU,3 maddeden en az 2'si doğru,taslak,2026-10-01
Mat03MK0196,03,Üçgenin kenar orta dikmelerinin özelliklerine ilişkin önermeleri problem durumlarında kullanarak kullanışlılığını değerlendirir.,Beceri,Uygulama,Transfer ve problem çözme,Mat03MK0189,,,AU,3 maddeden en az 2'si doğru,taslak,2026-10-01
Mat03MK0197,03,Üçgenin yüksekliklerinin özelliklerine ilişkin önermeleri problem durumlarında kullanarak kullanışlılığını değerlendirir.,Beceri,Uygulama,Transfer ve problem çözme,Mat03MK0190,,,AU,3 maddeden en az 2'si doğru,taslak,2026-10-01
Mat03MK0198,03,İç açıortay teoremiyle bilinmeyen kenar uzunluklarını hesaplar.,Beceri,Uygulama,Kural uygulama,Mat03MK0186; Mat08MK0011,,,ÇS,3 maddeden en az 2'si doğru,taslak,2026-10-01
Mat03MK0199,03,Dış açıortay teoremiyle bilinmeyen kenar uzunluklarını hesaplar.,Beceri,Uygulama,Kural uygulama,Mat03MK0187; Mat08MK0011,,,ÇS,3 maddeden en az 2'si doğru,taslak,2026-10-01
Mat03MK0200,03,Ağırlık merkezinin kenarortayı 2 : 1 oranında böldüğünü kullanarak uzunluk hesaplar.,Beceri,Uygulama,Kural uygulama,Mat03MK0188,,Mat03YG0027,ÇS,3 maddeden en az 2'si doğru,taslak,2026-10-01
Mat03MK0201,03,Üçgenin bir kenarı değiştiğinde alanının değişimine ilişkin varsayımda bulunup örneklerden genelleme yapar.,Bilgi,Analiz,Çıkarım ve ilişkilendirme,Mat04MK0036,,Mat03YG0028,AU,3 maddeden en az 2'si doğru,taslak,2026-10-01
Mat03MK0202,03,Üçgenin bir kenara ait yüksekliği değiştiğinde alanının değişimine ilişkin varsayımda bulunup örneklerden genelleme yapar.,Bilgi,Analiz,Çıkarım ve ilişkilendirme,Mat04MK0036,,Mat03YG0028,AU,3 maddeden en az 2'si doğru,taslak,2026-10-01
Mat03MK0203,03,Üçgenin bir kenarı değiştiğinde alanının değişimine ilişkin genellemelerini varsayımlarıyla karşılaştırarak önerme olarak sunar.,Beceri,Değerlendirme,Sınama ve değerlendirme,Mat03MK0201,,,AU,3 maddeden en az 2'si doğru,taslak,2026-10-01
Mat03MK0204,03,Üçgenin bir kenara ait yüksekliği değiştiğinde alanının değişimine ilişkin genellemelerini varsayımlarıyla karşılaştırarak önerme olarak sunar.,Beceri,Değerlendirme,Sınama ve değerlendirme,Mat03MK0202,,,AU,3 maddeden en az 2'si doğru,taslak,2026-10-01
Mat03MK0205,03,Üçgenin bir kenarı değiştiğinde alanının değişimine ilişkin önermeleri problem durumlarında kullanarak kullanışlılığını değerlendirir.,Beceri,Uygulama,Transfer ve problem çözme,Mat03MK0203,,,AU,3 maddeden en az 2'si doğru,taslak,2026-10-01
Mat03MK0206,03,Üçgenin bir kenara ait yüksekliği değiştiğinde alanının değişimine ilişkin önermeleri problem durumlarında kullanarak kullanışlılığını değerlendirir.,Beceri,Uygulama,Transfer ve problem çözme,Mat03MK0204,,,AU,3 maddeden en az 2'si doğru,taslak,2026-10-01
Mat03MK0207,03,Üçgenin alanını iki kenar ve aralarındaki açının sinüsüyle (½ · a · b · sin C) hesaplar.,Beceri,Uygulama,Kural uygulama,Mat03MK0166; Mat04MK0036,,,ÇS,3 maddeden en az 2'si doğru,taslak,2026-10-01
Mat03MK0208,03,Yükseklikleri eşit üçgenlerin alanları oranının tabanları oranına eşit olduğunu kullanır.,Beceri,Uygulama,Kural uygulama,Mat03MK0204,,Mat03YG0028,ÇS,3 maddeden en az 2'si doğru,taslak,2026-10-01
Mat03MK0209,03,Sinüs teoremini farklı yollarla doğrular ya da ispatlar.,Beceri,Analiz,Model kurma,Mat03MK0207,,,AU,3 maddeden en az 2'si doğru,taslak,2026-10-01
Mat03MK0210,03,Kosinüs teoremini farklı yollarla doğrular ya da ispatlar.,Beceri,Analiz,Model kurma,Mat03MK0143; Mat03MK0167,,Mat03YG0029,AU,3 maddeden en az 2'si doğru,taslak,2026-10-01
Mat03MK0211,03,Sinüs teoremiyle üçgende bilinmeyen kenar ve açıları hesaplar.,Beceri,Uygulama,Kural uygulama,Mat03MK0209,,,ÇS,3 maddeden en az 2'si doğru,taslak,2026-10-01
Mat03MK0212,03,Kosinüs teoremiyle üçgende bilinmeyen kenar ya da açıyı hesaplar.,Beceri,Uygulama,Kural uygulama,Mat03MK0210,,Mat03YG0029,ÇS,3 maddeden en az 2'si doğru,taslak,2026-10-01
Mat03MK0213,03,Sinüs teoremini uzaklık ölçme gibi yeni durumlara uyarlar.,Beceri,Uygulama,Transfer ve problem çözme,Mat03MK0211,,,AU,3 maddeden en az 2'si doğru,taslak,2026-10-01
Mat03MK0214,03,Kosinüs teoremini uzaklık ölçme gibi yeni durumlara uyarlar.,Beceri,Uygulama,Transfer ve problem çözme,Mat03MK0212,,,AU,3 maddeden en az 2'si doğru,taslak,2026-10-01
Mat03MK0215,03,Dörtgenlerin kenar özelliklerine ilişkin varsayımda bulunup genelleme yapar.,Bilgi,Analiz,Çıkarım ve ilişkilendirme,Mat03MK0079,,,AU,3 maddeden en az 2'si doğru,taslak,2026-10-01
Mat03MK0216,03,Dörtgenlerin açı özelliklerine ilişkin varsayımda bulunup genelleme yapar.,Bilgi,Analiz,Çıkarım ve ilişkilendirme,Mat03MK0079; Mat03MK0073,,,AU,3 maddeden en az 2'si doğru,taslak,2026-10-01
Mat03MK0217,03,Dörtgenlerin köşegen özelliklerine ilişkin varsayımda bulunup genelleme yapar.,Bilgi,Analiz,Çıkarım ve ilişkilendirme,Mat03MK0086,,Mat03YG0030,AU,3 maddeden en az 2'si doğru,taslak,2026-10-01
Mat03MK0218,03,Dörtgenlerin simetri özelliklerine ilişkin varsayımda bulunup genelleme yapar.,Bilgi,Analiz,Çıkarım ve ilişkilendirme,Mat03MK0079; Mat05MK0006,,,AU,3 maddeden en az 2'si doğru,taslak,2026-10-01
Mat03MK0219,03,Dörtgenlerin alan özelliklerine ilişkin varsayımda bulunup genelleme yapar.,Bilgi,Analiz,Çıkarım ve ilişkilendirme,Mat04MK0035; Mat04MK0110; Mat04MK0111,,,AU,3 maddeden en az 2'si doğru,taslak,2026-10-01
Mat03MK0220,03,Dörtgenlerin kenar özelliklerine ilişkin genellemelerini varsayımlarıyla karşılaştırarak önerme olarak sunar.,Beceri,Değerlendirme,Sınama ve değerlendirme,Mat03MK0215,,,AU,3 maddeden en az 2'si doğru,taslak,2026-10-01
Mat03MK0221,03,Dörtgenlerin açı özelliklerine ilişkin genellemelerini varsayımlarıyla karşılaştırarak önerme olarak sunar.,Beceri,Değerlendirme,Sınama ve değerlendirme,Mat03MK0216,,,AU,3 maddeden en az 2'si doğru,taslak,2026-10-01
Mat03MK0222,03,Dörtgenlerin köşegen özelliklerine ilişkin genellemelerini varsayımlarıyla karşılaştırarak önerme olarak sunar.,Beceri,Değerlendirme,Sınama ve değerlendirme,Mat03MK0217,,,AU,3 maddeden en az 2'si doğru,taslak,2026-10-01
Mat03MK0223,03,Dörtgenlerin simetri özelliklerine ilişkin genellemelerini varsayımlarıyla karşılaştırarak önerme olarak sunar.,Beceri,Değerlendirme,Sınama ve değerlendirme,Mat03MK0218,,,AU,3 maddeden en az 2'si doğru,taslak,2026-10-01
Mat03MK0224,03,Dörtgenlerin alan özelliklerine ilişkin genellemelerini varsayımlarıyla karşılaştırarak önerme olarak sunar.,Beceri,Değerlendirme,Sınama ve değerlendirme,Mat03MK0219,,,AU,3 maddeden en az 2'si doğru,taslak,2026-10-01
Mat03MK0225,03,Dörtgenlerin kenar özelliklerine ilişkin önermeleri problem durumlarında kullanarak kullanışlılığını değerlendirir.,Beceri,Uygulama,Transfer ve problem çözme,Mat03MK0220,,,AU,3 maddeden en az 2'si doğru,taslak,2026-10-01
Mat03MK0226,03,Dörtgenlerin açı özelliklerine ilişkin önermeleri problem durumlarında kullanarak kullanışlılığını değerlendirir.,Beceri,Uygulama,Transfer ve problem çözme,Mat03MK0221,,,AU,3 maddeden en az 2'si doğru,taslak,2026-10-01
Mat03MK0227,03,Dörtgenlerin köşegen özelliklerine ilişkin önermeleri problem durumlarında kullanarak kullanışlılığını değerlendirir.,Beceri,Uygulama,Transfer ve problem çözme,Mat03MK0222,,,AU,3 maddeden en az 2'si doğru,taslak,2026-10-01
Mat03MK0228,03,Dörtgenlerin simetri özelliklerine ilişkin önermeleri problem durumlarında kullanarak kullanışlılığını değerlendirir.,Beceri,Uygulama,Transfer ve problem çözme,Mat03MK0223,,,AU,3 maddeden en az 2'si doğru,taslak,2026-10-01
Mat03MK0229,03,Dörtgenlerin alan özelliklerine ilişkin önermeleri problem durumlarında kullanarak kullanışlılığını değerlendirir.,Beceri,Uygulama,Transfer ve problem çözme,Mat03MK0224,,,AU,3 maddeden en az 2'si doğru,taslak,2026-10-01
Mat03MK0230,03,"Paralelkenarın kenar, açı ve köşegen özelliklerini kullanarak uzunluk ve açı hesaplar.",Beceri,Uygulama,Kural uygulama,Mat03MK0220; Mat03MK0221; Mat03MK0222,,,ÇS,3 maddeden en az 2'si doğru,taslak,2026-10-01
Mat03MK0231,03,Dikdörtgenin özelliklerini kullanarak uzunluk ve açı hesaplar.,Beceri,Uygulama,Kural uygulama,Mat03MK0220; Mat03MK0221; Mat03MK0222,,Mat03YG0030,ÇS,3 maddeden en az 2'si doğru,taslak,2026-10-01
Mat03MK0232,03,Eşkenar dörtgenin özelliklerini kullanarak uzunluk ve açı hesaplar.,Beceri,Uygulama,Kural uygulama,Mat03MK0220; Mat03MK0221; Mat03MK0222,,,ÇS,3 maddeden en az 2'si doğru,taslak,2026-10-01
Mat03MK0233,03,Karenin özelliklerini kullanarak uzunluk ve açı hesaplar.,Beceri,Uygulama,Kural uygulama,Mat03MK0220; Mat03MK0221; Mat03MK0222,,,ÇS,3 maddeden en az 2'si doğru,taslak,2026-10-01
Mat03MK0234,03,Yamuğun özelliklerini kullanarak uzunluk ve açı hesaplar.,Beceri,Uygulama,Kural uygulama,Mat03MK0220; Mat03MK0221; Mat03MK0222,,,ÇS,3 maddeden en az 2'si doğru,taslak,2026-10-01
Mat03MK0235,03,Deltoidin özelliklerini kullanarak uzunluk ve açı hesaplar.,Beceri,Uygulama,Kural uygulama,Mat03MK0220; Mat03MK0221; Mat03MK0222,,,ÇS,3 maddeden en az 2'si doğru,taslak,2026-10-01
Mat03MK0236,03,Dörtgenin alanını köşegenler ve aralarındaki açıyla hesaplar.,Beceri,Uygulama,Kural uygulama,Mat03MK0222; Mat03MK0207,,,ÇS,3 maddeden en az 2'si doğru,taslak,2026-10-01
Mat03MK0237,03,Dörtgenin alanını üçgenlere ayırarak hesaplar.,Beceri,Uygulama,Kural uygulama,Mat04MK0036; Mat03MK0207,,,ÇS,3 maddeden en az 2'si doğru,taslak,2026-10-01
Mat03MK0238,03,Dörtgenlerin kenar özelliklerine ilişkin önermeleri matematiksel doğrulama ya da ispat yöntemleriyle doğrular.,Beceri,Analiz,Model kurma,Mat03MK0220,,,AU,3 maddeden en az 2'si doğru,taslak,2026-10-01
Mat03MK0239,03,Dörtgenlerin açı özelliklerine ilişkin önermeleri matematiksel doğrulama ya da ispat yöntemleriyle doğrular.,Beceri,Analiz,Model kurma,Mat03MK0221,,,AU,3 maddeden en az 2'si doğru,taslak,2026-10-01
Mat03MK0240,03,Dörtgenlerin köşegen özelliklerine ilişkin önermeleri matematiksel doğrulama ya da ispat yöntemleriyle doğrular.,Beceri,Analiz,Model kurma,Mat03MK0222,,,AU,3 maddeden en az 2'si doğru,taslak,2026-10-01
Mat03MK0241,03,Dörtgenlerin simetri özelliklerine ilişkin önermeleri matematiksel doğrulama ya da ispat yöntemleriyle doğrular.,Beceri,Analiz,Model kurma,Mat03MK0223,,,AU,3 maddeden en az 2'si doğru,taslak,2026-10-01
Mat03MK0242,03,Dörtgenlerin alan özelliklerine ilişkin önermeleri matematiksel doğrulama ya da ispat yöntemleriyle doğrular.,Beceri,Analiz,Model kurma,Mat03MK0224,,,AU,3 maddeden en az 2'si doğru,taslak,2026-10-01
Mat03MK0243,03,"Yamuk, paralelkenar, eşkenar dörtgen, dikdörtgen, kare ve deltoid arasındaki hiyerarşik ilişkileri özelliklerine dayanarak ortaya koyar ve bir şemayla bütünleştirir.",Bilgi,Analiz,Çıkarım ve ilişkilendirme,Mat03MK0220; Mat03MK0221; Mat03MK0222; Mat03MK0079,,Mat03YG0009,AU,3 maddeden en az 2'si doğru,taslak,2026-10-01
Mat03MK0244,03,Çokgenleri ölçütlerine göre içbükey ve dışbükey olarak sınıflandırır.,Bilgi,Analiz,Ayırt etme ve sınıflama,Mat03MK0043,,Mat03YG0031,ÇS,3 maddeden en az 2'si doğru,taslak,2026-10-01
Mat03MK0245,03,Dışbükey çokgenlerin kenar özelliklerine ilişkin varsayımda bulunup genelleme yapar.,Bilgi,Analiz,Çıkarım ve ilişkilendirme,Mat03MK0244,,,AU,3 maddeden en az 2'si doğru,taslak,2026-10-01
Mat03MK0246,03,Dışbükey çokgenlerin açı özelliklerine ilişkin varsayımda bulunup genelleme yapar.,Bilgi,Analiz,Çıkarım ve ilişkilendirme,Mat03MK0244; Mat03MK0165,,Mat03YG0032,AU,3 maddeden en az 2'si doğru,taslak,2026-10-01
Mat03MK0247,03,Dışbükey çokgenlerin köşegen sayısına ilişkin varsayımda bulunup genelleme yapar.,Bilgi,Analiz,Çıkarım ve ilişkilendirme,Mat03MK0244,,,AU,3 maddeden en az 2'si doğru,taslak,2026-10-01
Mat03MK0248,03,Dışbükey çokgenlerin simetri özelliklerine ilişkin varsayımda bulunup genelleme yapar.,Bilgi,Analiz,Çıkarım ve ilişkilendirme,Mat03MK0244,,,AU,3 maddeden en az 2'si doğru,taslak,2026-10-01
Mat03MK0249,03,Dışbükey çokgenlerin alan özelliklerine ilişkin varsayımda bulunup genelleme yapar.,Bilgi,Analiz,Çıkarım ve ilişkilendirme,Mat03MK0244,,,AU,3 maddeden en az 2'si doğru,taslak,2026-10-01
Mat03MK0250,03,Dışbükey çokgenlerin kenar özelliklerine ilişkin genellemelerini varsayımlarıyla karşılaştırarak önerme olarak sunar.,Beceri,Değerlendirme,Sınama ve değerlendirme,Mat03MK0245,,,AU,3 maddeden en az 2'si doğru,taslak,2026-10-01
Mat03MK0251,03,Dışbükey çokgenlerin açı özelliklerine ilişkin genellemelerini varsayımlarıyla karşılaştırarak önerme olarak sunar.,Beceri,Değerlendirme,Sınama ve değerlendirme,Mat03MK0246,,,AU,3 maddeden en az 2'si doğru,taslak,2026-10-01
Mat03MK0252,03,Dışbükey çokgenlerin köşegen sayısına ilişkin genellemelerini varsayımlarıyla karşılaştırarak önerme olarak sunar.,Beceri,Değerlendirme,Sınama ve değerlendirme,Mat03MK0247,,,AU,3 maddeden en az 2'si doğru,taslak,2026-10-01
Mat03MK0253,03,Dışbükey çokgenlerin simetri özelliklerine ilişkin genellemelerini varsayımlarıyla karşılaştırarak önerme olarak sunar.,Beceri,Değerlendirme,Sınama ve değerlendirme,Mat03MK0248,,,AU,3 maddeden en az 2'si doğru,taslak,2026-10-01
Mat03MK0254,03,Dışbükey çokgenlerin alan özelliklerine ilişkin genellemelerini varsayımlarıyla karşılaştırarak önerme olarak sunar.,Beceri,Değerlendirme,Sınama ve değerlendirme,Mat03MK0249,,,AU,3 maddeden en az 2'si doğru,taslak,2026-10-01
Mat03MK0255,03,Dışbükey çokgenin iç açıları toplamını (n − 2) · 180° ile hesaplar.,Beceri,Uygulama,Kural uygulama,Mat03MK0251,,Mat03YG0032,ÇS,3 maddeden en az 2'si doğru,taslak,2026-10-01
Mat03MK0256,03,Dışbükey çokgenin dış açıları toplamının 360° olduğunu kullanır.,Beceri,Uygulama,Kural uygulama,Mat03MK0251,,,ÇS,3 maddeden en az 2'si doğru,taslak,2026-10-01
Mat03MK0257,03,Dışbükey çokgenin köşegen sayısını n(n − 3) / 2 ile hesaplar.,Beceri,Uygulama,Kural uygulama,Mat03MK0252,,,ÇS,3 maddeden en az 2'si doğru,taslak,2026-10-01
Mat03MK0258,03,Düzgün çokgenin bir iç açısını hesaplar.,Beceri,Uygulama,Kural uygulama,Mat03MK0255,,,ÇS,3 maddeden en az 2'si doğru,taslak,2026-10-01
Mat03MK0259,03,Düzgün çokgenin bir dış açısını hesaplar.,Beceri,Uygulama,Kural uygulama,Mat03MK0256,,,ÇS,3 maddeden en az 2'si doğru,taslak,2026-10-01
Mat03MK0260,03,Düzgün çokgenin alanını hesaplar.,Beceri,Uygulama,Kural uygulama,Mat03MK0255; Mat03MK0207,,,ÇS,3 maddeden en az 2'si doğru,taslak,2026-10-01
Mat03MK0261,03,Dışbükey çokgenlerin kenar özelliklerine ilişkin önermeleri problem durumlarında kullanarak kullanışlılığını değerlendirir.,Beceri,Uygulama,Transfer ve problem çözme,Mat03MK0250,,,AU,3 maddeden en az 2'si doğru,taslak,2026-10-01
Mat03MK0262,03,Dışbükey çokgenlerin açı özelliklerine ilişkin önermeleri problem durumlarında kullanarak kullanışlılığını değerlendirir.,Beceri,Uygulama,Transfer ve problem çözme,Mat03MK0251,,,AU,3 maddeden en az 2'si doğru,taslak,2026-10-01
Mat03MK0263,03,Dışbükey çokgenlerin köşegen sayısına ilişkin önermeleri problem durumlarında kullanarak kullanışlılığını değerlendirir.,Beceri,Uygulama,Transfer ve problem çözme,Mat03MK0252,,,AU,3 maddeden en az 2'si doğru,taslak,2026-10-01
Mat03MK0264,03,Dışbükey çokgenlerin simetri özelliklerine ilişkin önermeleri problem durumlarında kullanarak kullanışlılığını değerlendirir.,Beceri,Uygulama,Transfer ve problem çözme,Mat03MK0253,,,AU,3 maddeden en az 2'si doğru,taslak,2026-10-01
Mat03MK0265,03,Dışbükey çokgenlerin alan özelliklerine ilişkin önermeleri problem durumlarında kullanarak kullanışlılığını değerlendirir.,Beceri,Uygulama,Transfer ve problem çözme,Mat03MK0254,,,AU,3 maddeden en az 2'si doğru,taslak,2026-10-01
Mat03MK0266,03,"Çokgenlerin kenar özelliklerini içeren problemlerde nicelikleri ve aralarındaki ilişkileri belirleyerek problemi uygun temsile (şekil, tablo, sayı doğrusu, denklem) dönüştürür.",Beceri,Uygulama,Dönüştürme,Mat03MK0220; Mat03MK0250,,,AU,3 maddeden en az 2'si doğru,taslak,2026-10-01
Mat03MK0267,03,"Çokgenlerin açı özelliklerini içeren problemlerde nicelikleri ve aralarındaki ilişkileri belirleyerek problemi uygun temsile (şekil, tablo, sayı doğrusu, denklem) dönüştürür.",Beceri,Uygulama,Dönüştürme,Mat03MK0255; Mat03MK0256; Mat03MK0258; Mat03MK0259,,,AU,3 maddeden en az 2'si doğru,taslak,2026-10-01
Mat03MK0268,03,"Çokgenlerin köşegen özelliklerini içeren problemlerde nicelikleri ve aralarındaki ilişkileri belirleyerek problemi uygun temsile (şekil, tablo, sayı doğrusu, denklem) dönüştürür.",Beceri,Uygulama,Dönüştürme,Mat03MK0257; Mat03MK0222; Mat03MK0236,,,AU,3 maddeden en az 2'si doğru,taslak,2026-10-01
Mat03MK0269,03,"Çokgenlerin alan özelliklerini içeren problemlerde nicelikleri ve aralarındaki ilişkileri belirleyerek problemi uygun temsile (şekil, tablo, sayı doğrusu, denklem) dönüştürür.",Beceri,Uygulama,Dönüştürme,Mat03MK0260; Mat03MK0236; Mat03MK0237,,,AU,3 maddeden en az 2'si doğru,taslak,2026-10-01
Mat03MK0270,03,Çokgenlerin kenar özelliklerini içeren problemler için strateji geliştirip uygulayarak problemi çözer.,Beceri,Uygulama,Transfer ve problem çözme,Mat03MK0266,,,ÇS; AU,3 maddeden en az 2'si doğru,taslak,2026-10-01
Mat03MK0271,03,Çokgenlerin açı özelliklerini içeren problemler için strateji geliştirip uygulayarak problemi çözer.,Beceri,Uygulama,Transfer ve problem çözme,Mat03MK0267,,,ÇS; AU,3 maddeden en az 2'si doğru,taslak,2026-10-01
Mat03MK0272,03,Çokgenlerin köşegen özelliklerini içeren problemler için strateji geliştirip uygulayarak problemi çözer.,Beceri,Uygulama,Transfer ve problem çözme,Mat03MK0268,,,ÇS; AU,3 maddeden en az 2'si doğru,taslak,2026-10-01
Mat03MK0273,03,Çokgenlerin alan özelliklerini içeren problemler için strateji geliştirip uygulayarak problemi çözer.,Beceri,Uygulama,Transfer ve problem çözme,Mat03MK0269,,,ÇS; AU,3 maddeden en az 2'si doğru,taslak,2026-10-01
Mat03MK0274,03,"Çokgenlerin kenar özelliklerini içeren problemlerin çözümünü kontrol eder, çözüme ulaştırmayan stratejiyi değiştirir ve farklı çözüm yollarını değerlendirir.",Beceri,Değerlendirme,Sınama ve değerlendirme,Mat03MK0270,,,AU,3 maddeden en az 2'si doğru,taslak,2026-10-01
Mat03MK0275,03,"Çokgenlerin açı özelliklerini içeren problemlerin çözümünü kontrol eder, çözüme ulaştırmayan stratejiyi değiştirir ve farklı çözüm yollarını değerlendirir.",Beceri,Değerlendirme,Sınama ve değerlendirme,Mat03MK0271,,,AU,3 maddeden en az 2'si doğru,taslak,2026-10-01
Mat03MK0276,03,"Çokgenlerin köşegen özelliklerini içeren problemlerin çözümünü kontrol eder, çözüme ulaştırmayan stratejiyi değiştirir ve farklı çözüm yollarını değerlendirir.",Beceri,Değerlendirme,Sınama ve değerlendirme,Mat03MK0272,,,AU,3 maddeden en az 2'si doğru,taslak,2026-10-01
Mat03MK0277,03,"Çokgenlerin alan özelliklerini içeren problemlerin çözümünü kontrol eder, çözüme ulaştırmayan stratejiyi değiştirir ve farklı çözüm yollarını değerlendirir.",Beceri,Değerlendirme,Sınama ve değerlendirme,Mat03MK0273,,,AU,3 maddeden en az 2'si doğru,taslak,2026-10-01
Mat03MK0278,03,Çokgenlerin kenar özelliklerini içeren problemlerde kullandığı stratejiyi farklı problemlere genelleyerek genellemenin geçerliliğini örneklerle değerlendirir.,Beceri,Analiz,Çıkarım ve ilişkilendirme,Mat03MK0274,,,AU,3 maddeden en az 2'si doğru,taslak,2026-10-01
Mat03MK0279,03,Çokgenlerin açı özelliklerini içeren problemlerde kullandığı stratejiyi farklı problemlere genelleyerek genellemenin geçerliliğini örneklerle değerlendirir.,Beceri,Analiz,Çıkarım ve ilişkilendirme,Mat03MK0275,,,AU,3 maddeden en az 2'si doğru,taslak,2026-10-01
Mat03MK0280,03,Çokgenlerin köşegen özelliklerini içeren problemlerde kullandığı stratejiyi farklı problemlere genelleyerek genellemenin geçerliliğini örneklerle değerlendirir.,Beceri,Analiz,Çıkarım ve ilişkilendirme,Mat03MK0276,,,AU,3 maddeden en az 2'si doğru,taslak,2026-10-01
Mat03MK0281,03,Çokgenlerin alan özelliklerini içeren problemlerde kullandığı stratejiyi farklı problemlere genelleyerek genellemenin geçerliliğini örneklerle değerlendirir.,Beceri,Analiz,Çıkarım ve ilişkilendirme,Mat03MK0277,,,AU,3 maddeden en az 2'si doğru,taslak,2026-10-01
Mat03MK0282,03,Çemberde keseni belirtir.,Bilgi,Anlama,Tanıma ve hatırlama,Mat03MK0008; Mat03MK0005,,,ÇS,3 maddeden en az 2'si doğru,taslak,2026-10-01
Mat03MK0283,03,Çemberde kirişi belirtir.,Bilgi,Anlama,Tanıma ve hatırlama,Mat03MK0008; Mat03MK0006,,,ÇS,3 maddeden en az 2'si doğru,taslak,2026-10-01
Mat03MK0284,03,Çemberde teğeti belirtir.,Bilgi,Anlama,Tanıma ve hatırlama,Mat03MK0008; Mat03MK0005,,,ÇS,3 maddeden en az 2'si doğru,taslak,2026-10-01
Mat03MK0285,03,Çemberde çapı belirtir.,Bilgi,Anlama,Tanıma ve hatırlama,Mat04MK0053,,,ÇS,3 maddeden en az 2'si doğru,taslak,2026-10-01
Mat03MK0286,03,Çemberde yayı belirtir.,Bilgi,Anlama,Tanıma ve hatırlama,Mat03MK0008,,,ÇS,3 maddeden en az 2'si doğru,taslak,2026-10-01
Mat03MK0287,03,Çapın çemberin en uzun kirişi olduğunu belirler.,Bilgi,Analiz,Çıkarım ve ilişkilendirme,Mat03MK0283; Mat03MK0285,,,ÇS,3 maddeden en az 2'si doğru,taslak,2026-10-01
Mat03MK0288,03,Teğetin değme noktasındaki yarıçapa dik olduğunu belirler.,Bilgi,Analiz,Çıkarım ve ilişkilendirme,Mat03MK0284; Mat04MK0052,,Mat03YG0033,ÇS,3 maddeden en az 2'si doğru,taslak,2026-10-01
Mat03MK0289,03,Çemberde merkez açılara ilişkin varsayımda bulunup genelleme yapar.,Bilgi,Analiz,Çıkarım ve ilişkilendirme,Mat03MK0286; Mat04MK0051,,,AU,3 maddeden en az 2'si doğru,taslak,2026-10-01
Mat03MK0290,03,Çemberde çevre açılara ilişkin varsayımda bulunup genelleme yapar.,Bilgi,Analiz,Çıkarım ve ilişkilendirme,Mat03MK0286; Mat03MK0283,,Mat03YG0034,AU,3 maddeden en az 2'si doğru,taslak,2026-10-01
Mat03MK0291,03,Çemberde teğet-kiriş açılarına ilişkin varsayımda bulunup genelleme yapar.,Bilgi,Analiz,Çıkarım ve ilişkilendirme,Mat03MK0284; Mat03MK0283,,,AU,3 maddeden en az 2'si doğru,taslak,2026-10-01
Mat03MK0292,03,Çemberde kiriş özelliklerine ilişkin varsayımda bulunup genelleme yapar.,Bilgi,Analiz,Çıkarım ve ilişkilendirme,Mat03MK0283,,,AU,3 maddeden en az 2'si doğru,taslak,2026-10-01
Mat03MK0293,03,Çemberde teğet özelliklerine ilişkin varsayımda bulunup genelleme yapar.,Bilgi,Analiz,Çıkarım ve ilişkilendirme,Mat03MK0284,,,AU,3 maddeden en az 2'si doğru,taslak,2026-10-01
Mat03MK0294,03,Çemberde merkez açılara ilişkin genellemelerini varsayımlarıyla karşılaştırarak önerme olarak sunar.,Beceri,Değerlendirme,Sınama ve değerlendirme,Mat03MK0289,,,AU,3 maddeden en az 2'si doğru,taslak,2026-10-01
Mat03MK0295,03,Çemberde çevre açılara ilişkin genellemelerini varsayımlarıyla karşılaştırarak önerme olarak sunar.,Beceri,Değerlendirme,Sınama ve değerlendirme,Mat03MK0290,,,AU,3 maddeden en az 2'si doğru,taslak,2026-10-01
Mat03MK0296,03,Çemberde teğet-kiriş açılarına ilişkin genellemelerini varsayımlarıyla karşılaştırarak önerme olarak sunar.,Beceri,Değerlendirme,Sınama ve değerlendirme,Mat03MK0291,,,AU,3 maddeden en az 2'si doğru,taslak,2026-10-01
Mat03MK0297,03,Çemberde kiriş özelliklerine ilişkin genellemelerini varsayımlarıyla karşılaştırarak önerme olarak sunar.,Beceri,Değerlendirme,Sınama ve değerlendirme,Mat03MK0292,,,AU,3 maddeden en az 2'si doğru,taslak,2026-10-01
Mat03MK0298,03,Çemberde teğet özelliklerine ilişkin genellemelerini varsayımlarıyla karşılaştırarak önerme olarak sunar.,Beceri,Değerlendirme,Sınama ve değerlendirme,Mat03MK0293,,,AU,3 maddeden en az 2'si doğru,taslak,2026-10-01
Mat03MK0299,03,Çevre açının aynı yayı gören merkez açının yarısı olduğunu belirler.,Bilgi,Analiz,Çıkarım ve ilişkilendirme,Mat03MK0294; Mat03MK0295,,Mat03YG0034,ÇS,3 maddeden en az 2'si doğru,taslak,2026-10-01
Mat03MK0300,03,Merkezden kirişe inilen dikmenin kirişi ortaladığını belirler.,Bilgi,Analiz,Çıkarım ve ilişkilendirme,Mat03MK0297,,,ÇS,3 maddeden en az 2'si doğru,taslak,2026-10-01
Mat03MK0301,03,Dış noktadan çizilen teğet parçalarının eşit olduğunu belirler.,Bilgi,Analiz,Çıkarım ve ilişkilendirme,Mat03MK0288; Mat03MK0298,,,ÇS,3 maddeden en az 2'si doğru,taslak,2026-10-01
Mat03MK0302,03,Teğet-kiriş açısının gördüğü yayın yarısı olduğunu belirler.,Bilgi,Analiz,Çıkarım ve ilişkilendirme,Mat03MK0299,,,ÇS,3 maddeden en az 2'si doğru,taslak,2026-10-01
Mat03MK0303,03,Çapı gören çevre açının dik olduğunu belirler.,Bilgi,Analiz,Çıkarım ve ilişkilendirme,Mat03MK0299,,,ÇS,3 maddeden en az 2'si doğru,taslak,2026-10-01
Mat03MK0304,03,Çemberde açı özelliklerini kullanarak açı ölçülerini hesaplar.,Beceri,Uygulama,Kural uygulama,Mat03MK0299; Mat03MK0302; Mat03MK0303,,Mat03YG0034,ÇS,3 maddeden en az 2'si doğru,taslak,2026-10-01
Mat03MK0305,03,Çemberde merkez açılara ilişkin önermeleri problem durumlarında kullanarak kullanışlılığını değerlendirir.,Beceri,Uygulama,Transfer ve problem çözme,Mat03MK0294,,,AU,3 maddeden en az 2'si doğru,taslak,2026-10-01
Mat03MK0306,03,Çemberde çevre açılara ilişkin önermeleri problem durumlarında kullanarak kullanışlılığını değerlendirir.,Beceri,Uygulama,Transfer ve problem çözme,Mat03MK0295,,,AU,3 maddeden en az 2'si doğru,taslak,2026-10-01
Mat03MK0307,03,Çemberde teğet-kiriş açılarına ilişkin önermeleri problem durumlarında kullanarak kullanışlılığını değerlendirir.,Beceri,Uygulama,Transfer ve problem çözme,Mat03MK0296,,,AU,3 maddeden en az 2'si doğru,taslak,2026-10-01
Mat03MK0308,03,Çemberde kiriş özelliklerine ilişkin önermeleri problem durumlarında kullanarak kullanışlılığını değerlendirir.,Beceri,Uygulama,Transfer ve problem çözme,Mat03MK0297,,,AU,3 maddeden en az 2'si doğru,taslak,2026-10-01
Mat03MK0309,03,Çemberde teğet özelliklerine ilişkin önermeleri problem durumlarında kullanarak kullanışlılığını değerlendirir.,Beceri,Uygulama,Transfer ve problem çözme,Mat03MK0298,,,AU,3 maddeden en az 2'si doğru,taslak,2026-10-01
Mat03MK0310,03,Kiriş özelliklerini kullanarak uzunluk hesaplar.,Beceri,Uygulama,Kural uygulama,Mat03MK0300; Mat03MK0143,,,ÇS,3 maddeden en az 2'si doğru,taslak,2026-10-01
Mat03MK0311,03,Teğet özelliklerini kullanarak uzunluk hesaplar.,Beceri,Uygulama,Kural uygulama,Mat03MK0301; Mat03MK0143,,,ÇS,3 maddeden en az 2'si doğru,taslak,2026-10-01
Mat03MK0312,03,"Çemberin açı özelliklerini içeren problemlerde nicelikleri ve aralarındaki ilişkileri belirleyerek problemi uygun temsile (şekil, tablo, sayı doğrusu, denklem) dönüştürür.",Beceri,Uygulama,Dönüştürme,Mat03MK0304,,,AU,3 maddeden en az 2'si doğru,taslak,2026-10-01
Mat03MK0313,03,"Çemberin kiriş özelliklerini içeren problemlerde nicelikleri ve aralarındaki ilişkileri belirleyerek problemi uygun temsile (şekil, tablo, sayı doğrusu, denklem) dönüştürür.",Beceri,Uygulama,Dönüştürme,Mat03MK0310,,,AU,3 maddeden en az 2'si doğru,taslak,2026-10-01
Mat03MK0314,03,"Çemberin teğet özelliklerini içeren problemlerde nicelikleri ve aralarındaki ilişkileri belirleyerek problemi uygun temsile (şekil, tablo, sayı doğrusu, denklem) dönüştürür.",Beceri,Uygulama,Dönüştürme,Mat03MK0311,,,AU,3 maddeden en az 2'si doğru,taslak,2026-10-01
Mat03MK0315,03,"Dairenin alanını içeren problemlerde nicelikleri ve aralarındaki ilişkileri belirleyerek problemi uygun temsile (şekil, tablo, sayı doğrusu, denklem) dönüştürür.",Beceri,Uygulama,Dönüştürme,Mat03MK0316; Mat03MK0317,,,AU,3 maddeden en az 2'si doğru,taslak,2026-10-01
Mat03MK0316,03,Daire diliminin alanını hesaplar.,Beceri,Uygulama,Kural uygulama,Mat04MK0103,,,ÇS,3 maddeden en az 2'si doğru,taslak,2026-10-01
Mat03MK0317,03,Daire parçasının alanını hesaplar.,Beceri,Uygulama,Kural uygulama,Mat04MK0103; Mat03MK0207,,,ÇS,3 maddeden en az 2'si doğru,taslak,2026-10-01
Mat03MK0318,03,Çemberin açı özelliklerini içeren problemler için strateji geliştirip uygulayarak problemi çözer.,Beceri,Uygulama,Transfer ve problem çözme,Mat03MK0312,,,ÇS; AU,3 maddeden en az 2'si doğru,taslak,2026-10-01
Mat03MK0319,03,Çemberin kiriş özelliklerini içeren problemler için strateji geliştirip uygulayarak problemi çözer.,Beceri,Uygulama,Transfer ve problem çözme,Mat03MK0313,,,ÇS; AU,3 maddeden en az 2'si doğru,taslak,2026-10-01
Mat03MK0320,03,Çemberin teğet özelliklerini içeren problemler için strateji geliştirip uygulayarak problemi çözer.,Beceri,Uygulama,Transfer ve problem çözme,Mat03MK0314,,,ÇS; AU,3 maddeden en az 2'si doğru,taslak,2026-10-01
Mat03MK0321,03,Dairenin alanını içeren problemler için strateji geliştirip uygulayarak problemi çözer.,Beceri,Uygulama,Transfer ve problem çözme,Mat03MK0315,,,ÇS; AU,3 maddeden en az 2'si doğru,taslak,2026-10-01
Mat03MK0322,03,"Çemberin açı özelliklerini içeren problemlerin çözümünü kontrol eder, çözüme ulaştırmayan stratejiyi değiştirir ve farklı çözüm yollarını değerlendirir.",Beceri,Değerlendirme,Sınama ve değerlendirme,Mat03MK0318,,,AU,3 maddeden en az 2'si doğru,taslak,2026-10-01
Mat03MK0323,03,"Çemberin kiriş özelliklerini içeren problemlerin çözümünü kontrol eder, çözüme ulaştırmayan stratejiyi değiştirir ve farklı çözüm yollarını değerlendirir.",Beceri,Değerlendirme,Sınama ve değerlendirme,Mat03MK0319,,,AU,3 maddeden en az 2'si doğru,taslak,2026-10-01
Mat03MK0324,03,"Çemberin teğet özelliklerini içeren problemlerin çözümünü kontrol eder, çözüme ulaştırmayan stratejiyi değiştirir ve farklı çözüm yollarını değerlendirir.",Beceri,Değerlendirme,Sınama ve değerlendirme,Mat03MK0320,,,AU,3 maddeden en az 2'si doğru,taslak,2026-10-01
Mat03MK0325,03,"Dairenin alanını içeren problemlerin çözümünü kontrol eder, çözüme ulaştırmayan stratejiyi değiştirir ve farklı çözüm yollarını değerlendirir.",Beceri,Değerlendirme,Sınama ve değerlendirme,Mat03MK0321,,,AU,3 maddeden en az 2'si doğru,taslak,2026-10-01
Mat03MK0326,03,Çemberin açı özelliklerini içeren problemlerde kullandığı stratejiyi farklı problemlere genelleyerek genellemenin geçerliliğini örneklerle değerlendirir.,Beceri,Analiz,Çıkarım ve ilişkilendirme,Mat03MK0322,,,AU,3 maddeden en az 2'si doğru,taslak,2026-10-01
Mat03MK0327,03,Çemberin kiriş özelliklerini içeren problemlerde kullandığı stratejiyi farklı problemlere genelleyerek genellemenin geçerliliğini örneklerle değerlendirir.,Beceri,Analiz,Çıkarım ve ilişkilendirme,Mat03MK0323,,,AU,3 maddeden en az 2'si doğru,taslak,2026-10-01
Mat03MK0328,03,Çemberin teğet özelliklerini içeren problemlerde kullandığı stratejiyi farklı problemlere genelleyerek genellemenin geçerliliğini örneklerle değerlendirir.,Beceri,Analiz,Çıkarım ve ilişkilendirme,Mat03MK0324,,,AU,3 maddeden en az 2'si doğru,taslak,2026-10-01
Mat03MK0329,03,Dairenin alanını içeren problemlerde kullandığı stratejiyi farklı problemlere genelleyerek genellemenin geçerliliğini örneklerle değerlendirir.,Beceri,Analiz,Çıkarım ve ilişkilendirme,Mat03MK0325,,,AU,3 maddeden en az 2'si doğru,taslak,2026-10-01
Mat04MK0001,04,Dikdörtgenin çevre uzunluğunu kenar uzunluklarından hesaplar.,Beceri,Uygulama,Kural uygulama,Mat01MK0013,Çevre uzunluğu (önceki sınıflar),,ÇS,3 maddeden en az 2'si doğru,taslak,2026-10-01
Mat04MK0002,04,Karenin çevre uzunluğunu kenar uzunluğundan hesaplar.,Beceri,Uygulama,Kural uygulama,Mat01MK0013,Çevre uzunluğu (önceki sınıflar),,ÇS,3 maddeden en az 2'si doğru,taslak,2026-10-01
Mat04MK0003,04,Dikdörtgende kısa ve uzun kenarın toplamının çevrenin yarısı olduğu ilişkisini kullanır.,Bilgi,Analiz,Çıkarım ve ilişkilendirme,Mat04MK0001,,,ÇS,3 maddeden en az 2'si doğru,taslak,2026-10-01
Mat04MK0004,04,Çevre uzunluğu verilen ve kenar uzunlukları doğal sayı olan dikdörtgenleri oluşturur.,Beceri,Uygulama,Kural uygulama,Mat04MK0003,,,ÇS; AU,3 maddeden en az 2'si doğru,taslak,2026-10-01
Mat04MK0005,04,Kenar uzunlukları farklı dikdörtgenlerin aynı çevre uzunluğuna sahip olabileceğini açıklar.,Bilgi,Anlama,Açıklama ve özetleme,Mat04MK0004,,,AU,3 maddeden en az 2'si doğru,taslak,2026-10-01
Mat04MK0006,04,Alanı bir yüzeyi kaplayan birim kare sayısı olarak tanımlar.,Bilgi,Anlama,Tanıma ve hatırlama,,Alan kavramı (önceki sınıflar),,ÇS,3 maddeden en az 2'si doğru,taslak,2026-10-01
Mat04MK0007,04,Alan birimi olarak cm² ve m² birimlerini belirtir.,Bilgi,Anlama,Tanıma ve hatırlama,,Alan kavramı (önceki sınıflar),Mat04YG0001,ÇS,3 maddeden en az 2'si doğru,taslak,2026-10-01
Mat04MK0008,04,Dikdörtgenin alanını birim karelerle ölçer.,Beceri,Uygulama,Gözlem ve kayıt,Mat04MK0006,,,ÇS,3 maddeden en az 2'si doğru,taslak,2026-10-01
Mat04MK0009,04,Birim kare sayısını kenar uzunluklarıyla ilişkilendirerek dikdörtgenin alanının ardışık iki kenarının çarpımı olduğu sonucuna ulaşır.,Beceri,Analiz,Model kurma,Mat04MK0008,,,ÇS,3 maddeden en az 2'si doğru,taslak,2026-10-01
Mat04MK0010,04,Dikdörtgenin alanını kenar uzunluklarının çarpımıyla hesaplar.,Beceri,Uygulama,Kural uygulama,Mat04MK0009; Mat01MK0015,,Mat04YG0001,ÇS,3 maddeden en az 2'si doğru,taslak,2026-10-01
Mat04MK0011,04,Karenin alanını kenar uzunluğunun karesiyle hesaplar.,Beceri,Uygulama,Kural uygulama,Mat04MK0009; Mat01MK0015,,Mat04YG0001,ÇS,3 maddeden en az 2'si doğru,taslak,2026-10-01
Mat04MK0012,04,Alanı verilen dikdörtgenin olası kenar uzunluklarını bulur.,Beceri,Uygulama,Kural uygulama,Mat04MK0010,,,ÇS,3 maddeden en az 2'si doğru,taslak,2026-10-01
Mat04MK0013,04,Alanı verilen dikdörtgenin olası çevre uzunluklarını bulur.,Beceri,Uygulama,Kural uygulama,Mat04MK0010; Mat04MK0001; Mat04MK0002,,,ÇS,3 maddeden en az 2'si doğru,taslak,2026-10-01
Mat04MK0014,04,Çevre uzunluğu verilen dikdörtgenlerin olası alanlarını bulur.,Beceri,Uygulama,Kural uygulama,Mat04MK0010; Mat04MK0003,,,ÇS,3 maddeden en az 2'si doğru,taslak,2026-10-01
Mat04MK0015,04,Aynı çevreli dikdörtgenlerin farklı alanlara sahip olabileceğini ifade eder.,Bilgi,Analiz,Çıkarım ve ilişkilendirme,Mat04MK0013; Mat04MK0014,,Mat04YG0002,ÇS,3 maddeden en az 2'si doğru,taslak,2026-10-01
Mat04MK0016,04,Aynı alanlı dikdörtgenlerin farklı çevre uzunluklarına sahip olabileceğini ifade eder.,Bilgi,Analiz,Çıkarım ve ilişkilendirme,Mat04MK0013; Mat04MK0014,,,ÇS,3 maddeden en az 2'si doğru,taslak,2026-10-01
Mat04MK0017,04,"Dikdörtgenin çevre uzunluğuyla ilgili problemlerde nicelikleri ve aralarındaki ilişkileri belirleyerek problemi uygun temsile (şekil, tablo, sayı doğrusu, denklem) dönüştürür.",Beceri,Uygulama,Dönüştürme,Mat04MK0001; Mat04MK0003,,,AU,3 maddeden en az 2'si doğru,taslak,2026-10-01
Mat04MK0018,04,"Dikdörtgenin alanıyla ilgili problemlerde nicelikleri ve aralarındaki ilişkileri belirleyerek problemi uygun temsile (şekil, tablo, sayı doğrusu, denklem) dönüştürür.",Beceri,Uygulama,Dönüştürme,Mat04MK0010; Mat04MK0012,,,AU,3 maddeden en az 2'si doğru,taslak,2026-10-01
Mat04MK0019,04,Dikdörtgenin çevre uzunluğuyla ilgili problemler için strateji geliştirip uygulayarak problemi çözer.,Beceri,Uygulama,Transfer ve problem çözme,Mat04MK0017,,,ÇS; AU,3 maddeden en az 2'si doğru,taslak,2026-10-01
Mat04MK0020,04,Dikdörtgenin alanıyla ilgili problemler için strateji geliştirip uygulayarak problemi çözer.,Beceri,Uygulama,Transfer ve problem çözme,Mat04MK0018,,,ÇS; AU,3 maddeden en az 2'si doğru,taslak,2026-10-01
Mat04MK0021,04,"Dikdörtgenin çevre uzunluğuyla ilgili problemlerin çözümünü kontrol eder, çözüme ulaştırmayan stratejiyi değiştirir ve farklı çözüm yollarını değerlendirir.",Beceri,Değerlendirme,Sınama ve değerlendirme,Mat04MK0019,,,AU,3 maddeden en az 2'si doğru,taslak,2026-10-01
Mat04MK0022,04,"Dikdörtgenin alanıyla ilgili problemlerin çözümünü kontrol eder, çözüme ulaştırmayan stratejiyi değiştirir ve farklı çözüm yollarını değerlendirir.",Beceri,Değerlendirme,Sınama ve değerlendirme,Mat04MK0020,,,AU,3 maddeden en az 2'si doğru,taslak,2026-10-01
Mat04MK0023,04,Dikdörtgenin çevre uzunluğuyla ilgili problemlerde kullandığı stratejiyi farklı problemlere genelleyerek genellemenin geçerliliğini örneklerle değerlendirir.,Beceri,Analiz,Çıkarım ve ilişkilendirme,Mat04MK0021,,,AU,3 maddeden en az 2'si doğru,taslak,2026-10-01
Mat04MK0024,04,Dikdörtgenin alanıyla ilgili problemlerde kullandığı stratejiyi farklı problemlere genelleyerek genellemenin geçerliliğini örneklerle değerlendirir.,Beceri,Analiz,Çıkarım ve ilişkilendirme,Mat04MK0022,,,AU,3 maddeden en az 2'si doğru,taslak,2026-10-01
Mat04MK0025,04,"Alan ölçme birimlerini (mm², cm², dm², m², km²) belirtir.",Bilgi,Hatırlama,Tanıma ve hatırlama,Mat04MK0007,,,ÇS,3 maddeden en az 2'si doğru,taslak,2026-10-01
Mat04MK0026,04,Uzunluk birimleri arasındaki ilişkiden alan birimleri arasındaki ilişkiye (1 m = 10 dm ise 1 m² = 100 dm²) çıkarım yapar.,Bilgi,Analiz,Çıkarım ve ilişkilendirme,Mat01MK0125; Mat04MK0025,,Mat04YG0003,ÇS,3 maddeden en az 2'si doğru,taslak,2026-10-01
Mat04MK0027,04,Metrekare ile kilometrekare arasında dönüşüm yapar.,Beceri,Uygulama,Kural uygulama,Mat04MK0026,,Mat04YG0003,ÇS,3 maddeden en az 2'si doğru,taslak,2026-10-01
Mat04MK0028,04,"Metrekare, desimetrekare, santimetrekare ve milimetrekare arasında dönüşüm yapar.",Beceri,Uygulama,Kural uygulama,Mat04MK0026,,Mat04YG0003,ÇS,3 maddeden en az 2'si doğru,taslak,2026-10-01
Mat04MK0029,04,Alan ölçüleri arasında ondalık gösterim kullanarak dönüşüm yapar.,Beceri,Uygulama,Kural uygulama,Mat04MK0027; Mat04MK0028; Mat01MK0108; Mat01MK0109,,Mat04YG0003,ÇS,3 maddeden en az 2'si doğru,taslak,2026-10-01
Mat04MK0030,04,Dikdörtgenin alanını kenar uzunluklarının çarpımı olarak belirtir.,Bilgi,Hatırlama,Tanıma ve hatırlama,Mat04MK0010,,,ÇS,3 maddeden en az 2'si doğru,taslak,2026-10-01
Mat04MK0031,04,Paralelkenarda bir kenara ait yüksekliği belirler ve çizer.,Beceri,Uygulama,Beceri uygulama,Mat03MK0011,,,ÇS,3 maddeden en az 2'si doğru,taslak,2026-10-01
Mat04MK0032,04,Üçgende bir kenara ait yüksekliği belirler ve çizer.,Beceri,Uygulama,Beceri uygulama,Mat03MK0011,,,ÇS,3 maddeden en az 2'si doğru,taslak,2026-10-01
Mat04MK0033,04,Dikdörtgenden yola çıkarak paralelkenarın alan bağıntısına (taban × yükseklik) ulaşır.,Beceri,Analiz,Model kurma,Mat04MK0030; Mat04MK0031,,Mat04YG0004,ÇS; AU,3 maddeden en az 2'si doğru,taslak,2026-10-01
Mat04MK0034,04,Paralelkenardan yola çıkarak üçgenin alan bağıntısına (taban × yükseklik / 2) ulaşır.,Beceri,Analiz,Model kurma,Mat04MK0033,,Mat04YG0005,ÇS; AU,3 maddeden en az 2'si doğru,taslak,2026-10-01
Mat04MK0035,04,Paralelkenarın alanını hesaplar.,Beceri,Uygulama,Kural uygulama,Mat04MK0033,,,ÇS,3 maddeden en az 2'si doğru,taslak,2026-10-01
Mat04MK0036,04,Üçgenin alanını hesaplar.,Beceri,Uygulama,Kural uygulama,Mat04MK0034,,Mat04YG0005,ÇS,3 maddeden en az 2'si doğru,taslak,2026-10-01
Mat04MK0037,04,Paralelkenarın alan bağıntısını farklı örneklerde değerlendirir.,Beceri,Değerlendirme,Sınama ve değerlendirme,Mat04MK0035,,,AU,3 maddeden en az 2'si doğru,taslak,2026-10-01
Mat04MK0038,04,Üçgenin alan bağıntısını farklı örneklerde değerlendirir.,Beceri,Değerlendirme,Sınama ve değerlendirme,Mat04MK0036,,,AU,3 maddeden en az 2'si doğru,taslak,2026-10-01
Mat04MK0039,04,"Dikdörtgenin alanıyla modellenen problemlerde nicelikleri ve aralarındaki ilişkileri belirleyerek problemi uygun temsile (şekil, tablo, sayı doğrusu, denklem) dönüştürür.",Beceri,Uygulama,Dönüştürme,Mat04MK0030; Mat04MK0027; Mat04MK0028,,,AU,3 maddeden en az 2'si doğru,taslak,2026-10-01
Mat04MK0040,04,"Paralelkenarın alanıyla modellenen problemlerde nicelikleri ve aralarındaki ilişkileri belirleyerek problemi uygun temsile (şekil, tablo, sayı doğrusu, denklem) dönüştürür.",Beceri,Uygulama,Dönüştürme,Mat04MK0035; Mat04MK0027; Mat04MK0028,,,AU,3 maddeden en az 2'si doğru,taslak,2026-10-01
Mat04MK0041,04,"Üçgenin alanıyla modellenen problemlerde nicelikleri ve aralarındaki ilişkileri belirleyerek problemi uygun temsile (şekil, tablo, sayı doğrusu, denklem) dönüştürür.",Beceri,Uygulama,Dönüştürme,Mat04MK0036; Mat04MK0027; Mat04MK0028,,,AU,3 maddeden en az 2'si doğru,taslak,2026-10-01
Mat04MK0042,04,Dikdörtgenin alanıyla modellenen problemler için strateji geliştirip uygulayarak problemi çözer.,Beceri,Uygulama,Transfer ve problem çözme,Mat04MK0039,,,ÇS; AU,3 maddeden en az 2'si doğru,taslak,2026-10-01
Mat04MK0043,04,Paralelkenarın alanıyla modellenen problemler için strateji geliştirip uygulayarak problemi çözer.,Beceri,Uygulama,Transfer ve problem çözme,Mat04MK0040,,,ÇS; AU,3 maddeden en az 2'si doğru,taslak,2026-10-01
Mat04MK0044,04,Üçgenin alanıyla modellenen problemler için strateji geliştirip uygulayarak problemi çözer.,Beceri,Uygulama,Transfer ve problem çözme,Mat04MK0041,,,ÇS; AU,3 maddeden en az 2'si doğru,taslak,2026-10-01
Mat04MK0045,04,"Dikdörtgenin alanıyla modellenen problemlerin çözümünü kontrol eder, çözüme ulaştırmayan stratejiyi değiştirir ve farklı çözüm yollarını değerlendirir.",Beceri,Değerlendirme,Sınama ve değerlendirme,Mat04MK0042,,,AU,3 maddeden en az 2'si doğru,taslak,2026-10-01
Mat04MK0046,04,"Paralelkenarın alanıyla modellenen problemlerin çözümünü kontrol eder, çözüme ulaştırmayan stratejiyi değiştirir ve farklı çözüm yollarını değerlendirir.",Beceri,Değerlendirme,Sınama ve değerlendirme,Mat04MK0043,,,AU,3 maddeden en az 2'si doğru,taslak,2026-10-01
Mat04MK0047,04,"Üçgenin alanıyla modellenen problemlerin çözümünü kontrol eder, çözüme ulaştırmayan stratejiyi değiştirir ve farklı çözüm yollarını değerlendirir.",Beceri,Değerlendirme,Sınama ve değerlendirme,Mat04MK0044,,,AU,3 maddeden en az 2'si doğru,taslak,2026-10-01
Mat04MK0048,04,Dikdörtgenin alanıyla modellenen problemlerde kullandığı stratejiyi farklı problemlere genelleyerek genellemenin geçerliliğini örneklerle değerlendirir.,Beceri,Analiz,Çıkarım ve ilişkilendirme,Mat04MK0045,,,AU,3 maddeden en az 2'si doğru,taslak,2026-10-01
Mat04MK0049,04,Paralelkenarın alanıyla modellenen problemlerde kullandığı stratejiyi farklı problemlere genelleyerek genellemenin geçerliliğini örneklerle değerlendirir.,Beceri,Analiz,Çıkarım ve ilişkilendirme,Mat04MK0046,,,AU,3 maddeden en az 2'si doğru,taslak,2026-10-01
Mat04MK0050,04,Üçgenin alanıyla modellenen problemlerde kullandığı stratejiyi farklı problemlere genelleyerek genellemenin geçerliliğini örneklerle değerlendirir.,Beceri,Analiz,Çıkarım ve ilişkilendirme,Mat04MK0047,,,AU,3 maddeden en az 2'si doğru,taslak,2026-10-01
Mat04MK0051,04,Çemberin merkezini belirtir.,Bilgi,Hatırlama,Tanıma ve hatırlama,Mat03MK0008,,,ÇS,3 maddeden en az 2'si doğru,taslak,2026-10-01
Mat04MK0052,04,Çemberin yarıçapını belirtir.,Bilgi,Hatırlama,Tanıma ve hatırlama,Mat03MK0008,,,ÇS,3 maddeden en az 2'si doğru,taslak,2026-10-01
Mat04MK0053,04,Çemberin çapını belirtir.,Bilgi,Hatırlama,Tanıma ve hatırlama,Mat03MK0008,,,ÇS,3 maddeden en az 2'si doğru,taslak,2026-10-01
Mat04MK0054,04,Çapın yarıçapın iki katı olduğunu belirtir.,Bilgi,Hatırlama,Tanıma ve hatırlama,Mat04MK0052; Mat04MK0053,,,ÇS,3 maddeden en az 2'si doğru,taslak,2026-10-01
Mat04MK0055,04,Çember biçimindeki nesnelerin çevre ve çap uzunluklarını ölçerek listeler.,Beceri,Uygulama,Gözlem ve kayıt,Mat04MK0053; Mat01MK0123,,,PG,Rubrikte yeterli ve üstü,taslak,2026-10-01
Mat04MK0056,04,Çemberin uzunluğunun çapına oranının her çemberde sabit (π) olduğu önermesini sunar ve değerlendirir.,Bilgi,Analiz,Çıkarım ve ilişkilendirme,Mat04MK0055,,Mat04YG0006,ÇS,3 maddeden en az 2'si doğru,taslak,2026-10-01
Mat04MK0057,04,Çemberin uzunluğunun çapla orantılı olduğunu belirtir.,Bilgi,Hatırlama,Tanıma ve hatırlama,Mat04MK0056,,,ÇS,3 maddeden en az 2'si doğru,taslak,2026-10-01
Mat04MK0058,04,Çember uzunluğu için Ç = 2πr bağıntısını belirtir.,Bilgi,Hatırlama,Tanıma ve hatırlama,Mat04MK0056,,,ÇS,3 maddeden en az 2'si doğru,taslak,2026-10-01
Mat04MK0059,04,"Çemberin uzunluğuyla ilgili problemlerde nicelikleri ve aralarındaki ilişkileri belirleyerek problemi uygun temsile (şekil, tablo, sayı doğrusu, denklem) dönüştürür.",Beceri,Uygulama,Dönüştürme,Mat04MK0060,,,AU,3 maddeden en az 2'si doğru,taslak,2026-10-01
Mat04MK0060,04,Çemberin uzunluğunu Ç = 2πr ile hesaplar.,Beceri,Uygulama,Kural uygulama,Mat04MK0058; Mat01MK0108,,,ÇS,3 maddeden en az 2'si doğru,taslak,2026-10-01
Mat04MK0061,04,Çemberin uzunluğuyla ilgili problemler için strateji geliştirip uygulayarak problemi çözer.,Beceri,Uygulama,Transfer ve problem çözme,Mat04MK0059,,,ÇS; AU,3 maddeden en az 2'si doğru,taslak,2026-10-01
Mat04MK0062,04,"Çemberin uzunluğuyla ilgili problemlerin çözümünü kontrol eder, çözüme ulaştırmayan stratejiyi değiştirir ve farklı çözüm yollarını değerlendirir.",Beceri,Değerlendirme,Sınama ve değerlendirme,Mat04MK0061,,,AU,3 maddeden en az 2'si doğru,taslak,2026-10-01
Mat04MK0063,04,Çemberin uzunluğuyla ilgili problemlerde kullandığı stratejiyi farklı problemlere genelleyerek genellemenin geçerliliğini örneklerle değerlendirir.,Beceri,Analiz,Çıkarım ve ilişkilendirme,Mat04MK0062,,,AU,3 maddeden en az 2'si doğru,taslak,2026-10-01
Mat04MK0064,04,Farklı ölçülerdeki merkez açıların gördüğü yayların uzunluklarını gözlemleyip ölçer.,Beceri,Uygulama,Gözlem ve kayıt,Mat03MK0021,,,PG,Rubrikte yeterli ve üstü,taslak,2026-10-01
Mat04MK0065,04,Merkez açının ölçüsü ile gördüğü yayın uzunluğu arasında doğru orantı olduğu genellemesini yapar.,Bilgi,Analiz,Çıkarım ve ilişkilendirme,Mat04MK0064,,Mat04YG0007,ÇS,3 maddeden en az 2'si doğru,taslak,2026-10-01
Mat04MK0066,04,Merkez açının ölçüsünden gördüğü yayın uzunluğunu orantıyla hesaplar.,Beceri,Uygulama,Kural uygulama,Mat04MK0065; Mat04MK0060,,Mat04YG0007,ÇS,3 maddeden en az 2'si doğru,taslak,2026-10-01
Mat04MK0067,04,Eş küplerle oluşturulan bir yapının önden görünümünü çizer.,Beceri,Uygulama,Dönüştürme,,Küp ve kare (önceki sınıflar),,ÇS,3 maddeden en az 2'si doğru,taslak,2026-10-01
Mat04MK0068,04,Eş küplerle oluşturulan bir yapının üstten görünümünü çizer.,Beceri,Uygulama,Dönüştürme,,Küp ve kare (önceki sınıflar),,ÇS,3 maddeden en az 2'si doğru,taslak,2026-10-01
Mat04MK0069,04,Eş küplerle oluşturulan bir yapının yandan görünümünü çizer.,Beceri,Uygulama,Dönüştürme,,Küp ve kare (önceki sınıflar),,ÇS,3 maddeden en az 2'si doğru,taslak,2026-10-01
Mat04MK0070,04,Görünümleri verilen yapıyı eş küplerle oluşturur.,Beceri,Uygulama,Dönüştürme,Mat04MK0067; Mat04MK0068; Mat04MK0069,,,PG,Rubrikte yeterli ve üstü,taslak,2026-10-01
Mat04MK0071,04,Yapı ile görünümleri arasındaki ilişkileri belirler.,Bilgi,Analiz,Çıkarım ve ilişkilendirme,Mat04MK0070,,Mat04YG0008,ÇS,3 maddeden en az 2'si doğru,taslak,2026-10-01
Mat04MK0072,04,Dikdörtgenler prizmasının farklı yüzey açınımlarını çizer.,Beceri,Uygulama,Dönüştürme,Mat03MK0077,,,ÇS,3 maddeden en az 2'si doğru,taslak,2026-10-01
Mat04MK0073,04,Yüzey açınımı ile yüzey alanı arasındaki ilişkiyi (altı yüzün alanları toplamı) ifade eder.,Bilgi,Analiz,Çıkarım ve ilişkilendirme,Mat04MK0072,,Mat04YG0009,ÇS,3 maddeden en az 2'si doğru,taslak,2026-10-01
Mat04MK0074,04,Açınımdan yararlanarak dikdörtgenler prizmasının yüzey alanını hesaplar.,Beceri,Uygulama,Kural uygulama,Mat04MK0073,,Mat04YG0009,ÇS,3 maddeden en az 2'si doğru,taslak,2026-10-01
Mat04MK0075,04,Dikdörtgenler prizması biçimli kutuların kapasitelerini tahmin ederek karşılaştırır.,Bilgi,Anlama,Karşılaştırma,,Ön öğrenme: nesnelerin büyüklüğünü sezgisel karşılaştırma,,ÇS,3 maddeden en az 2'si doğru,taslak,2026-10-01
Mat04MK0076,04,Prizmayı eş nesnelerle doldurup sayarak hacmi eş nesne sayısı olarak ifade eder.,Beceri,Uygulama,Gözlem ve kayıt,Mat04MK0075,,,PG,Rubrikte yeterli ve üstü,taslak,2026-10-01
Mat04MK0077,04,Hacim ölçmede birim küpü ölçüt alarak prizmanın içine yerleştirilen birim küpleri sayar.,Beceri,Uygulama,Gözlem ve kayıt,Mat04MK0076,,,ÇS,3 maddeden en az 2'si doğru,taslak,2026-10-01
Mat04MK0078,04,Birim küp sayısını ayrıt uzunluklarıyla karşılaştırarak hacmi taban alanı × yükseklik olarak ifade eder.,Beceri,Analiz,Model kurma,Mat04MK0077; Mat04MK0010,,Mat04YG0010,ÇS; AU,3 maddeden en az 2'si doğru,taslak,2026-10-01
Mat04MK0079,04,Dikdörtgenler prizmasının hacmini taban alanı × yükseklik ile hesaplar.,Beceri,Uygulama,Kural uygulama,Mat04MK0078; Mat04MK0010,,Mat04YG0011,ÇS,3 maddeden en az 2'si doğru,taslak,2026-10-01
Mat04MK0080,04,Küpün hacmini hesaplar.,Beceri,Uygulama,Kural uygulama,Mat04MK0078; Mat04MK0011,,Mat04YG0011,ÇS,3 maddeden en az 2'si doğru,taslak,2026-10-01
Mat04MK0081,04,Hacmi verilen dikdörtgenler prizmasının bilinmeyen ayrıtını bulur.,Beceri,Uygulama,Kural uygulama,Mat04MK0079,,,ÇS,3 maddeden en az 2'si doğru,taslak,2026-10-01
Mat04MK0082,04,Hacim ölçmede metreküpü ölçüt olarak belirtir.,Bilgi,Hatırlama,Tanıma ve hatırlama,Mat04MK0077,,,ÇS,3 maddeden en az 2'si doğru,taslak,2026-10-01
Mat04MK0083,04,Sıvı ölçmede litreyi ölçüt olarak belirtir.,Bilgi,Hatırlama,Tanıma ve hatırlama,Mat04MK0076,,,ÇS,3 maddeden en az 2'si doğru,taslak,2026-10-01
Mat04MK0084,04,1 L = 1 dm³ ilişkisini belirtir.,Bilgi,Hatırlama,Tanıma ve hatırlama,Mat04MK0083; Mat04MK0082,,,ÇS,3 maddeden en az 2'si doğru,taslak,2026-10-01
Mat04MK0085,04,Metreküp kullanarak hacim ölçer.,Beceri,Uygulama,Gözlem ve kayıt,Mat04MK0082,,,PG,Rubrikte yeterli ve üstü,taslak,2026-10-01
Mat04MK0086,04,Litre kullanarak sıvı ölçer.,Beceri,Uygulama,Gözlem ve kayıt,Mat04MK0083,,,PG,Rubrikte yeterli ve üstü,taslak,2026-10-01
Mat04MK0087,04,"Hacim birimleri (m³, dm³, cm³, mm³) arasında dönüşüm yaparak ölçme sonuçlarını karşılaştırır.",Beceri,Uygulama,Kural uygulama,Mat04MK0085; Mat04MK0028,,Mat04YG0012,ÇS,3 maddeden en az 2'si doğru,taslak,2026-10-01
Mat04MK0088,04,"Sıvı ölçü birimleri (L, dL, cL, mL) arasında dönüşüm yaparak ölçme sonuçlarını karşılaştırır.",Beceri,Uygulama,Kural uygulama,Mat04MK0086,,,ÇS,3 maddeden en az 2'si doğru,taslak,2026-10-01
Mat04MK0089,04,Hacim ölçme karşılaştırmalarına ilişkin yargıda bulunur.,Beceri,Değerlendirme,Sınama ve değerlendirme,Mat04MK0087,,,AU,3 maddeden en az 2'si doğru,taslak,2026-10-01
Mat04MK0090,04,"Dikdörtgenler prizmasının yüzey alanına ilişkin problemlerde nicelikleri ve aralarındaki ilişkileri belirleyerek problemi uygun temsile (şekil, tablo, sayı doğrusu, denklem) dönüştürür.",Beceri,Uygulama,Dönüştürme,Mat04MK0074,,,AU,3 maddeden en az 2'si doğru,taslak,2026-10-01
Mat04MK0091,04,"Dikdörtgenler prizmasının hacmine ilişkin problemlerde nicelikleri ve aralarındaki ilişkileri belirleyerek problemi uygun temsile (şekil, tablo, sayı doğrusu, denklem) dönüştürür.",Beceri,Uygulama,Dönüştürme,Mat04MK0079; Mat04MK0081,,,AU,3 maddeden en az 2'si doğru,taslak,2026-10-01
Mat04MK0092,04,Dikdörtgenler prizmasının yüzey alanına ilişkin problemler için strateji geliştirip uygulayarak problemi çözer.,Beceri,Uygulama,Transfer ve problem çözme,Mat04MK0090,,,ÇS; AU,3 maddeden en az 2'si doğru,taslak,2026-10-01
Mat04MK0093,04,Dikdörtgenler prizmasının hacmine ilişkin problemler için strateji geliştirip uygulayarak problemi çözer.,Beceri,Uygulama,Transfer ve problem çözme,Mat04MK0091,,,ÇS; AU,3 maddeden en az 2'si doğru,taslak,2026-10-01
Mat04MK0094,04,"Dikdörtgenler prizmasının yüzey alanına ilişkin problemlerin çözümünü kontrol eder, çözüme ulaştırmayan stratejiyi değiştirir ve farklı çözüm yollarını değerlendirir.",Beceri,Değerlendirme,Sınama ve değerlendirme,Mat04MK0092,,,AU,3 maddeden en az 2'si doğru,taslak,2026-10-01
Mat04MK0095,04,"Dikdörtgenler prizmasının hacmine ilişkin problemlerin çözümünü kontrol eder, çözüme ulaştırmayan stratejiyi değiştirir ve farklı çözüm yollarını değerlendirir.",Beceri,Değerlendirme,Sınama ve değerlendirme,Mat04MK0093,,,AU,3 maddeden en az 2'si doğru,taslak,2026-10-01
Mat04MK0096,04,Dikdörtgenler prizmasının yüzey alanına ilişkin problemlerde kullandığı stratejiyi farklı problemlere genelleyerek genellemenin geçerliliğini örneklerle değerlendirir.,Beceri,Analiz,Çıkarım ve ilişkilendirme,Mat04MK0094,,,AU,3 maddeden en az 2'si doğru,taslak,2026-10-01
Mat04MK0097,04,Dikdörtgenler prizmasının hacmine ilişkin problemlerde kullandığı stratejiyi farklı problemlere genelleyerek genellemenin geçerliliğini örneklerle değerlendirir.,Beceri,Analiz,Çıkarım ve ilişkilendirme,Mat04MK0095,,,AU,3 maddeden en az 2'si doğru,taslak,2026-10-01
Mat04MK0098,04,Dairenin alan bağıntısının daireyi dilimleyip paralelkenara benzeyen şekle dönüştürerek elde edildiğini açıklar.,Bilgi,Anlama,Açıklama ve özetleme,Mat04MK0058; Mat04MK0035,,,AU,3 maddeden en az 2'si doğru,taslak,2026-09-29
Mat04MK0099,04,A = πr² bağıntısıyla dairenin alanını hesaplar.,Beceri,Uygulama,Kural uygulama,Mat04MK0098,,,ÇS,3 maddeden en az 2'si doğru,taslak,2026-10-01
Mat04MK0100,04,Daire alanı bağıntısını farklı örneklerde değerlendirir.,Beceri,Değerlendirme,Sınama ve değerlendirme,Mat04MK0098; Mat04MK0099,,,AU,3 maddeden en az 2'si doğru,taslak,2026-10-01
Mat04MK0101,04,Merkez açının ölçüsü ile gördüğü yayın uzunluğu arasında orantı olduğunu tespit eder.,Bilgi,Analiz,Çıkarım ve ilişkilendirme,Mat01MK0164; Mat01MK0166; Mat04MK0065,,,ÇS,3 maddeden en az 2'si doğru,taslak,2026-10-01
Mat04MK0102,04,Merkez açının ölçüsü ile daire diliminin alanı arasında orantı olduğunu tespit eder.,Bilgi,Analiz,Çıkarım ve ilişkilendirme,Mat04MK0099; Mat01MK0164; Mat01MK0166,,Mat04YG0013,ÇS,3 maddeden en az 2'si doğru,taslak,2026-10-01
Mat04MK0103,04,Daire diliminin alanını merkez açıyla orantı kurarak hesaplar.,Beceri,Uygulama,Kural uygulama,Mat04MK0102,,Mat04YG0013,ÇS,3 maddeden en az 2'si doğru,taslak,2026-10-01
Mat04MK0104,04,Yay uzunluğunu merkez açıyla orantı kurarak hesaplar.,Beceri,Uygulama,Kural uygulama,Mat04MK0101,,,ÇS,3 maddeden en az 2'si doğru,taslak,2026-10-01
Mat04MK0105,04,Daire diliminin çevresini yay uzunluğu ile iki yarıçapın toplamı olarak hesaplar.,Beceri,Uygulama,Kural uygulama,Mat04MK0104,,,ÇS,3 maddeden en az 2'si doğru,taslak,2026-10-01
Mat04MK0106,04,"Dikdörtgen, paralelkenar ve üçgenin alan bağıntılarından eşkenar dörtgenin alanına dair varsayımda bulunur.",Bilgi,Analiz,Çıkarım ve ilişkilendirme,Mat04MK0033; Mat04MK0034,,,AU,3 maddeden en az 2'si doğru,taslak,2026-10-01
Mat04MK0107,04,"Dikdörtgen, paralelkenar ve üçgenin alan bağıntılarından yamuğun alanına dair varsayımda bulunur.",Bilgi,Analiz,Çıkarım ve ilişkilendirme,Mat04MK0033; Mat04MK0034,,,AU,3 maddeden en az 2'si doğru,taslak,2026-10-01
Mat04MK0108,04,Eşkenar dörtgeni parçalayarak ya da tamamlayarak oluşan şekillerin alanlarını bulur.,Beceri,Uygulama,Kural uygulama,Mat04MK0106; Mat04MK0036,,,AU,3 maddeden en az 2'si doğru,taslak,2026-10-01
Mat04MK0109,04,Yamuğu parçalayarak ya da tamamlayarak oluşan şekillerin alanlarını bulur.,Beceri,Uygulama,Kural uygulama,Mat04MK0107; Mat04MK0035; Mat04MK0036,,,AU,3 maddeden en az 2'si doğru,taslak,2026-10-01
Mat04MK0110,04,Eşkenar dörtgenin alan bağıntısına (köşegenler çarpımının yarısı) ulaşır.,Beceri,Analiz,Model kurma,Mat04MK0108,,,ÇS; AU,3 maddeden en az 2'si doğru,taslak,2026-10-01
Mat04MK0111,04,Yamuğun alan bağıntısına ((a + c) · h / 2) ulaşır.,Beceri,Analiz,Model kurma,Mat04MK0109,,Mat04YG0014,ÇS; AU,3 maddeden en az 2'si doğru,taslak,2026-10-01
Mat04MK0112,04,Eşkenar dörtgenin alanını hesaplar.,Beceri,Uygulama,Kural uygulama,Mat04MK0110,,,ÇS,3 maddeden en az 2'si doğru,taslak,2026-10-01
Mat04MK0113,04,Yamuğun alanını hesaplar.,Beceri,Uygulama,Kural uygulama,Mat04MK0111,,Mat04YG0014,ÇS,3 maddeden en az 2'si doğru,taslak,2026-10-01
Mat04MK0114,04,Eşkenar dörtgenin alan bağıntısının başka şekillerin alanını bulmaya katkısını değerlendirir.,Beceri,Değerlendirme,Sınama ve değerlendirme,Mat04MK0112,,,AU,3 maddeden en az 2'si doğru,taslak,2026-10-01
Mat04MK0115,04,Yamuğun alan bağıntısının başka şekillerin alanını bulmaya katkısını değerlendirir.,Beceri,Değerlendirme,Sınama ve değerlendirme,Mat04MK0113,,,AU,3 maddeden en az 2'si doğru,taslak,2026-10-01
Mat04MK0116,04,"Dairenin alanına ilişkin problemlerde nicelikleri ve aralarındaki ilişkileri belirleyerek problemi uygun temsile (şekil, tablo, sayı doğrusu, denklem) dönüştürür.",Beceri,Uygulama,Dönüştürme,Mat04MK0099; Mat04MK0100,,,AU,3 maddeden en az 2'si doğru,taslak,2026-10-01
Mat04MK0117,04,"Daire diliminin alanına ilişkin problemlerde nicelikleri ve aralarındaki ilişkileri belirleyerek problemi uygun temsile (şekil, tablo, sayı doğrusu, denklem) dönüştürür.",Beceri,Uygulama,Dönüştürme,Mat04MK0103; Mat04MK0099,,,AU,3 maddeden en az 2'si doğru,taslak,2026-10-01
Mat04MK0118,04,"Eşkenar dörtgenin alanına ilişkin problemlerde nicelikleri ve aralarındaki ilişkileri belirleyerek problemi uygun temsile (şekil, tablo, sayı doğrusu, denklem) dönüştürür.",Beceri,Uygulama,Dönüştürme,Mat04MK0112,,,AU,3 maddeden en az 2'si doğru,taslak,2026-10-01
Mat04MK0119,04,"Yamuğun alanına ilişkin problemlerde nicelikleri ve aralarındaki ilişkileri belirleyerek problemi uygun temsile (şekil, tablo, sayı doğrusu, denklem) dönüştürür.",Beceri,Uygulama,Dönüştürme,Mat04MK0113,,,AU,3 maddeden en az 2'si doğru,taslak,2026-10-01
Mat04MK0120,04,Dairenin alanına ilişkin problemler için strateji geliştirip uygulayarak problemi çözer.,Beceri,Uygulama,Transfer ve problem çözme,Mat04MK0116,,,ÇS; AU,3 maddeden en az 2'si doğru,taslak,2026-10-01
Mat04MK0121,04,Daire diliminin alanına ilişkin problemler için strateji geliştirip uygulayarak problemi çözer.,Beceri,Uygulama,Transfer ve problem çözme,Mat04MK0117,,,ÇS; AU,3 maddeden en az 2'si doğru,taslak,2026-10-01
Mat04MK0122,04,Eşkenar dörtgenin alanına ilişkin problemler için strateji geliştirip uygulayarak problemi çözer.,Beceri,Uygulama,Transfer ve problem çözme,Mat04MK0118,,,ÇS; AU,3 maddeden en az 2'si doğru,taslak,2026-10-01
Mat04MK0123,04,Yamuğun alanına ilişkin problemler için strateji geliştirip uygulayarak problemi çözer.,Beceri,Uygulama,Transfer ve problem çözme,Mat04MK0119,,,ÇS; AU,3 maddeden en az 2'si doğru,taslak,2026-10-01
Mat04MK0124,04,"Dairenin alanına ilişkin problemlerin çözümünü kontrol eder, çözüme ulaştırmayan stratejiyi değiştirir ve farklı çözüm yollarını değerlendirir.",Beceri,Değerlendirme,Sınama ve değerlendirme,Mat04MK0120,,,AU,3 maddeden en az 2'si doğru,taslak,2026-10-01
Mat04MK0125,04,"Daire diliminin alanına ilişkin problemlerin çözümünü kontrol eder, çözüme ulaştırmayan stratejiyi değiştirir ve farklı çözüm yollarını değerlendirir.",Beceri,Değerlendirme,Sınama ve değerlendirme,Mat04MK0121,,,AU,3 maddeden en az 2'si doğru,taslak,2026-10-01
Mat04MK0126,04,"Eşkenar dörtgenin alanına ilişkin problemlerin çözümünü kontrol eder, çözüme ulaştırmayan stratejiyi değiştirir ve farklı çözüm yollarını değerlendirir.",Beceri,Değerlendirme,Sınama ve değerlendirme,Mat04MK0122,,,AU,3 maddeden en az 2'si doğru,taslak,2026-10-01
Mat04MK0127,04,"Yamuğun alanına ilişkin problemlerin çözümünü kontrol eder, çözüme ulaştırmayan stratejiyi değiştirir ve farklı çözüm yollarını değerlendirir.",Beceri,Değerlendirme,Sınama ve değerlendirme,Mat04MK0123,,,AU,3 maddeden en az 2'si doğru,taslak,2026-10-01
Mat04MK0128,04,Dairenin alanına ilişkin problemlerde kullandığı stratejiyi farklı problemlere genelleyerek genellemenin geçerliliğini örneklerle değerlendirir.,Beceri,Analiz,Çıkarım ve ilişkilendirme,Mat04MK0124,,,AU,3 maddeden en az 2'si doğru,taslak,2026-10-01
Mat04MK0129,04,Daire diliminin alanına ilişkin problemlerde kullandığı stratejiyi farklı problemlere genelleyerek genellemenin geçerliliğini örneklerle değerlendirir.,Beceri,Analiz,Çıkarım ve ilişkilendirme,Mat04MK0125,,,AU,3 maddeden en az 2'si doğru,taslak,2026-10-01
Mat04MK0130,04,Eşkenar dörtgenin alanına ilişkin problemlerde kullandığı stratejiyi farklı problemlere genelleyerek genellemenin geçerliliğini örneklerle değerlendirir.,Beceri,Analiz,Çıkarım ve ilişkilendirme,Mat04MK0126,,,AU,3 maddeden en az 2'si doğru,taslak,2026-10-01
Mat04MK0131,04,Yamuğun alanına ilişkin problemlerde kullandığı stratejiyi farklı problemlere genelleyerek genellemenin geçerliliğini örneklerle değerlendirir.,Beceri,Analiz,Çıkarım ve ilişkilendirme,Mat04MK0127,,,AU,3 maddeden en az 2'si doğru,taslak,2026-10-01
Mat04MK0132,04,"Dik prizmanın elemanlarını (taban, yanal yüz, cisim yüksekliği) belirler.",Bilgi,Anlama,Tanıma ve hatırlama,Mat04MK0072,,,ÇS,3 maddeden en az 2'si doğru,taslak,2026-09-29
Mat04MK0133,04,"Dikdörtgen dik piramidin elemanlarını (taban, yanal yüz, tepe noktası, yükseklik) belirler.",Bilgi,Anlama,Tanıma ve hatırlama,Mat03MK0040,,,ÇS,3 maddeden en az 2'si doğru,taslak,2026-10-01
Mat04MK0134,04,"Dik dairesel silindirin elemanlarını (taban, yanal yüz, yükseklik) belirler.",Bilgi,Anlama,Tanıma ve hatırlama,Mat04MK0051; Mat04MK0052,,,ÇS,3 maddeden en az 2'si doğru,taslak,2026-10-01
Mat04MK0135,04,"Dik dairesel koninin elemanlarını (taban, tepe noktası, ana doğru, yükseklik) belirler.",Bilgi,Anlama,Tanıma ve hatırlama,Mat04MK0052,,,ÇS,3 maddeden en az 2'si doğru,taslak,2026-10-01
Mat04MK0136,04,Dik prizmanın yüzey açınımındaki şekilleri belirler.,Bilgi,Anlama,Tanıma ve hatırlama,Mat04MK0132,,,ÇS,3 maddeden en az 2'si doğru,taslak,2026-09-29
Mat04MK0137,04,Dikdörtgen dik piramidin yüzey açınımındaki şekilleri belirler.,Bilgi,Anlama,Tanıma ve hatırlama,Mat04MK0133,,,ÇS,3 maddeden en az 2'si doğru,taslak,2026-10-01
Mat04MK0138,04,Dik dairesel silindirin yüzey açınımındaki şekilleri belirler.,Bilgi,Anlama,Tanıma ve hatırlama,Mat04MK0134,,,ÇS,3 maddeden en az 2'si doğru,taslak,2026-10-01
Mat04MK0139,04,Dik dairesel koninin yüzey açınımındaki şekilleri belirler.,Bilgi,Anlama,Tanıma ve hatırlama,Mat04MK0135,,Mat04YG0015,ÇS,3 maddeden en az 2'si doğru,taslak,2026-10-01
Mat04MK0140,04,Verilen açınımın hangi cisme ait olduğunu belirler.,Beceri,Analiz,Yorumlama,Mat04MK0136; Mat04MK0137; Mat04MK0138; Mat04MK0139,,,ÇS,3 maddeden en az 2'si doğru,taslak,2026-09-29
Mat04MK0141,04,Verilen açınımın katlandığında cismi oluşturup oluşturmayacağını belirler.,Beceri,Analiz,Yorumlama,Mat04MK0136; Mat04MK0137; Mat04MK0138; Mat04MK0139,,Mat04YG0016,ÇS,3 maddeden en az 2'si doğru,taslak,2026-10-01
Mat04MK0142,04,Silindir açınımında yanal yüz dikdörtgeninin bir kenarının taban çemberinin uzunluğuna eşit olduğunu belirler.,Bilgi,Analiz,Çıkarım ve ilişkilendirme,Mat04MK0138; Mat04MK0058,,Mat04YG0017,ÇS,3 maddeden en az 2'si doğru,taslak,2026-09-29
Mat04MK0143,04,Silindir açınımında yanal yüz dikdörtgeninin diğer kenarının silindirin yüksekliğine eşit olduğunu belirler.,Bilgi,Analiz,Çıkarım ve ilişkilendirme,Mat04MK0138,,,ÇS,3 maddeden en az 2'si doğru,taslak,2026-10-01
Mat04MK0144,04,Piramit açınımında yanal yüz üçgeninin tabanının taban kenarına eşit olduğunu belirler.,Bilgi,Analiz,Çıkarım ve ilişkilendirme,Mat04MK0137,,,ÇS,3 maddeden en az 2'si doğru,taslak,2026-09-29
Mat04MK0145,04,Koni açınımında daire diliminin yay uzunluğunun taban çemberinin uzunluğuna eşit olduğunu belirler.,Bilgi,Analiz,Çıkarım ve ilişkilendirme,Mat04MK0139; Mat04MK0104,,Mat04YG0015,ÇS,3 maddeden en az 2'si doğru,taslak,2026-10-01
Mat04MK0146,04,Bir cismin yüzey açınımını çizer ya da kâğıttan oluşturup katlar.,Beceri,Uygulama,Dönüştürme,Mat04MK0140; Mat04MK0141,,Mat04YG0016,PG,Rubrikte yeterli ve üstü,taslak,2026-09-29
Mat04MK0147,04,Silindirin yüzey açınımını oluşturan iki daire ve bir dikdörtgeni silindirin ölçüleriyle ilişkilendirir.,Beceri,Uygulama,Çıkarım ve ilişkilendirme,Mat04MK0142; Mat04MK0143,,,PG; ÇS,3 maddeden en az 2'si doğru; PG'de rubrikte yeterli ve üstü,taslak,2026-09-29
Mat04MK0148,04,Silindirin yüzey alanının iki taban alanı ile yanal alanın toplamı (2πr² + 2πr·h) olduğu çıkarımını yapar.,Bilgi,Analiz,Çıkarım ve ilişkilendirme,Mat04MK0147; Mat04MK0099,,Mat04YG0018,ÇS; AU,3 maddeden en az 2'si doğru,taslak,2026-09-29
Mat04MK0149,04,Dik dairesel silindirin yüzey alanını hesaplar ve uygun birimle ifade eder.,Beceri,Uygulama,Kural uygulama,Mat04MK0148,,Mat04YG0018; Mat04YG0011,ÇS,3 maddeden en az 2'si doğru,taslak,2026-09-29
Mat04MK0150,04,"Çıkarımını farklı durumlarda (kapaksız kutu, boru, etiket) değerlendirerek yüzey alanı hesabını duruma uyarlar.",Beceri,Değerlendirme,Transfer ve problem çözme,Mat04MK0149,,Mat04YG0018,AU; PG,3 maddeden en az 2'si doğru; PG'de rubrikte yeterli ve üstü,taslak,2026-09-29
Mat04MK0151,04,Silindiri üst üste konmuş özdeş daire katmanları olarak düşünerek daire ile silindir arasındaki ilişkiyi belirtir.,Bilgi,Anlama,Açıklama ve özetleme,Mat04MK0099,,,AU,3 maddeden en az 2'si doğru,taslak,2026-09-29
Mat04MK0152,04,Dikdörtgenler prizmasının hacminin (taban alanı × yükseklik) oluşturulma süreci ile silindirin oluşturulma süreci arasındaki benzerliği belirler.,Bilgi,Analiz,Karşılaştırma,Mat04MK0151; Mat04MK0078; Mat04MK0079,,,AU,3 maddeden en az 2'si doğru,taslak,2026-09-29
Mat04MK0153,04,Silindirin hacminin taban alanı ile yüksekliğin çarpımı (V = πr²·h) olduğu çıkarımını yapar.,Bilgi,Analiz,Çıkarım ve ilişkilendirme,Mat04MK0152,,,ÇS,3 maddeden en az 2'si doğru,taslak,2026-09-29
Mat04MK0154,04,Dik dairesel silindirin hacmini hesaplar ve küp birimle ifade eder.,Beceri,Uygulama,Kural uygulama,Mat04MK0153,,Mat04YG0019; Mat04YG0011,ÇS,3 maddeden en az 2'si doğru,taslak,2026-09-29
Mat04MK0155,04,Silindirin hacmini içeren gerçek yaşam problemlerini (su deposu) çözer.,Beceri,Uygulama,Transfer ve problem çözme,Mat04MK0154,,Mat04YG0011,AU,3 maddeden en az 2'si doğru,taslak,2026-09-29
Mat04MK0156,04,Silindirin yüzey alanını içeren gerçek yaşam problemlerini (konserve kutusu etiketi) çözer.,Beceri,Uygulama,Transfer ve problem çözme,Mat04MK0149,,Mat04YG0011,AU,3 maddeden en az 2'si doğru,taslak,2026-10-01
Mat04MK0157,04,"Dik prizmanın taban, yan yüz, ayrıt ve yüksekliği gibi elemanlarını belirtir.",Bilgi,Anlama,Tanıma ve hatırlama,Mat04MK0132,,,ÇS,3 maddeden en az 2'si doğru,taslak,2026-10-01
Mat04MK0158,04,"Dik dairesel silindirin taban, yan yüz ve yüksekliği gibi elemanlarını belirtir.",Bilgi,Anlama,Tanıma ve hatırlama,Mat04MK0134,,,ÇS,3 maddeden en az 2'si doğru,taslak,2026-10-01
Mat04MK0159,04,Dik prizma ve silindirin elemanları arasındaki ilişkileri (cisim köşegeni gibi) belirler.,Bilgi,Analiz,Çıkarım ve ilişkilendirme,Mat04MK0157; Mat04MK0158,,,ÇS,3 maddeden en az 2'si doğru,taslak,2026-10-01
Mat04MK0160,04,Dikdörtgenler prizmasının cisim köşegeninin uzunluğunu hesaplar.,Beceri,Uygulama,Kural uygulama,Mat04MK0159; Mat03MK0143,,,ÇS,3 maddeden en az 2'si doğru,taslak,2026-10-01
Mat04MK0161,04,Prizmadan yola çıkarak piramidin hacim bağıntısına (taban alanı × yükseklik / 3) ulaşır.,Beceri,Analiz,Model kurma,Mat04MK0159; Mat04MK0079,,,AU,3 maddeden en az 2'si doğru,taslak,2026-10-01
Mat04MK0162,04,Dik prizmanın yüzey alanını hesaplar.,Beceri,Uygulama,Kural uygulama,Mat04MK0157; Mat04MK0074,,,ÇS,3 maddeden en az 2'si doğru,taslak,2026-10-01
Mat04MK0163,04,Dik prizmanın hacmini hesaplar.,Beceri,Uygulama,Kural uygulama,Mat04MK0157; Mat04MK0079,,,ÇS,3 maddeden en az 2'si doğru,taslak,2026-10-01
Mat04MK0164,04,Silindirin yüzey alanını hesaplar.,Beceri,Uygulama,Kural uygulama,Mat04MK0149; Mat04MK0158,,,ÇS,3 maddeden en az 2'si doğru,taslak,2026-10-01
Mat04MK0165,04,Silindirin hacmini hesaplar.,Beceri,Uygulama,Kural uygulama,Mat04MK0154; Mat04MK0158,,,ÇS,3 maddeden en az 2'si doğru,taslak,2026-10-01
Mat04MK0166,04,Silindirden yola çıkarak koninin hacim bağıntısına ulaşır.,Beceri,Analiz,Model kurma,Mat04MK0161; Mat04MK0154,,Mat04YG0020,AU,3 maddeden en az 2'si doğru,taslak,2026-10-01
Mat04MK0167,04,Koninin yüzey alanı bağıntısına ulaşır.,Beceri,Analiz,Model kurma,Mat04MK0145; Mat04MK0103,,,AU,3 maddeden en az 2'si doğru,taslak,2026-10-01
Mat04MK0168,04,Kürenin hacim bağıntısına ulaşır.,Beceri,Analiz,Model kurma,Mat04MK0166,,,AU,3 maddeden en az 2'si doğru,taslak,2026-10-01
Mat04MK0169,04,Kürenin yüzey alanı bağıntısına ulaşır.,Beceri,Analiz,Model kurma,Mat04MK0167,,,AU,3 maddeden en az 2'si doğru,taslak,2026-10-01
Mat04MK0170,04,Piramidin yüzey alanını hesaplar.,Beceri,Uygulama,Kural uygulama,Mat04MK0137; Mat04MK0036,,,ÇS,3 maddeden en az 2'si doğru,taslak,2026-10-01
Mat04MK0171,04,Piramidin hacmini hesaplar.,Beceri,Uygulama,Kural uygulama,Mat04MK0161,,,ÇS,3 maddeden en az 2'si doğru,taslak,2026-10-01
Mat04MK0172,04,Koninin yüzey alanını hesaplar.,Beceri,Uygulama,Kural uygulama,Mat04MK0167,,,ÇS,3 maddeden en az 2'si doğru,taslak,2026-10-01
Mat04MK0173,04,Koninin hacmini hesaplar.,Beceri,Uygulama,Kural uygulama,Mat04MK0166,,Mat04YG0020,ÇS,3 maddeden en az 2'si doğru,taslak,2026-10-01
Mat04MK0174,04,Kürenin yüzey alanını hesaplar.,Beceri,Uygulama,Kural uygulama,Mat04MK0169,,,ÇS,3 maddeden en az 2'si doğru,taslak,2026-10-01
Mat04MK0175,04,Kürenin hacmini hesaplar.,Beceri,Uygulama,Kural uygulama,Mat04MK0168,,,ÇS,3 maddeden en az 2'si doğru,taslak,2026-10-01
Mat04MK0176,04,"Geometrik cisimlerin yüzey alanını içeren problemlerde nicelikleri ve aralarındaki ilişkileri belirleyerek problemi uygun temsile (şekil, tablo, sayı doğrusu, denklem) dönüştürür.",Beceri,Uygulama,Dönüştürme,Mat04MK0162; Mat04MK0164; Mat04MK0170; Mat04MK0172; Mat04MK0174; Mat04MK0160,,,AU,3 maddeden en az 2'si doğru,taslak,2026-10-01
Mat04MK0177,04,"Geometrik cisimlerin hacmini içeren problemlerde nicelikleri ve aralarındaki ilişkileri belirleyerek problemi uygun temsile (şekil, tablo, sayı doğrusu, denklem) dönüştürür.",Beceri,Uygulama,Dönüştürme,Mat04MK0163; Mat04MK0165; Mat04MK0171; Mat04MK0173; Mat04MK0175,,,AU,3 maddeden en az 2'si doğru,taslak,2026-10-01
Mat04MK0178,04,Geometrik cisimlerin yüzey alanını içeren problemler için strateji geliştirip uygulayarak problemi çözer.,Beceri,Uygulama,Transfer ve problem çözme,Mat04MK0176,,,ÇS; AU,3 maddeden en az 2'si doğru,taslak,2026-10-01
Mat04MK0179,04,Geometrik cisimlerin hacmini içeren problemler için strateji geliştirip uygulayarak problemi çözer.,Beceri,Uygulama,Transfer ve problem çözme,Mat04MK0177,,,ÇS; AU,3 maddeden en az 2'si doğru,taslak,2026-10-01
Mat04MK0180,04,"Geometrik cisimlerin yüzey alanını içeren problemlerin çözümünü kontrol eder, çözüme ulaştırmayan stratejiyi değiştirir ve farklı çözüm yollarını değerlendirir.",Beceri,Değerlendirme,Sınama ve değerlendirme,Mat04MK0178,,,AU,3 maddeden en az 2'si doğru,taslak,2026-10-01
Mat04MK0181,04,"Geometrik cisimlerin hacmini içeren problemlerin çözümünü kontrol eder, çözüme ulaştırmayan stratejiyi değiştirir ve farklı çözüm yollarını değerlendirir.",Beceri,Değerlendirme,Sınama ve değerlendirme,Mat04MK0179,,,AU,3 maddeden en az 2'si doğru,taslak,2026-10-01
Mat04MK0182,04,Geometrik cisimlerin yüzey alanını içeren problemlerde kullandığı stratejiyi farklı problemlere genelleyerek genellemenin geçerliliğini örneklerle değerlendirir.,Beceri,Analiz,Çıkarım ve ilişkilendirme,Mat04MK0180,,,AU,3 maddeden en az 2'si doğru,taslak,2026-10-01
Mat04MK0183,04,Geometrik cisimlerin hacmini içeren problemlerde kullandığı stratejiyi farklı problemlere genelleyerek genellemenin geçerliliğini örneklerle değerlendirir.,Beceri,Analiz,Çıkarım ve ilişkilendirme,Mat04MK0181,,,AU,3 maddeden en az 2'si doğru,taslak,2026-10-01
Mat05MK0001,05,Şekillerin bir doğruya göre yansıma görüntülerine dair varsayımda bulunur.,Bilgi,Analiz,Çıkarım ve ilişkilendirme,Mat03MK0005,Simetri (önceki sınıflar),,AU,3 maddeden en az 2'si doğru,taslak,2026-10-01
Mat05MK0002,05,"Nokta, doğru parçası ve çokgenin dikey ya da yatay bir doğruya göre yansımasını kareli ya da noktalı kâğıtta oluşturur.",Beceri,Uygulama,Kural uygulama,Mat05MK0001,,,ÇS; AU,3 maddeden en az 2'si doğru,taslak,2026-10-01
Mat05MK0003,05,"Nokta, doğru parçası ve çokgenin eğik bir doğruya göre yansımasını kareli ya da noktalı kâğıtta oluşturur.",Beceri,Uygulama,Kural uygulama,Mat05MK0001,,Mat05YG0001,ÇS; AU,3 maddeden en az 2'si doğru,taslak,2026-10-01
Mat05MK0004,05,Oluşturduğu yansıma görüntülerini varsayımlarıyla karşılaştırır.,Beceri,Değerlendirme,Sınama ve değerlendirme,Mat05MK0002; Mat05MK0003,,,AU,3 maddeden en az 2'si doğru,taslak,2026-10-01
Mat05MK0005,05,Şekil ile yansımasının eş olduğu önermesini sunar.,Bilgi,Analiz,Çıkarım ve ilişkilendirme,Mat05MK0004,,Mat05YG0002,ÇS; AU,3 maddeden en az 2'si doğru,taslak,2026-10-01
Mat05MK0006,05,Simetrik noktaların simetri doğrusuna eşit uzaklıkta olduğu önermesini sunar.,Bilgi,Analiz,Çıkarım ve ilişkilendirme,Mat05MK0004,,,ÇS; AU,3 maddeden en az 2'si doğru,taslak,2026-10-01
Mat05MK0007,05,Simetrik noktaları birleştiren doğrunun simetri doğrusuna dik olduğu önermesini sunar.,Bilgi,Analiz,Çıkarım ve ilişkilendirme,Mat05MK0004,,,ÇS; AU,3 maddeden en az 2'si doğru,taslak,2026-10-01
Mat05MK0008,05,İki eş şeklin bir doğruya göre simetrik olup olmadığını önermesiyle belirler.,Beceri,Uygulama,Transfer ve problem çözme,Mat05MK0005; Mat05MK0006; Mat05MK0007,,,AU,3 maddeden en az 2'si doğru,taslak,2026-10-01
Mat05MK0009,05,İki simetrik şeklin simetri doğrusunu oluşturur.,Beceri,Uygulama,Transfer ve problem çözme,Mat05MK0006; Mat05MK0007,,,AU,3 maddeden en az 2'si doğru,taslak,2026-10-01
Mat05MK0010,05,Simetri doğrusunun özelliklerinden orta dikme inşasına dair çıkarım yapar.,Bilgi,Analiz,Çıkarım ve ilişkilendirme,Mat05MK0006; Mat05MK0007,,,AU,3 maddeden en az 2'si doğru,taslak,2026-10-01
Mat05MK0011,05,Simetri doğrusunun özelliklerinden açıortay inşasına dair çıkarım yapar.,Bilgi,Analiz,Çıkarım ve ilişkilendirme,Mat05MK0006; Mat05MK0007,,,AU,3 maddeden en az 2'si doğru,taslak,2026-10-01
Mat05MK0012,05,Pergel ve ölçüsüz cetvelle bir doğru parçasının orta dikmesini inşa eder.,Beceri,Uygulama,Beceri uygulama,Mat05MK0010; Mat03MK0008,,,PG,Rubrikte yeterli ve üstü,taslak,2026-10-01
Mat05MK0013,05,Pergel ve ölçüsüz cetvelle bir açının açıortayını inşa eder.,Beceri,Uygulama,Beceri uygulama,Mat05MK0011; Mat03MK0008,,,PG,Rubrikte yeterli ve üstü,taslak,2026-10-01
Mat05MK0014,05,Orta dikme inşasına dair çıkarımını farklı örneklerde değerlendirir.,Beceri,Değerlendirme,Sınama ve değerlendirme,Mat05MK0012,,,AU,3 maddeden en az 2'si doğru,taslak,2026-10-01
Mat05MK0015,05,Açıortay inşasına dair çıkarımını farklı örneklerde değerlendirir.,Beceri,Değerlendirme,Sınama ve değerlendirme,Mat05MK0013,,,AU,3 maddeden en az 2'si doğru,taslak,2026-10-01
Mat05MK0016,05,Araç ya da yazılımla bir çokgeni verilen yön ve uzaklıkta öteler.,Beceri,Uygulama,Beceri uygulama,,Koordinat sisteminde noktanın yerini belirler (temel kabul),Mat05YG0003,PG; ÇS,3 maddeden en az 2'si doğru; PG'de rubrikte yeterli ve üstü,taslak,2026-09-29
Mat05MK0017,05,Öteleme altında görüntünün kenar uzunluklarının değişmediğini belirler.,Bilgi,Anlama,Açıklama ve özetleme,Mat05MK0016,,Mat05YG0004,ÇS,3 maddeden en az 2'si doğru,taslak,2026-09-29
Mat05MK0018,05,Öteleme altında görüntünün açı ölçülerinin değişmediğini belirler.,Bilgi,Anlama,Açıklama ve özetleme,Mat05MK0016,,Mat05YG0004,ÇS,3 maddeden en az 2'si doğru,taslak,2026-10-01
Mat05MK0019,05,Şekil ile ötelenmiş görüntüsünün eş olduğunu belirler.,Bilgi,Analiz,Çıkarım ve ilişkilendirme,Mat05MK0017; Mat05MK0018,,,ÇS,3 maddeden en az 2'si doğru,taslak,2026-09-29
Mat05MK0020,05,Karşılıklı noktaları birleştiren doğru parçalarının eşit uzunlukta olduğunu belirler.,Bilgi,Analiz,Çıkarım ve ilişkilendirme,Mat05MK0017,,Mat05YG0003,ÇS,3 maddeden en az 2'si doğru,taslak,2026-10-01
Mat05MK0021,05,Karşılıklı noktaları birleştiren doğru parçalarının paralel olduğunu belirler.,Bilgi,Analiz,Çıkarım ve ilişkilendirme,Mat05MK0017; Mat05MK0018,,Mat05YG0003,ÇS,3 maddeden en az 2'si doğru,taslak,2026-10-01
Mat05MK0022,05,Verilen şekil ve görüntüsünden ötelemenin yönünü belirler.,Beceri,Uygulama,Yorumlama,Mat05MK0019,,,ÇS,3 maddeden en az 2'si doğru,taslak,2026-09-29
Mat05MK0023,05,Verilen şekil ve görüntüsünden ötelemenin miktarını belirler.,Beceri,Uygulama,Yorumlama,Mat05MK0019,,,ÇS,3 maddeden en az 2'si doğru,taslak,2026-10-01
Mat05MK0024,05,Ötelemede noktanın apsis ve ordinatının nasıl değişeceğine dair varsayımda bulunur.,Beceri,Analiz,Çıkarım ve ilişkilendirme,Mat02MK0101; Mat02MK0102; Mat05MK0016,,,AU,3 maddeden en az 2'si doğru,taslak,2026-09-29
Mat05MK0025,05,Yansımada noktanın apsis ve ordinatının nasıl değişeceğine dair varsayımda bulunur.,Beceri,Analiz,Çıkarım ve ilişkilendirme,Mat02MK0101; Mat02MK0102; Mat05MK0002,,,AU,3 maddeden en az 2'si doğru,taslak,2026-10-01
Mat05MK0026,05,Koordinat sisteminde bir noktanın ve çokgenin öteleme altındaki görüntüsünü oluşturur.,Beceri,Uygulama,Kural uygulama,Mat05MK0016; Mat02MK0101; Mat02MK0102,,Mat05YG0005,ÇS; AU,3 maddeden en az 2'si doğru,taslak,2026-09-29
Mat05MK0027,05,Bir noktanın ve çokgenin x eksenine göre yansımasını oluşturur.,Beceri,Uygulama,Kural uygulama,Mat02MK0101; Mat02MK0102; Mat05MK0002,,Mat05YG0006,ÇS; AU,3 maddeden en az 2'si doğru,taslak,2026-09-29
Mat05MK0028,05,Bir noktanın ve çokgenin y eksenine göre yansımasını oluşturur.,Beceri,Uygulama,Kural uygulama,Mat02MK0101; Mat02MK0102; Mat05MK0002,,Mat05YG0006,ÇS; AU,3 maddeden en az 2'si doğru,taslak,2026-10-01
Mat05MK0029,05,Ötelemede oluşturduğu görüntülerin koordinatlarını varsayımlarıyla karşılaştırır.,Beceri,Değerlendirme,Sınama ve değerlendirme,Mat05MK0026,,,AU,3 maddeden en az 2'si doğru,taslak,2026-09-29
Mat05MK0030,05,Yansımada oluşturduğu görüntülerin koordinatlarını varsayımlarıyla karşılaştırır.,Beceri,Değerlendirme,Sınama ve değerlendirme,Mat05MK0027; Mat05MK0028,,,AU,3 maddeden en az 2'si doğru,taslak,2026-10-01
Mat05MK0031,05,Ötelemede yatay kaydırmanın yalnızca apsisi değiştirdiği önermesini sunar.,Bilgi,Analiz,Çıkarım ve ilişkilendirme,Mat05MK0029,,Mat05YG0005,ÇS,3 maddeden en az 2'si doğru,taslak,2026-09-29
Mat05MK0032,05,Ötelemede dikey kaydırmanın yalnızca ordinatı değiştirdiği önermesini sunar.,Bilgi,Analiz,Çıkarım ve ilişkilendirme,Mat05MK0029,,Mat05YG0005,ÇS,3 maddeden en az 2'si doğru,taslak,2026-10-01
Mat05MK0033,05,x eksenine göre yansımada ordinatın işaret değiştirdiği önermesini sunar.,Bilgi,Analiz,Çıkarım ve ilişkilendirme,Mat05MK0030,,Mat05YG0006,ÇS,3 maddeden en az 2'si doğru,taslak,2026-09-29
Mat05MK0034,05,y eksenine göre yansımada apsisin işaret değiştirdiği önermesini sunar.,Bilgi,Analiz,Çıkarım ve ilişkilendirme,Mat05MK0030,,Mat05YG0006,ÇS,3 maddeden en az 2'si doğru,taslak,2026-10-01
Mat05MK0035,05,Koordinat önermelerini kullanarak iki şekil arasında öteleme ilişkisi olup olmadığını inceler.,Beceri,Değerlendirme,Sınama ve değerlendirme,Mat05MK0031; Mat05MK0032,,,ÇS; AU,3 maddeden en az 2'si doğru,taslak,2026-09-29
Mat05MK0036,05,Koordinat önermelerini kullanarak iki şekil arasında yansıma ilişkisi olup olmadığını inceler.,Beceri,Değerlendirme,Sınama ve değerlendirme,Mat05MK0033; Mat05MK0034,,,ÇS; AU,3 maddeden en az 2'si doğru,taslak,2026-10-01
Mat05MK0037,05,"Öteleme problemindeki şekli, koordinatları ve dönüşümü belirleyerek problemi koordinat sisteminde çizimle ya da koordinat kuralıyla temsil eder.",Beceri,Uygulama,Dönüştürme,Mat05MK0026; Mat05MK0031; Mat05MK0032,,,AU,3 maddeden en az 2'si doğru,taslak,2026-09-29
Mat05MK0038,05,"Yansıma problemindeki şekli, koordinatları ve dönüşümü belirleyerek problemi koordinat sisteminde çizimle ya da koordinat kuralıyla temsil eder.",Beceri,Uygulama,Dönüştürme,Mat05MK0027; Mat05MK0028; Mat05MK0033; Mat05MK0034,,,AU,3 maddeden en az 2'si doğru,taslak,2026-10-01
Mat05MK0039,05,Öteleme içeren dönüşüm problemlerinin sonucunu tahmin edip strateji geliştirerek çözer.,Beceri,Uygulama,Transfer ve problem çözme,Mat05MK0037,,Mat05YG0006; Mat05YG0005,ÇS; AU,3 maddeden en az 2'si doğru,taslak,2026-09-29
Mat05MK0040,05,Yansıma içeren dönüşüm problemlerinin sonucunu tahmin edip strateji geliştirerek çözer.,Beceri,Uygulama,Transfer ve problem çözme,Mat05MK0038,,Mat05YG0006; Mat05YG0005,ÇS; AU,3 maddeden en az 2'si doğru,taslak,2026-10-01
Mat05MK0041,05,"Öteleme içeren dönüşüm probleminin çözümünü kontrol eder, gerekirse stratejisini değiştirir ve kısa yolları değerlendirir.",Beceri,Değerlendirme,Sınama ve değerlendirme,Mat05MK0039,,,AU,3 maddeden en az 2'si doğru,taslak,2026-09-29
Mat05MK0042,05,"Yansıma içeren dönüşüm probleminin çözümünü kontrol eder, gerekirse stratejisini değiştirir ve kısa yolları değerlendirir.",Beceri,Değerlendirme,Sınama ve değerlendirme,Mat05MK0040,,,AU,3 maddeden en az 2'si doğru,taslak,2026-10-01
Mat05MK0043,05,Öteleme içeren dönüşüm problemlerinde kullandığı stratejiyi farklı problemlere genelleştirir ve genellemenin geçerliliğini yeni örneklerle değerlendirir.,Beceri,Analiz,Çıkarım ve ilişkilendirme,Mat05MK0041,,,AU,3 maddeden en az 2'si doğru,taslak,2026-09-29
Mat05MK0044,05,Yansıma içeren dönüşüm problemlerinde kullandığı stratejiyi farklı problemlere genelleştirir ve genellemenin geçerliliğini yeni örneklerle değerlendirir.,Beceri,Analiz,Çıkarım ve ilişkilendirme,Mat05MK0042,,,AU,3 maddeden en az 2'si doğru,taslak,2026-10-01
Mat05MK0045,05,Yansıma dönüşümünün özelliklerine ilişkin varsayımda bulunup eşliğin korunduğu genellemesini yapar.,Bilgi,Analiz,Çıkarım ve ilişkilendirme,Mat05MK0033; Mat05MK0034,,,AU,3 maddeden en az 2'si doğru,taslak,2026-10-01
Mat05MK0046,05,Öteleme dönüşümünün özelliklerine ilişkin varsayımda bulunup eşliğin korunduğu genellemesini yapar.,Bilgi,Analiz,Çıkarım ve ilişkilendirme,Mat05MK0031; Mat05MK0032,,,AU,3 maddeden en az 2'si doğru,taslak,2026-10-01
Mat05MK0047,05,Dönme dönüşümünün özelliklerine ilişkin varsayımda bulunup eşliğin korunduğu genellemesini yapar.,Bilgi,Analiz,Çıkarım ve ilişkilendirme,Mat05MK0005; Mat03MK0022,,,AU,3 maddeden en az 2'si doğru,taslak,2026-10-01
Mat05MK0048,05,Bir şeklin bir nokta etrafında 90° dönme altındaki görüntüsünü oluşturur.,Beceri,Uygulama,Kural uygulama,Mat05MK0047,,,ÇS,3 maddeden en az 2'si doğru,taslak,2026-10-01
Mat05MK0049,05,Bir şeklin bir nokta etrafında 180° dönme altındaki görüntüsünü oluşturur.,Beceri,Uygulama,Kural uygulama,Mat05MK0047,,Mat05YG0007,ÇS,3 maddeden en az 2'si doğru,taslak,2026-10-01
Mat05MK0050,05,Bir şeklin bir nokta etrafında 270° dönme altındaki görüntüsünü oluşturur.,Beceri,Uygulama,Kural uygulama,Mat05MK0047,,,ÇS,3 maddeden en az 2'si doğru,taslak,2026-10-01
Mat05MK0051,05,Orijin etrafında 90° dönmede bir noktanın görüntüsünün koordinatlarını bulur.,Beceri,Uygulama,Kural uygulama,Mat05MK0048; Mat02MK0102,,,ÇS,3 maddeden en az 2'si doğru,taslak,2026-10-01
Mat05MK0052,05,Orijin etrafında 180° dönmede bir noktanın görüntüsünün koordinatlarını bulur.,Beceri,Uygulama,Kural uygulama,Mat05MK0049; Mat02MK0102,,Mat05YG0007,ÇS,3 maddeden en az 2'si doğru,taslak,2026-10-01
Mat05MK0053,05,Orijin etrafında 270° dönmede bir noktanın görüntüsünün koordinatlarını bulur.,Beceri,Uygulama,Kural uygulama,Mat05MK0050; Mat02MK0102,,,ÇS,3 maddeden en az 2'si doğru,taslak,2026-10-01
Mat05MK0054,05,Dönmenin kesişen iki doğruya göre ardışık yansımalarla elde edilebildiği önermesini sunar.,Bilgi,Analiz,Çıkarım ve ilişkilendirme,Mat05MK0048; Mat05MK0049; Mat05MK0050,,,AU,3 maddeden en az 2'si doğru,taslak,2026-10-01
Mat05MK0055,05,Dönüşüm önermelerini süsleme ve simetri gibi yeni durumlarda kullanır.,Beceri,Uygulama,Transfer ve problem çözme,Mat05MK0054,,,PG,Rubrikte yeterli ve üstü,taslak,2026-10-01
Mat06MK0001,06,Bir durumun değişkenlik içeren veri gerektirdiği için istatistiksel araştırma gerektirip gerektirmediğini fark eder.,Bilgi,Anlama,Ayırt etme ve sınıflama,,Araştırma sürecinin adımlarını takip eder (temel kabul),,ÇS,3 maddeden en az 2'si doğru,taslak,2026-09-29
Mat06MK0002,06,Betimlemeye yönelik istatistiksel araştırma sorusu oluşturur.,Beceri,Uygulama,Çıkarım ve ilişkilendirme,Mat06MK0001,,,PG,Rubrikte yeterli ve üstü,taslak,2026-09-29
Mat06MK0003,06,İki grubu karşılaştırmaya yönelik istatistiksel araştırma sorusu oluşturur.,Beceri,Uygulama,Çıkarım ve ilişkilendirme,Mat06MK0001,,,PG,Rubrikte yeterli ve üstü,taslak,2026-10-01
Mat06MK0004,06,Araştırmanın evrenini ve örneklemini belirler.,Beceri,Uygulama,Üretme ve tasarım,Mat06MK0002; Mat06MK0003,,Mat06YG0001,PG,Rubrikte yeterli ve üstü,taslak,2026-09-29
Mat06MK0005,06,Veri toplama planı yapar.,Beceri,Uygulama,Üretme ve tasarım,Mat06MK0002; Mat06MK0003,,,PG,Rubrikte yeterli ve üstü,taslak,2026-10-01
Mat06MK0006,06,Anket sorusu hazırlayarak veri toplar.,Beceri,Uygulama,Gözlem ve kayıt,Mat06MK0005,,,PG,Rubrikte yeterli ve üstü,taslak,2026-09-29
Mat06MK0007,06,Araştırma sorusuna uygun hazır veriye ulaşır.,Beceri,Uygulama,Gözlem ve kayıt,Mat06MK0002; Mat06MK0003,,,PG,Rubrikte yeterli ve üstü,taslak,2026-10-01
Mat06MK0008,06,Verinin kategorik mi nicel mi olduğunu belirler.,Bilgi,Anlama,Ayırt etme ve sınıflama,Mat06MK0001,,Mat06YG0002,ÇS,3 maddeden en az 2'si doğru,taslak,2026-09-29
Mat06MK0009,06,Nicel verinin kesikli mi sürekli mi olduğunu belirler.,Bilgi,Anlama,Ayırt etme ve sınıflama,Mat06MK0008,,,ÇS,3 maddeden en az 2'si doğru,taslak,2026-10-01
Mat06MK0010,06,"Veri türüne uygun görselleştirme aracını (sütun, nokta, çizgi grafiği) seçip gerekçesini belirtir.",Beceri,Değerlendirme,Sınama ve değerlendirme,Mat06MK0008; Mat06MK0009,,,AU,3 maddeden en az 2'si doğru,taslak,2026-09-29
Mat06MK0011,06,Veri türüne uygun özetleme aracını seçip gerekçesini belirtir.,Beceri,Değerlendirme,Sınama ve değerlendirme,Mat06MK0008; Mat06MK0009,,Mat06YG0002,AU,3 maddeden en az 2'si doğru,taslak,2026-10-01
Mat06MK0012,06,Kategorik veriyi çeteleyle düzenler.,Beceri,Uygulama,Dönüştürme,Mat06MK0008,,,ÇS,3 maddeden en az 2'si doğru,taslak,2026-10-01
Mat06MK0013,06,Kategorik veriyi sıklık tablosuyla düzenler.,Beceri,Uygulama,Dönüştürme,Mat06MK0008; Mat06MK0012,,,ÇS,3 maddeden en az 2'si doğru,taslak,2026-10-01
Mat06MK0014,06,Kategorik veriyi sütun grafiğiyle gösterir.,Beceri,Uygulama,Dönüştürme,Mat06MK0013,,,ÇS; AU,3 maddeden en az 2'si doğru,taslak,2026-10-01
Mat06MK0015,06,Kategorik veriyi daire grafiğiyle gösterir.,Beceri,Uygulama,Dönüştürme,Mat06MK0013; Mat01MK0033,,Mat06YG0003,ÇS; AU,3 maddeden en az 2'si doğru,taslak,2026-10-01
Mat06MK0016,06,Tablo ve grafiklerden en sık görülen kategoriyi (tepe değer) belirler.,Bilgi,Analiz,Yorumlama,Mat06MK0014; Mat06MK0015,,,ÇS; AU,3 maddeden en az 2'si doğru,taslak,2026-10-01
Mat06MK0017,06,Tablo ve grafiklerden kategoriler arası farkları yorumlar.,Bilgi,Analiz,Yorumlama,Mat06MK0014; Mat06MK0015,,,ÇS; AU,3 maddeden en az 2'si doğru,taslak,2026-10-01
Mat06MK0018,06,Araştırma sonuçlarını veriye dayalı gerekçelerle sunar.,Beceri,Uygulama,Açıklama ve özetleme,Mat06MK0016; Mat06MK0017,,,PG,Rubrikte yeterli ve üstü,taslak,2026-09-29
Mat06MK0019,06,Sonuçların araştırma sorusunu yanıtlama düzeyini değerlendirir.,Beceri,Değerlendirme,Sınama ve değerlendirme,Mat06MK0018,,Mat06YG0001,PG,Rubrikte yeterli ve üstü,taslak,2026-09-29
Mat06MK0020,06,Gerektiğinde araştırma sürecini yeniden planlar.,Beceri,Değerlendirme,Sınama ve değerlendirme,Mat06MK0018,,,PG,Rubrikte yeterli ve üstü,taslak,2026-10-01
Mat06MK0021,06,Örneklemin küçük olmasından kaynaklanan yanlılığı tespit eder.,Beceri,Analiz,Yorumlama,Mat06MK0004,,Mat06YG0001,ÇS; AU,3 maddeden en az 2'si doğru,taslak,2026-09-29
Mat06MK0022,06,Örneklemin evreni temsil etmemesinden kaynaklanan yanlılığı tespit eder.,Beceri,Analiz,Yorumlama,Mat06MK0004,,Mat06YG0001,ÇS; AU,3 maddeden en az 2'si doğru,taslak,2026-10-01
Mat06MK0023,06,Gönüllülerden oluşan örneklemin yanlılığını tespit eder.,Beceri,Analiz,Yorumlama,Mat06MK0004,,,ÇS; AU,3 maddeden en az 2'si doğru,taslak,2026-10-01
Mat06MK0024,06,Eksen başlangıcı nedeniyle yanıltıcı olan grafikleri tespit eder.,Beceri,Analiz,Yorumlama,Mat06MK0014,,Mat06YG0004,ÇS,3 maddeden en az 2'si doğru,taslak,2026-09-29
Mat06MK0025,06,Ölçek nedeniyle yanıltıcı olan grafikleri tespit eder.,Beceri,Analiz,Yorumlama,Mat06MK0014,,Mat06YG0004,ÇS,3 maddeden en az 2'si doğru,taslak,2026-10-01
Mat06MK0026,06,Eksik kategori nedeniyle yanıltıcı olan grafikleri tespit eder.,Beceri,Analiz,Yorumlama,Mat06MK0014; Mat06MK0013,,,ÇS,3 maddeden en az 2'si doğru,taslak,2026-10-01
Mat06MK0027,06,Tespitlerine dayanarak istatistiksel sonucu gerekçesiyle kabul eder ya da çürütür.,Beceri,Değerlendirme,Sınama ve değerlendirme,Mat06MK0021; Mat06MK0022; Mat06MK0023; Mat06MK0024; Mat06MK0025; Mat06MK0026,,,AU; PG,3 maddeden en az 2'si doğru; PG'de rubrikte yeterli ve üstü,taslak,2026-09-29
Mat06MK0028,06,Nicel (kesikli) veriyi nokta grafiğiyle gösterir.,Beceri,Uygulama,Dönüştürme,Mat06MK0010,,,ÇS; AU,3 maddeden en az 2'si doğru,taslak,2026-10-01
Mat06MK0029,06,Nicel veriyi kök-yaprak gösterimiyle düzenler.,Beceri,Uygulama,Dönüştürme,Mat06MK0010; Mat06MK0011,,,ÇS,3 maddeden en az 2'si doğru,taslak,2026-10-01
Mat06MK0030,06,Nicel verinin açıklığını en büyük ve en küçük değer arasındaki fark olarak hesaplar.,Beceri,Uygulama,Kural uygulama,Mat06MK0008,,,ÇS,3 maddeden en az 2'si doğru,taslak,2026-10-01
Mat06MK0031,06,Tek sayıda veride ortancayı bulur.,Beceri,Uygulama,Kural uygulama,Mat06MK0008,,Mat06YG0005,ÇS,3 maddeden en az 2'si doğru,taslak,2026-10-01
Mat06MK0032,06,Çift sayıda veride ortancayı iki ortadaki değerin ortalaması olarak bulur.,Beceri,Uygulama,Kural uygulama,Mat06MK0031; Mat01MK0109,,Mat06YG0005,ÇS,3 maddeden en az 2'si doğru,taslak,2026-10-01
Mat06MK0033,06,Nicel verinin aritmetik ortalamasını hesaplar.,Beceri,Uygulama,Kural uygulama,Mat06MK0008; Mat01MK0109,,,ÇS,3 maddeden en az 2'si doğru,taslak,2026-10-01
Mat06MK0034,06,Nicel veride tepe değeri belirler.,Beceri,Uygulama,Kural uygulama,Mat06MK0008,Veri özetleme hesaplamaları yapar (temel kabul),,ÇS,3 maddeden en az 2'si doğru,taslak,2026-09-29
Mat06MK0035,06,Veriyi seçtiği grafikle görselleştirir.,Beceri,Analiz,Yorumlama,Mat06MK0010; Mat06MK0028; Mat06MK0029,,,AU; PG,3 maddeden en az 2'si doğru; PG'de rubrikte yeterli ve üstü,taslak,2026-09-29
Mat06MK0036,06,Grafikten dağılımın merkezini yorumlar.,Beceri,Analiz,Yorumlama,Mat06MK0028; Mat06MK0031; Mat06MK0033,,,AU; PG,3 maddeden en az 2'si doğru; PG'de rubrikte yeterli ve üstü,taslak,2026-10-01
Mat06MK0037,06,Grafikten dağılımın yayılımını yorumlar.,Beceri,Analiz,Yorumlama,Mat06MK0028; Mat06MK0030,,Mat06YG0006,AU; PG,3 maddeden en az 2'si doğru; PG'de rubrikte yeterli ve üstü,taslak,2026-10-01
Mat06MK0038,06,Başkalarının ulaştığı istatistiksel sonucun hangi veriye dayandığını belirler.,Beceri,Analiz,Yorumlama,Mat06MK0007,,,AU,3 maddeden en az 2'si doğru,taslak,2026-09-29
Mat06MK0039,06,Başkalarının ulaştığı sonucun hangi örnekleme dayandığını belirler.,Beceri,Analiz,Yorumlama,Mat06MK0004,,,AU,3 maddeden en az 2'si doğru,taslak,2026-10-01
Mat06MK0040,06,Başkalarının ulaştığı sonucun hangi özetleme ölçüsüne dayandığını belirler.,Beceri,Analiz,Yorumlama,Mat06MK0031; Mat06MK0033; Mat06MK0034,,,AU,3 maddeden en az 2'si doğru,taslak,2026-10-01
Mat06MK0041,06,Sonucu verinin merkezine ilişkin bilgilerle temellendirir.,Beceri,Analiz,Çıkarım ve ilişkilendirme,Mat06MK0036,,,AU,3 maddeden en az 2'si doğru,taslak,2026-09-29
Mat06MK0042,06,Sonucu verinin yayılımına ilişkin bilgilerle temellendirir.,Beceri,Analiz,Çıkarım ve ilişkilendirme,Mat06MK0037,,Mat06YG0006,AU,3 maddeden en az 2'si doğru,taslak,2026-10-01
Mat06MK0043,06,Nicel veride ortalama mutlak sapmayı hesaplar.,Beceri,Uygulama,Kural uygulama,Mat06MK0033; Mat01MK0137,,Mat06YG0006,ÇS,3 maddeden en az 2'si doğru,taslak,2026-09-29
Mat06MK0044,06,Uç değer içeren veride hangi merkezî eğilim ölçüsünün veriyi daha iyi temsil ettiğini belirler.,Bilgi,Analiz,Yorumlama,Mat06MK0031; Mat06MK0033,,Mat06YG0007,ÇS,3 maddeden en az 2'si doğru,taslak,2026-09-29
Mat06MK0045,06,Uygun olmayan özetleme ölçüsü seçimini (ör. uç değerli veride ortalama) tespit eder.,Beceri,Analiz,Yorumlama,Mat06MK0044,,Mat06YG0007,ÇS,3 maddeden en az 2'si doğru,taslak,2026-09-29
Mat06MK0046,06,Nicel veriyi histogramla gösterir.,Beceri,Uygulama,Dönüştürme,Mat06MK0009; Mat06MK0014,,,ÇS; AU,3 maddeden en az 2'si doğru,taslak,2026-10-01
Mat06MK0047,06,Nicel verinin çeyreklerini hesaplar.,Beceri,Uygulama,Kural uygulama,Mat06MK0031; Mat06MK0032,,,ÇS,3 maddeden en az 2'si doğru,taslak,2026-10-01
Mat06MK0048,06,Nicel verinin çeyrekler açıklığını hesaplar.,Beceri,Uygulama,Kural uygulama,Mat06MK0047,,,ÇS,3 maddeden en az 2'si doğru,taslak,2026-10-01
Mat06MK0049,06,Nicel veriyi beş sayı özetiyle kutu grafiğinde gösterir.,Beceri,Uygulama,Dönüştürme,Mat06MK0047,,Mat06YG0008,ÇS; AU,3 maddeden en az 2'si doğru,taslak,2026-10-01
Mat06MK0050,06,"Dağılımın biçimini (simetrik, çarpık) yorumlar.",Bilgi,Analiz,Yorumlama,Mat06MK0046; Mat06MK0049; Mat06MK0036; Mat06MK0037,,,AU,3 maddeden en az 2'si doğru,taslak,2026-10-01
Mat06MK0051,06,Dağılımın merkezini yorumlar.,Bilgi,Analiz,Yorumlama,Mat06MK0046; Mat06MK0049; Mat06MK0036,,,AU,3 maddeden en az 2'si doğru,taslak,2026-10-01
Mat06MK0052,06,Dağılımın yayılımını yorumlayarak verinin arasına ve ötesine ilişkin sonuç çıkarır.,Bilgi,Analiz,Yorumlama,Mat06MK0046; Mat06MK0049; Mat06MK0037,,,AU,3 maddeden en az 2'si doğru,taslak,2026-10-01
Mat06MK0053,06,İki kategorik değişkenli veriyi iki yönlü tabloda düzenler.,Beceri,Uygulama,Dönüştürme,Mat06MK0013,,,ÇS; AU,3 maddeden en az 2'si doğru,taslak,2026-10-01
Mat06MK0054,06,İki yönlü tabloda satır göreli sıklıklarını hesaplar.,Beceri,Uygulama,Kural uygulama,Mat06MK0013; Mat01MK0111,,,ÇS,3 maddeden en az 2'si doğru,taslak,2026-10-01
Mat06MK0055,06,İki yönlü tabloda sütun göreli sıklıklarını hesaplar.,Beceri,Uygulama,Kural uygulama,Mat06MK0013; Mat01MK0111,,,ÇS,3 maddeden en az 2'si doğru,taslak,2026-10-01
Mat06MK0056,06,İki kategorik değişkenli veriyi bölümlenmiş sütun grafiğiyle gösterir.,Beceri,Uygulama,Dönüştürme,Mat06MK0053; Mat06MK0054; Mat06MK0055; Mat06MK0014,,,ÇS,3 maddeden en az 2'si doğru,taslak,2026-10-01
Mat06MK0057,06,İki yönlü tablodaki göreli sıklıkları karşılaştırarak iki kategorik değişken arasında ilişki olup olmadığını yorumlar.,Bilgi,Analiz,Yorumlama,Mat06MK0053; Mat06MK0054; Mat06MK0055; Mat06MK0056,,Mat06YG0009,ÇS; AU,3 maddeden en az 2'si doğru,taslak,2026-10-01
Mat06MK0058,06,İki nicel değişkenli veriyi serpme diyagramıyla gösterir.,Beceri,Uygulama,Dönüştürme,Mat02MK0101,,,ÇS; AU,3 maddeden en az 2'si doğru,taslak,2026-10-01
Mat06MK0059,06,Serpme diyagramını dört bölgeye ayırarak bölgelere göre sayım oranlarını hesaplar.,Beceri,Uygulama,Kural uygulama,Mat06MK0058; Mat01MK0111,,,ÇS,3 maddeden en az 2'si doğru,taslak,2026-10-01
Mat06MK0060,06,Serpme diyagramından iki nicel değişken arasındaki ilişkinin yönünü yorumlar.,Bilgi,Analiz,Yorumlama,Mat06MK0058; Mat06MK0059,,Mat06YG0009,ÇS; AU,3 maddeden en az 2'si doğru,taslak,2026-10-01
Mat06MK0061,06,Serpme diyagramından ilişkinin gücünü yorumlar.,Bilgi,Analiz,Yorumlama,Mat06MK0058; Mat06MK0059,,Mat06YG0010,ÇS; AU,3 maddeden en az 2'si doğru,taslak,2026-10-01
Mat06MK0062,06,Serpme diyagramına göz kararı eğilim doğrusu çizer.,Beceri,Uygulama,Transfer ve problem çözme,Mat06MK0060,,,AU,3 maddeden en az 2'si doğru,taslak,2026-10-01
Mat06MK0063,06,Eğilim doğrusuyla tahmin yapar.,Beceri,Uygulama,Transfer ve problem çözme,Mat06MK0062; Mat10MK0013,,,AU,3 maddeden en az 2'si doğru,taslak,2026-10-01
Mat06MK0064,06,Hazır veri setindeki değişkenlerin türüne uygun görselleştirme aracını seçer.,Beceri,Analiz,Ayırt etme ve sınıflama,Mat06MK0060; Mat06MK0057,,,ÇS; AU,3 maddeden en az 2'si doğru,taslak,2026-10-01
Mat06MK0065,06,Hazır veri setindeki değişkenlerin türüne uygun özetleme aracını seçer.,Beceri,Analiz,Ayırt etme ve sınıflama,Mat06MK0060; Mat06MK0057; Mat06MK0050; Mat06MK0051; Mat06MK0052,,,ÇS; AU,3 maddeden en az 2'si doğru,taslak,2026-10-01
Mat06MK0066,06,Seçtiği araçlarla hazır veriyi analiz ederek değişkenler arasındaki örüntü ve farkları yorumlar.,Bilgi,Analiz,Yorumlama,Mat06MK0064; Mat06MK0065,,,AU,3 maddeden en az 2'si doğru,taslak,2026-10-01
Mat06MK0067,06,Analiz bulgularından araştırma sorusuna yönelik veriye dayalı sonuç ve karar çıkarır.,Bilgi,Analiz,Çıkarım ve ilişkilendirme,Mat06MK0066,,,AU; PG,3 maddeden en az 2'si doğru; PG'de rubrikte yeterli ve üstü,taslak,2026-10-01
Mat07MK0001,07,"Olayları imkânsız, kesin ve olası olarak belirler.",Bilgi,Anlama,Ayırt etme ve sınıflama,,Olay ve olasılık dili (günlük deneyimler),,ÇS,3 maddeden en az 2'si doğru,taslak,2026-10-01
Mat07MK0002,07,"Olasılık tahminlerini kesir, ondalık ve yüzdeyle ifade eder.",Bilgi,Anlama,Dönüştürme,Mat07MK0001; Mat01MK0032; Mat01MK0033,,,ÇS,3 maddeden en az 2'si doğru,taslak,2026-10-01
Mat07MK0003,07,Bir olayın olasılığının 0 ile 1 arasında olduğunu açıklar.,Bilgi,Anlama,Açıklama ve özetleme,Mat07MK0001; Mat01MK0032,,Mat07YG0001,ÇS,3 maddeden en az 2'si doğru,taslak,2026-10-01
Mat07MK0004,07,"Olayları kesin, imkânsız ve olası olarak 0–1 olasılık doğrusunda konumlandırır.",Beceri,Uygulama,Dönüştürme,Mat07MK0003,,,ÇS,3 maddeden en az 2'si doğru,taslak,2026-10-01
Mat07MK0005,07,Olayları nedensel ya da mantıksal ilişkilere dayanarak az ya da çok olasılıklı olarak sıralar.,Bilgi,Analiz,Çıkarım ve ilişkilendirme,Mat07MK0001,,Mat07YG0002,ÇS,3 maddeden en az 2'si doğru,taslak,2026-10-01
Mat07MK0006,07,Bir deneyi çok kez tekrarlayarak çıktıların göreli sıklıklarını kaydeder.,Beceri,Uygulama,Gözlem ve kayıt,Mat07MK0001; Mat06MK0012,,,PG,Rubrikte yeterli ve üstü,taslak,2026-10-01
Mat07MK0007,07,Göreli sıklığı bir çıktının sayısının toplam deneme sayısına oranı olarak hesaplar.,Beceri,Uygulama,Kural uygulama,Mat07MK0006,,,ÇS,3 maddeden en az 2'si doğru,taslak,2026-10-01
Mat07MK0008,07,Deneme sayısı arttıkça göreli sıklıkların belirli bir değere yaklaştığı çıkarımını yapar.,Bilgi,Analiz,Çıkarım ve ilişkilendirme,Mat07MK0007,,Mat07YG0003,ÇS,3 maddeden en az 2'si doğru,taslak,2026-10-01
Mat07MK0009,07,Bir olayın olasılığını tahmin etmede göreli sıklığın kullanımına ilişkin yargıda bulunur.,Beceri,Değerlendirme,Sınama ve değerlendirme,Mat07MK0008,,,AU,3 maddeden en az 2'si doğru,taslak,2026-10-01
Mat07MK0010,07,Bir deneyin olası tüm çıktılarını (örnek uzay) listeler.,Beceri,Uygulama,Gözlem ve kayıt,Mat07MK0001,,,ÇS,3 maddeden en az 2'si doğru,taslak,2026-10-01
Mat07MK0011,07,Eş olası çıktılı deneylerde bir olayın olasılığını istenen çıktı sayısının tüm çıktı sayısına oranı olarak hesaplar.,Beceri,Uygulama,Kural uygulama,Mat07MK0010; Mat01MK0154; Mat01MK0155,,,ÇS,3 maddeden en az 2'si doğru,taslak,2026-10-01
Mat07MK0012,07,Bir olay ile tümleyeninin olasılıkları toplamının 1 olduğu genellemesini yapar.,Bilgi,Analiz,Çıkarım ve ilişkilendirme,Mat07MK0011,,Mat07YG0004,ÇS,3 maddeden en az 2'si doğru,taslak,2026-10-01
Mat07MK0013,07,Aynı deneye ait olayların çıktı sayılarını hesaplayarak eşit olasılıklı olup olmadıklarını belirler.,Bilgi,Analiz,Ayırt etme ve sınıflama,Mat07MK0011,,Mat07YG0005,ÇS,3 maddeden en az 2'si doğru,taslak,2026-10-01
Mat07MK0014,07,Aynı deneydeki olayların olasılıklarını hesaplayarak karşılaştırır.,Beceri,Uygulama,Kural uygulama,Mat07MK0011,,,ÇS,3 maddeden en az 2'si doğru,taslak,2026-10-01
Mat07MK0015,07,Ayrık olayı ortak çıktısı olmayan olaylar olarak tanımlar.,Bilgi,Anlama,Tanıma ve hatırlama,Mat07MK0010,,,ÇS,3 maddeden en az 2'si doğru,taslak,2026-10-01
Mat07MK0016,07,Olayları ortak çıktılarının olup olmamasına göre ayrık ve ayrık olmayan olaylar olarak sınıflandırır.,Bilgi,Analiz,Ayırt etme ve sınıflama,Mat07MK0015,,Mat07YG0006,ÇS,3 maddeden en az 2'si doğru,taslak,2026-10-01
Mat07MK0017,07,Gerçek yaşam durumunda olasılığa dayalı karar vermenin amacını belirler.,Beceri,Uygulama,Açıklama ve özetleme,Mat07MK0005,,,AU,3 maddeden en az 2'si doğru,taslak,2026-09-29
Mat07MK0018,07,"Karar için gerekli bilgiyi (geçmiş veri, deney sonuçları, olası çıktılar) toplar.",Beceri,Uygulama,Gözlem ve kayıt,Mat07MK0017,,,PG,Rubrikte yeterli ve üstü,taslak,2026-09-29
Mat07MK0019,07,Deney ya da benzetim (simülasyon) yaparak göreli sıklıkla deneysel olasılığı hesaplar.,Beceri,Uygulama,Kural uygulama,Mat07MK0007; Mat07MK0018,,,PG; ÇS,3 maddeden en az 2'si doğru; PG'de rubrikte yeterli ve üstü,taslak,2026-09-29
Mat07MK0020,07,Öznel olasılığı tanımlar.,Bilgi,Hatırlama,Tanıma ve hatırlama,Mat07MK0005,,Mat07YG0007,ÇS,3 maddeden en az 2'si doğru,taslak,2026-09-29
Mat07MK0021,07,Deneysel olasılığı tanımlar.,Bilgi,Hatırlama,Tanıma ve hatırlama,Mat07MK0008,,,ÇS,3 maddeden en az 2'si doğru,taslak,2026-10-01
Mat07MK0022,07,Teorik olasılığı tanımlar.,Bilgi,Hatırlama,Tanıma ve hatırlama,Mat07MK0011,,,ÇS,3 maddeden en az 2'si doğru,taslak,2026-10-01
Mat07MK0023,07,"Öznel, deneysel ve teorik olasılık yaklaşımlarını birbirinden ayırt eder.",Bilgi,Hatırlama,Ayırt etme ve sınıflama,Mat07MK0020; Mat07MK0021; Mat07MK0022,,Mat07YG0007,ÇS,3 maddeden en az 2'si doğru,taslak,2026-10-01
Mat07MK0024,07,Durumun eş olası çıktılara sahip olup olmadığına bakarak teorik olasılığın uygulanabilirliğini belirler.,Bilgi,Analiz,Çıkarım ve ilişkilendirme,Mat07MK0022; Mat07MK0023,,Mat07YG0002,ÇS,3 maddeden en az 2'si doğru,taslak,2026-09-29
Mat07MK0025,07,Karara ilişkin öznel olasılık yaklaşımıyla önermeler oluşturur.,Beceri,Analiz,Çıkarım ve ilişkilendirme,Mat07MK0020; Mat07MK0018,,,AU,3 maddeden en az 2'si doğru,taslak,2026-09-29
Mat07MK0026,07,Karara ilişkin deneysel olasılık yaklaşımıyla önermeler oluşturur.,Beceri,Analiz,Çıkarım ve ilişkilendirme,Mat07MK0019; Mat07MK0021,,,AU,3 maddeden en az 2'si doğru,taslak,2026-10-01
Mat07MK0027,07,Karara ilişkin teorik olasılık yaklaşımıyla önermeler oluşturur.,Beceri,Analiz,Çıkarım ve ilişkilendirme,Mat07MK0024; Mat07MK0018,,,AU,3 maddeden en az 2'si doğru,taslak,2026-10-01
Mat07MK0028,07,Deneme sayısı arttıkça deneysel olasılığın teorik olasılığa yaklaştığını benzetim verileriyle sorgular.,Bilgi,Analiz,Sınama ve değerlendirme,Mat07MK0019; Mat07MK0022,,Mat07YG0003; Mat07YG0008,ÇS; AU,3 maddeden en az 2'si doğru,taslak,2026-09-29
Mat07MK0029,07,Durum için en uygun olasılık yaklaşımını gerekçesiyle seçer.,Beceri,Değerlendirme,Sınama ve değerlendirme,Mat07MK0025; Mat07MK0026; Mat07MK0027; Mat07MK0028,,Mat07YG0007,AU,3 maddeden en az 2'si doğru,taslak,2026-09-29
Mat07MK0030,07,Seçtiği yaklaşımla belirlediği olasılığı karara yansıtır ve kararını açıklar.,Beceri,Değerlendirme,Transfer ve problem çözme,Mat07MK0029,,,PG,Rubrikte yeterli ve üstü,taslak,2026-09-29
Mat07MK0031,07,İki ya da üç aşamalı deneylerin örnek uzayını sistematik listeyle gösterir.,Beceri,Uygulama,Dönüştürme,Mat07MK0010,,Mat07YG0009,ÇS,3 maddeden en az 2'si doğru,taslak,2026-10-01
Mat07MK0032,07,İki aşamalı deneylerin örnek uzayını tabloyla gösterir.,Beceri,Uygulama,Dönüştürme,Mat07MK0010,,Mat07YG0009,ÇS,3 maddeden en az 2'si doğru,taslak,2026-10-01
Mat07MK0033,07,İki ya da üç aşamalı deneylerin örnek uzayını ağaç şemasıyla gösterir.,Beceri,Uygulama,Dönüştürme,Mat07MK0010,,Mat07YG0009,ÇS,3 maddeden en az 2'si doğru,taslak,2026-10-01
Mat07MK0034,07,İki ya da üç olaylı deneylerde olayların teorik olasılığını hesaplar.,Beceri,Uygulama,Kural uygulama,Mat07MK0031; Mat07MK0011,,Mat07YG0009,ÇS,3 maddeden en az 2'si doğru,taslak,2026-10-01
Mat07MK0035,07,Ağaç şemasıyla iki ya da üç aşamalı deneylerde olayların olasılığını çarpma yoluyla hesaplar.,Beceri,Uygulama,Kural uygulama,Mat07MK0033; Mat01MK0106,,,ÇS,3 maddeden en az 2'si doğru,taslak,2026-10-01
Mat07MK0036,07,Bir olayın gerçekleşmesinin başka bir olaya bağlı olduğu durumların olasılığına ilişkin varsayımda bulunup örneklerden genelleme yapar.,Bilgi,Analiz,Çıkarım ve ilişkilendirme,Mat07MK0034,,Mat07YG0010,AU,3 maddeden en az 2'si doğru,taslak,2026-10-01
Mat07MK0037,07,Bir olayın gerçekleşmesinin başka bir olaya bağlı olduğu durumların olasılığına ilişkin genellemelerini varsayımlarıyla karşılaştırarak önerme olarak sunar.,Beceri,Değerlendirme,Sınama ve değerlendirme,Mat07MK0036,,,AU,3 maddeden en az 2'si doğru,taslak,2026-10-01
Mat07MK0038,07,İki yönlü tablodan koşullu olasılık hesaplar.,Beceri,Uygulama,Kural uygulama,Mat07MK0039; Mat06MK0054; Mat06MK0055,,,ÇS,3 maddeden en az 2'si doğru,taslak,2026-10-01
Mat07MK0039,07,Koşullu olasılığı P(A | B) = P(A ∩ B) / P(B) ile hesaplar.,Beceri,Uygulama,Kural uygulama,Mat07MK0037,,Mat07YG0010,ÇS,3 maddeden en az 2'si doğru,taslak,2026-10-01
Mat07MK0040,07,Bir olayın gerçekleşmesinin başka bir olaya bağlı olduğu durumların olasılığına ilişkin önermeleri problem durumlarında kullanarak kullanışlılığını değerlendirir.,Beceri,Uygulama,Transfer ve problem çözme,Mat07MK0037,,,AU,3 maddeden en az 2'si doğru,taslak,2026-10-01
Mat07MK0041,07,Bağımsız ve bağımlı olayları P(A | B) = P(A) koşuluyla ayırt eder.,Bilgi,Analiz,Ayırt etme ve sınıflama,Mat07MK0039,,Mat07YG0011,ÇS,3 maddeden en az 2'si doğru,taslak,2026-10-01
Mat07MK0042,07,Bayes teoremiyle mevcut bilgiye dayalı koşullu olasılık hesaplar.,Beceri,Uygulama,Kural uygulama,Mat07MK0039; Mat07MK0035,,Mat07YG0012,ÇS,3 maddeden en az 2'si doğru,taslak,2026-10-01
Mat07MK0043,07,Bayes hesabıyla test sonuçları gibi gerçek yaşam durumlarına ilişkin ileriye yönelik yargıda bulunur.,Beceri,Değerlendirme,Sınama ve değerlendirme,Mat07MK0042,,Mat07YG0012,AU,3 maddeden en az 2'si doğru,taslak,2026-10-01
Mat08MK0001,08,İki üçgenin eş olması için gereken asgari eleman sayısına ilişkin varsayımını örneklerle genelleyip karşılaştırır.,Bilgi,Analiz,Çıkarım ve ilişkilendirme,Mat03MK0120,,,AU,3 maddeden en az 2'si doğru,taslak,2026-10-01
Mat08MK0002,08,İki üçgenin benzer olması için gereken asgari eleman sayısına ilişkin varsayımını örneklerle genelleyip karşılaştırır.,Bilgi,Analiz,Çıkarım ve ilişkilendirme,Mat03MK0128,,,AU,3 maddeden en az 2'si doğru,taslak,2026-10-01
Mat08MK0003,08,Eşlik koşullarının yeni durumları anlamlandırmaya katkısını değerlendirir.,Beceri,Değerlendirme,Sınama ve değerlendirme,Mat08MK0001; Mat03MK0123; Mat03MK0124; Mat03MK0125,,,AU,3 maddeden en az 2'si doğru,taslak,2026-10-01
Mat08MK0004,08,Benzerlik koşullarının yeni durumları anlamlandırmaya katkısını değerlendirir.,Beceri,Değerlendirme,Sınama ve değerlendirme,Mat08MK0002; Mat03MK0133; Mat03MK0134; Mat03MK0135,,,AU,3 maddeden en az 2'si doğru,taslak,2026-10-01
Mat08MK0005,08,Bir üçgenin bir kenarına paralel doğru çizerek ona benzer üçgen oluşturulabileceği çıkarımını yapar.,Bilgi,Analiz,Çıkarım ve ilişkilendirme,Mat03MK0133; Mat03MK0061,,,AU,3 maddeden en az 2'si doğru,taslak,2026-10-01
Mat08MK0006,08,Benzer üçgen oluşturma çıkarımını farklı problem durumlarında kullanır.,Beceri,Uygulama,Transfer ve problem çözme,Mat08MK0005,,,AU,3 maddeden en az 2'si doğru,taslak,2026-10-01
Mat08MK0007,08,Temel orantı (Tales) teoremini benzer üçgenlerle ispatlar.,Beceri,Analiz,Model kurma,Mat08MK0005,,Mat08YG0001,AU,3 maddeden en az 2'si doğru,taslak,2026-10-01
Mat08MK0008,08,Hipotenüse ait yüksekliğin bağıntısını (h² = p·k) benzer üçgenlerle ispatlar.,Beceri,Analiz,Model kurma,Mat03MK0138; Mat03MK0096,,,AU,3 maddeden en az 2'si doğru,taslak,2026-10-01
Mat08MK0009,08,"Dik kenar bağıntılarını (b² = p·c, a² = k·c) benzer üçgenlerle ispatlar.",Beceri,Analiz,Model kurma,Mat03MK0138; Mat03MK0096,,,AU,3 maddeden en az 2'si doğru,taslak,2026-10-01
Mat08MK0010,08,Pisagor teoremini benzerlik ya da alan yöntemiyle ispatlar.,Beceri,Analiz,Model kurma,Mat08MK0009,,,AU,3 maddeden en az 2'si doğru,taslak,2026-10-01
Mat08MK0011,08,Temel orantı teoremiyle bilinmeyen uzunlukları hesaplar.,Beceri,Uygulama,Kural uygulama,Mat08MK0007,,Mat08YG0001,ÇS,3 maddeden en az 2'si doğru,taslak,2026-10-01
Mat08MK0012,08,Tales teoremiyle bilinmeyen uzunlukları hesaplar.,Beceri,Uygulama,Kural uygulama,Mat08MK0007,,Mat08YG0001,ÇS,3 maddeden en az 2'si doğru,taslak,2026-10-01
Mat08MK0013,08,Hipotenüse ait yükseklik bağıntısıyla bilinmeyen uzunlukları hesaplar.,Beceri,Uygulama,Kural uygulama,Mat08MK0008,,Mat08YG0002,ÇS,3 maddeden en az 2'si doğru,taslak,2026-10-01
Mat08MK0014,08,Dik kenar Öklid bağıntılarıyla bilinmeyen uzunlukları hesaplar.,Beceri,Uygulama,Kural uygulama,Mat08MK0009,,,ÇS,3 maddeden en az 2'si doğru,taslak,2026-10-01
Mat08MK0015,08,"Eşlik teoremlerini içeren problemlerde nicelikleri ve aralarındaki ilişkileri belirleyerek problemi uygun temsile (şekil, tablo, sayı doğrusu, denklem) dönüştürür.",Beceri,Uygulama,Dönüştürme,Mat03MK0127,,,AU,3 maddeden en az 2'si doğru,taslak,2026-10-01
Mat08MK0016,08,"Benzerlik teoremlerini içeren problemlerde nicelikleri ve aralarındaki ilişkileri belirleyerek problemi uygun temsile (şekil, tablo, sayı doğrusu, denklem) dönüştürür.",Beceri,Uygulama,Dönüştürme,Mat08MK0011; Mat08MK0012; Mat08MK0013; Mat08MK0014,,,AU,3 maddeden en az 2'si doğru,taslak,2026-10-01
Mat08MK0017,08,Eşlik teoremlerini içeren problemler için strateji geliştirip uygulayarak problemi çözer.,Beceri,Uygulama,Transfer ve problem çözme,Mat08MK0015,,,ÇS; AU,3 maddeden en az 2'si doğru,taslak,2026-10-01
Mat08MK0018,08,Benzerlik teoremlerini içeren problemler için strateji geliştirip uygulayarak problemi çözer.,Beceri,Uygulama,Transfer ve problem çözme,Mat08MK0016,,,ÇS; AU,3 maddeden en az 2'si doğru,taslak,2026-10-01
Mat08MK0019,08,"Eşlik teoremlerini içeren problemlerin çözümünü kontrol eder, çözüme ulaştırmayan stratejiyi değiştirir ve farklı çözüm yollarını değerlendirir.",Beceri,Değerlendirme,Sınama ve değerlendirme,Mat08MK0017,,,AU,3 maddeden en az 2'si doğru,taslak,2026-10-01
Mat08MK0020,08,"Benzerlik teoremlerini içeren problemlerin çözümünü kontrol eder, çözüme ulaştırmayan stratejiyi değiştirir ve farklı çözüm yollarını değerlendirir.",Beceri,Değerlendirme,Sınama ve değerlendirme,Mat08MK0018,,,AU,3 maddeden en az 2'si doğru,taslak,2026-10-01
Mat08MK0021,08,Eşlik teoremlerini içeren problemlerde kullandığı stratejiyi farklı problemlere genelleyerek genellemenin geçerliliğini örneklerle değerlendirir.,Beceri,Analiz,Çıkarım ve ilişkilendirme,Mat08MK0019,,,AU,3 maddeden en az 2'si doğru,taslak,2026-10-01
Mat08MK0022,08,Benzerlik teoremlerini içeren problemlerde kullandığı stratejiyi farklı problemlere genelleyerek genellemenin geçerliliğini örneklerle değerlendirir.,Beceri,Analiz,Çıkarım ve ilişkilendirme,Mat08MK0020,,,AU,3 maddeden en az 2'si doğru,taslak,2026-10-01
Mat09MK0001,09,"Algoritma temelli çözülebilen problemlerde nicelikleri ve aralarındaki ilişkileri belirleyerek problemi uygun temsile (şekil, tablo, sayı doğrusu, denklem) dönüştürür.",Beceri,Uygulama,Dönüştürme,Mat02MK0093; Mat02MK0147,,,AU,3 maddeden en az 2'si doğru,taslak,2026-10-01
Mat09MK0002,09,Algoritma temelli çözülebilen problemler için strateji geliştirip uygulayarak problemi çözer.,Beceri,Uygulama,Transfer ve problem çözme,Mat09MK0001,,,ÇS; AU,3 maddeden en az 2'si doğru,taslak,2026-10-01
Mat09MK0003,09,"Algoritma temelli çözülebilen problemlerin çözümünü kontrol eder, çözüme ulaştırmayan stratejiyi değiştirir ve farklı çözüm yollarını değerlendirir.",Beceri,Değerlendirme,Sınama ve değerlendirme,Mat09MK0002,,,AU,3 maddeden en az 2'si doğru,taslak,2026-10-01
Mat09MK0004,09,Algoritma temelli çözülebilen problemlerde kullandığı stratejiyi farklı problemlere genelleyerek genellemenin geçerliliğini örneklerle değerlendirir.,Beceri,Analiz,Çıkarım ve ilişkilendirme,Mat09MK0003,,,AU,3 maddeden en az 2'si doğru,taslak,2026-10-01
Mat09MK0005,09,Önermeyi ve doğruluk değerini tanır.,Bilgi,Hatırlama,Tanıma ve hatırlama,,Ön öğrenme: bir yargının doğru ya da yanlış olabileceği,,ÇS,3 maddeden en az 2'si doğru,taslak,2026-10-01
Mat09MK0006,09,"""Ve"" bağlacını doğruluk tablosuyla kullanır.",Bilgi,Hatırlama,Kural uygulama,Mat09MK0005,,,ÇS,3 maddeden en az 2'si doğru,taslak,2026-10-01
Mat09MK0007,09,"""Veya"" bağlacını doğruluk tablosuyla kullanır.",Bilgi,Hatırlama,Kural uygulama,Mat09MK0005,,Mat09YG0001,ÇS,3 maddeden en az 2'si doğru,taslak,2026-10-01
Mat09MK0008,09,"""Değil"" işlemini doğruluk tablosuyla kullanır.",Bilgi,Hatırlama,Kural uygulama,Mat09MK0005,,,ÇS,3 maddeden en az 2'si doğru,taslak,2026-10-01
Mat09MK0009,09,"""İse"" bağlacını doğruluk tablosuyla kullanır.",Beceri,Uygulama,Kural uygulama,Mat09MK0005,,,ÇS,3 maddeden en az 2'si doğru,taslak,2026-10-01
Mat09MK0010,09,"""Ancak ve ancak"" bağlacını doğruluk tablosuyla kullanır.",Beceri,Uygulama,Kural uygulama,Mat09MK0009; Mat09MK0006,,,ÇS,3 maddeden en az 2'si doğru,taslak,2026-10-01
Mat09MK0011,09,"""Her"" niceleyicisini kullanır.",Beceri,Uygulama,Kural uygulama,Mat09MK0005,,,ÇS,3 maddeden en az 2'si doğru,taslak,2026-10-01
Mat09MK0012,09,"""Bazı"" niceleyicisini kullanır.",Beceri,Uygulama,Kural uygulama,Mat09MK0005,,,ÇS,3 maddeden en az 2'si doğru,taslak,2026-10-01
Mat09MK0013,09,"""Her"" niceleyicili önermenin değilini yazar.",Beceri,Uygulama,Kural uygulama,Mat09MK0011; Mat09MK0008,,Mat09YG0002,ÇS,3 maddeden en az 2'si doğru,taslak,2026-10-01
Mat09MK0014,09,"""Bazı"" niceleyicili önermenin değilini yazar.",Beceri,Uygulama,Kural uygulama,Mat09MK0012; Mat09MK0008,,,ÇS,3 maddeden en az 2'si doğru,taslak,2026-10-01
Mat09MK0015,09,Koşul yapıları ile mantık bağlaçları arasındaki ilişkiyi belirler.,Bilgi,Analiz,Çıkarım ve ilişkilendirme,Mat09MK0006; Mat09MK0007; Mat09MK0008; Mat09MK0009; Mat09MK0010,,Mat09YG0001,ÇS,3 maddeden en az 2'si doğru,taslak,2026-10-01
Mat09MK0016,09,Döngü yapıları ile niceleyiciler arasındaki ilişkiyi belirler.,Bilgi,Analiz,Çıkarım ve ilişkilendirme,Mat09MK0011; Mat09MK0012,,,ÇS,3 maddeden en az 2'si doğru,taslak,2026-10-01
Mat09MK0017,09,"Mantık bağlaçları ve niceleyicilerin problem çözme, doğrulama ve ispat süreçlerinde kullanımına ilişkin çıkarım yapar (karşı örnekle ""her"" önermesini çürütme gibi).",Bilgi,Analiz,Çıkarım ve ilişkilendirme,Mat09MK0015; Mat09MK0016; Mat01MK0289; Mat01MK0290; Mat01MK0291,,Mat09YG0002,AU,3 maddeden en az 2'si doğru,taslak,2026-10-01
Mat09MK0018,09,Mantık bağlaçları ve niceleyicilerin matematiksel dilin yalınlık ve kesinliğindeki rolünü değerlendirir.,Beceri,Değerlendirme,Sınama ve değerlendirme,Mat09MK0017,,,AU,3 maddeden en az 2'si doğru,taslak,2026-10-01
Mat09MK0019,09,"Sayma problemlerde nicelikleri ve aralarındaki ilişkileri belirleyerek problemi uygun temsile (şekil, tablo, sayı doğrusu, denklem) dönüştürür.",Beceri,Uygulama,Dönüştürme,Mat09MK0020; Mat09MK0021; Mat09MK0024,,,AU,3 maddeden en az 2'si doğru,taslak,2026-10-01
Mat09MK0020,09,Ağaç şemasıyla olası durumları sistematik olarak sayar.,Beceri,Uygulama,Dönüştürme,Mat07MK0033,,,ÇS,3 maddeden en az 2'si doğru,taslak,2026-10-01
Mat09MK0021,09,Tabloyla olası durumları sistematik olarak sayar.,Beceri,Uygulama,Dönüştürme,Mat07MK0032,,,ÇS,3 maddeden en az 2'si doğru,taslak,2026-10-01
Mat09MK0022,09,Bir sayma durumunu eşleme yoluyla eş bir sayma problemine dönüştürerek sayar.,Beceri,Analiz,Transfer ve problem çözme,Mat09MK0020; Mat09MK0021,,,AU,3 maddeden en az 2'si doğru,taslak,2026-10-01
Mat09MK0023,09,Toplama ilkesiyle ayrık durumları sayar.,Beceri,Uygulama,Kural uygulama,Mat07MK0015; Mat07MK0031,,,ÇS,3 maddeden en az 2'si doğru,taslak,2026-10-01
Mat09MK0024,09,Çarpma ilkesiyle ardışık seçimleri sayar.,Beceri,Uygulama,Kural uygulama,Mat09MK0020,,Mat09YG0003,ÇS,3 maddeden en az 2'si doğru,taslak,2026-10-01
Mat09MK0025,09,Sayma problemler için strateji geliştirip uygulayarak problemi çözer.,Beceri,Uygulama,Transfer ve problem çözme,Mat09MK0019,,,ÇS; AU,3 maddeden en az 2'si doğru,taslak,2026-10-01
Mat09MK0026,09,"Sayma problemlerin çözümünü kontrol eder, çözüme ulaştırmayan stratejiyi değiştirir ve farklı çözüm yollarını değerlendirir.",Beceri,Değerlendirme,Sınama ve değerlendirme,Mat09MK0025,,,AU,3 maddeden en az 2'si doğru,taslak,2026-10-01
Mat09MK0027,09,Sayma problemlerde kullandığı stratejiyi farklı problemlere genelleyerek genellemenin geçerliliğini örneklerle değerlendirir.,Beceri,Analiz,Çıkarım ve ilişkilendirme,Mat09MK0026,,,AU,3 maddeden en az 2'si doğru,taslak,2026-10-01
Mat09MK0028,09,Fonksiyon değeri hesaplamayı koşul ve döngü içeren bir algoritmayla yapılandırır.,Beceri,Uygulama,Dönüştürme,Mat09MK0015; Mat09MK0016; Mat02MK0189,,,AU,3 maddeden en az 2'si doğru,taslak,2026-10-01
Mat09MK0029,09,Referans fonksiyondan yeni fonksiyon türetmeyi koşul ve döngü içeren bir algoritmayla yapılandırır.,Beceri,Uygulama,Dönüştürme,Mat09MK0015; Mat09MK0016; Mat02MK0155; Mat02MK0156,,,AU,3 maddeden en az 2'si doğru,taslak,2026-10-01
Mat10MK0001,10,İki nokta arasındaki uzaklık bağıntısına ilişkin varsayımda bulunup örneklerden genelleme yapar.,Bilgi,Analiz,Çıkarım ve ilişkilendirme,Mat02MK0101; Mat02MK0102; Mat03MK0143,,Mat10YG0001,AU,3 maddeden en az 2'si doğru,taslak,2026-10-01
Mat10MK0002,10,Bir doğru parçasını belli oranda bölen noktanın koordinatlarına ilişkin varsayımda bulunup örneklerden genelleme yapar.,Bilgi,Analiz,Çıkarım ve ilişkilendirme,Mat02MK0101; Mat02MK0102; Mat01MK0167,,,AU,3 maddeden en az 2'si doğru,taslak,2026-10-01
Mat10MK0003,10,Iki nokta arasındaki uzaklık bağıntısına ilişkin genellemelerini varsayımlarıyla karşılaştırarak önerme olarak sunar.,Beceri,Değerlendirme,Sınama ve değerlendirme,Mat10MK0001,,,AU,3 maddeden en az 2'si doğru,taslak,2026-10-01
Mat10MK0004,10,Bir doğru parçasını belli oranda bölen noktanın koordinatlarına ilişkin genellemelerini varsayımlarıyla karşılaştırarak önerme olarak sunar.,Beceri,Değerlendirme,Sınama ve değerlendirme,Mat10MK0002,,,AU,3 maddeden en az 2'si doğru,taslak,2026-10-01
Mat10MK0005,10,Koordinatları verilen iki nokta arasındaki uzaklığı hesaplar.,Beceri,Uygulama,Kural uygulama,Mat10MK0003,,Mat10YG0001,ÇS,3 maddeden en az 2'si doğru,taslak,2026-10-01
Mat10MK0006,10,Bir doğru parçasının orta noktasının koordinatlarını bulur.,Beceri,Uygulama,Kural uygulama,Mat10MK0004,,,ÇS,3 maddeden en az 2'si doğru,taslak,2026-10-01
Mat10MK0007,10,Bir doğru parçasını verilen oranda bölen noktanın koordinatlarını bulur.,Beceri,Uygulama,Kural uygulama,Mat10MK0006; Mat01MK0167,,,ÇS,3 maddeden en az 2'si doğru,taslak,2026-10-01
Mat10MK0008,10,Iki nokta arasındaki uzaklık bağıntısına ilişkin önermeleri problem durumlarında kullanarak kullanışlılığını değerlendirir.,Beceri,Uygulama,Transfer ve problem çözme,Mat10MK0003,,,AU,3 maddeden en az 2'si doğru,taslak,2026-10-01
Mat10MK0009,10,Bir doğru parçasını belli oranda bölen noktanın koordinatlarına ilişkin önermeleri problem durumlarında kullanarak kullanışlılığını değerlendirir.,Beceri,Uygulama,Transfer ve problem çözme,Mat10MK0004,,,AU,3 maddeden en az 2'si doğru,taslak,2026-10-01
Mat10MK0010,10,Doğrunun eğim açısını tanır.,Bilgi,Anlama,Tanıma ve hatırlama,Mat02MK0096; Mat03MK0021,,,ÇS,3 maddeden en az 2'si doğru,taslak,2026-10-01
Mat10MK0011,10,Doğrunun eğimini eğim açısının tanjantı (m = tan α) olarak tanır.,Bilgi,Anlama,Tanıma ve hatırlama,Mat02MK0119; Mat03MK0168,,Mat10YG0002,ÇS,3 maddeden en az 2'si doğru,taslak,2026-10-01
Mat10MK0012,10,Eğimi ve bir noktası verilen doğrunun denklemini yazar.,Beceri,Uygulama,Kural uygulama,Mat02MK0108; Mat02MK0119,,,ÇS,3 maddeden en az 2'si doğru,taslak,2026-10-01
Mat10MK0013,10,İki noktası verilen doğrunun denklemini yazar.,Beceri,Uygulama,Kural uygulama,Mat10MK0012; Mat02MK0119,,,ÇS,3 maddeden en az 2'si doğru,taslak,2026-10-01
Mat10MK0014,10,İki doğrunun paralel olduğunu eğimlerinden belirler.,Beceri,Uygulama,Kural uygulama,Mat02MK0138,,,ÇS,3 maddeden en az 2'si doğru,taslak,2026-10-01
Mat10MK0015,10,İki doğrunun dik olduğunu eğimlerinden belirler.,Beceri,Uygulama,Kural uygulama,Mat02MK0139,,,ÇS,3 maddeden en az 2'si doğru,taslak,2026-10-01
Mat10MK0016,10,İki doğrunun kesiştiğini eğimlerinden belirler.,Beceri,Uygulama,Kural uygulama,Mat02MK0140,,,ÇS,3 maddeden en az 2'si doğru,taslak,2026-10-01
Mat10MK0017,10,Kesişen iki doğrunun kesişim noktasını bulur.,Beceri,Uygulama,Kural uygulama,Mat02MK0129; Mat02MK0176,,,ÇS,3 maddeden en az 2'si doğru,taslak,2026-10-01
Mat11MK0001,11,Bir fonksiyonun bir nokta civarındaki davranışını grafikten yorumlayarak yaklaşma fikrini tablo ve sözel olarak ifade eder.,Bilgi,Analiz,Yorumlama,Mat02MK0199,,Mat11YG0001,ÇS,3 maddeden en az 2'si doğru,taslak,2026-10-01
Mat11MK0002,11,Bir fonksiyonun sonsuzdaki davranışını grafikten yorumlayarak yaklaşma fikrini sözel olarak ifade eder.,Bilgi,Analiz,Yorumlama,Mat02MK0266,,,ÇS,3 maddeden en az 2'si doğru,taslak,2026-10-01
Mat11MK0003,11,Bir fonksiyonun bir noktadaki sağdan limitini sözel olarak ifade eder.,Bilgi,Anlama,Açıklama ve özetleme,Mat11MK0001,,,AU,3 maddeden en az 2'si doğru,taslak,2026-10-01
Mat11MK0004,11,Bir fonksiyonun bir noktadaki soldan limitini sözel olarak ifade eder.,Bilgi,Anlama,Açıklama ve özetleme,Mat11MK0001,,,AU,3 maddeden en az 2'si doğru,taslak,2026-10-01
Mat11MK0005,11,Bir fonksiyonun sonsuzdaki limitini sözel olarak ifade eder.,Bilgi,Anlama,Açıklama ve özetleme,Mat11MK0002,,,AU,3 maddeden en az 2'si doğru,taslak,2026-10-01
Mat11MK0006,11,Sağdan ve soldan limitleri grafikten bulur.,Beceri,Uygulama,Kural uygulama,Mat11MK0003; Mat11MK0004,,,ÇS,3 maddeden en az 2'si doğru,taslak,2026-10-01
Mat11MK0007,11,Limitin var olma koşulunu (sağdan ve soldan limitlerin eşitliği) belirler.,Beceri,Uygulama,Kural uygulama,Mat11MK0003; Mat11MK0004,,Mat11YG0001,ÇS,3 maddeden en az 2'si doğru,taslak,2026-10-01
Mat11MK0008,11,Fonksiyonun bir nokta civarında aldığı değerlerden limiti tabloyla ifade eder.,Beceri,Uygulama,Dönüştürme,Mat11MK0003; Mat11MK0004,,,ÇS,3 maddeden en az 2'si doğru,taslak,2026-10-01
Mat11MK0009,11,Limiti grafikle ifade eder.,Beceri,Uygulama,Dönüştürme,Mat11MK0003; Mat11MK0004; Mat11MK0005,,,ÇS,3 maddeden en az 2'si doğru,taslak,2026-10-01
Mat11MK0010,11,Limiti limit gösterimiyle ifade eder.,Beceri,Uygulama,Dönüştürme,Mat11MK0003; Mat11MK0004; Mat11MK0005,,,ÇS,3 maddeden en az 2'si doğru,taslak,2026-10-01
Mat11MK0011,11,Fonksiyonların toplamının limitine ilişkin varsayımda bulunup genelleme yapar.,Bilgi,Analiz,Çıkarım ve ilişkilendirme,Mat11MK0010; Mat02MK0409,,,AU,3 maddeden en az 2'si doğru,taslak,2026-10-01
Mat11MK0012,11,Fonksiyonların farkının limitine ilişkin varsayımda bulunup genelleme yapar.,Bilgi,Analiz,Çıkarım ve ilişkilendirme,Mat11MK0010; Mat02MK0410,,,AU,3 maddeden en az 2'si doğru,taslak,2026-10-01
Mat11MK0013,11,Fonksiyonların çarpımının limitine ilişkin varsayımda bulunup genelleme yapar.,Bilgi,Analiz,Çıkarım ve ilişkilendirme,Mat11MK0010; Mat02MK0411,,,AU,3 maddeden en az 2'si doğru,taslak,2026-10-01
Mat11MK0014,11,Fonksiyonların bölümünün limitine ilişkin varsayımda bulunup genelleme yapar.,Bilgi,Analiz,Çıkarım ve ilişkilendirme,Mat11MK0010; Mat02MK0412,,,AU,3 maddeden en az 2'si doğru,taslak,2026-10-01
Mat11MK0015,11,Fonksiyonların toplamının limitine ilişkin genellemelerini varsayımlarıyla karşılaştırarak önerme olarak sunar.,Beceri,Değerlendirme,Sınama ve değerlendirme,Mat11MK0011,,,AU,3 maddeden en az 2'si doğru,taslak,2026-10-01
Mat11MK0016,11,Fonksiyonların farkının limitine ilişkin genellemelerini varsayımlarıyla karşılaştırarak önerme olarak sunar.,Beceri,Değerlendirme,Sınama ve değerlendirme,Mat11MK0012,,,AU,3 maddeden en az 2'si doğru,taslak,2026-10-01
Mat11MK0017,11,Fonksiyonların çarpımının limitine ilişkin genellemelerini varsayımlarıyla karşılaştırarak önerme olarak sunar.,Beceri,Değerlendirme,Sınama ve değerlendirme,Mat11MK0013,,,AU,3 maddeden en az 2'si doğru,taslak,2026-10-01
Mat11MK0018,11,Fonksiyonların bölümünün limitine ilişkin genellemelerini varsayımlarıyla karşılaştırarak önerme olarak sunar.,Beceri,Değerlendirme,Sınama ve değerlendirme,Mat11MK0014,,,AU,3 maddeden en az 2'si doğru,taslak,2026-10-01
Mat11MK0019,11,Fonksiyonların toplamının limitine ilişkin önermeleri problem durumlarında kullanarak kullanışlılığını değerlendirir.,Beceri,Uygulama,Transfer ve problem çözme,Mat11MK0015,,,AU,3 maddeden en az 2'si doğru,taslak,2026-10-01
Mat11MK0020,11,Fonksiyonların farkının limitine ilişkin önermeleri problem durumlarında kullanarak kullanışlılığını değerlendirir.,Beceri,Uygulama,Transfer ve problem çözme,Mat11MK0016,,,AU,3 maddeden en az 2'si doğru,taslak,2026-10-01
Mat11MK0021,11,Fonksiyonların çarpımının limitine ilişkin önermeleri problem durumlarında kullanarak kullanışlılığını değerlendirir.,Beceri,Uygulama,Transfer ve problem çözme,Mat11MK0017,,,AU,3 maddeden en az 2'si doğru,taslak,2026-10-01
Mat11MK0022,11,Fonksiyonların bölümünün limitine ilişkin önermeleri problem durumlarında kullanarak kullanışlılığını değerlendirir.,Beceri,Uygulama,Transfer ve problem çözme,Mat11MK0018,,,AU,3 maddeden en az 2'si doğru,taslak,2026-10-01
Mat11MK0023,11,Polinom fonksiyonların bir noktadaki limitini hesaplar.,Beceri,Uygulama,Kural uygulama,Mat11MK0015; Mat11MK0017,,,ÇS,3 maddeden en az 2'si doğru,taslak,2026-10-01
Mat11MK0024,11,Rasyonel fonksiyonların bir noktadaki limitini hesaplar.,Beceri,Uygulama,Kural uygulama,Mat11MK0023; Mat11MK0018,,,ÇS,3 maddeden en az 2'si doğru,taslak,2026-10-01
Mat11MK0025,11,Karekök fonksiyonların bir noktadaki limitini hesaplar.,Beceri,Uygulama,Kural uygulama,Mat11MK0023,,,ÇS,3 maddeden en az 2'si doğru,taslak,2026-10-01
Mat11MK0026,11,Fonksiyonların sonsuzdaki limitlerini hesaplar.,Beceri,Uygulama,Kural uygulama,Mat11MK0024; Mat02MK0265,,,ÇS,3 maddeden en az 2'si doğru,taslak,2026-10-01
Mat11MK0027,11,Sonsuz limitleri hesaplar.,Beceri,Uygulama,Kural uygulama,Mat11MK0024; Mat02MK0264,,,ÇS,3 maddeden en az 2'si doğru,taslak,2026-10-01
Mat11MK0028,11,Bir fonksiyonun bir noktadaki 0/0 belirsizliğini grafik ve tabloyla yorumlar.,Bilgi,Analiz,Yorumlama,Mat11MK0024,,Mat11YG0002,ÇS,3 maddeden en az 2'si doğru,taslak,2026-10-01
Mat11MK0029,11,Cebirsel ifadeyi çarpanlara ayırma ve sadeleştirmeyle dönüştürerek belirsizliği giderir ve limiti hesaplar.,Beceri,Uygulama,Kural uygulama,Mat11MK0028; Mat02MK0282,,Mat11YG0002,ÇS,3 maddeden en az 2'si doğru,taslak,2026-10-01
Mat11MK0030,11,Bir noktadaki sürekliliği fonksiyon değerinin o noktadaki limite eşitliği olarak ifade eder.,Bilgi,Analiz,Çıkarım ve ilişkilendirme,Mat11MK0007,,Mat11YG0003,ÇS,3 maddeden en az 2'si doğru,taslak,2026-10-01
Mat11MK0031,11,Sürekliliğin bozulduğu durumları belirler.,Bilgi,Analiz,Çıkarım ve ilişkilendirme,Mat11MK0030,,Mat11YG0003,ÇS,3 maddeden en az 2'si doğru,taslak,2026-10-01
Mat11MK0032,11,Parçalı fonksiyonların bir noktadaki sürekliliğini inceler.,Beceri,Uygulama,Kural uygulama,Mat11MK0030; Mat11MK0006,,Mat11YG0003,ÇS,3 maddeden en az 2'si doğru,taslak,2026-10-01
Mat11MK0033,11,Ortalama değişim oranından limit yoluyla bir fonksiyonun bir noktadaki anlık değişim oranını (türevini) ifade eder.,Beceri,Uygulama,Dönüştürme,Mat11MK0010; Mat02MK0119,,Mat11YG0004,ÇS; AU,3 maddeden en az 2'si doğru,taslak,2026-10-01
Mat11MK0034,11,Sabit fonksiyonun bir noktadaki türevine ilişkin varsayımda bulunup örneklerden genelleme yapar.,Bilgi,Analiz,Çıkarım ve ilişkilendirme,Mat11MK0033,,,AU,3 maddeden en az 2'si doğru,taslak,2026-10-01
Mat11MK0035,11,xⁿ fonksiyonunun bir noktadaki türevine ilişkin varsayımda bulunup örneklerden genelleme yapar.,Bilgi,Analiz,Çıkarım ve ilişkilendirme,Mat11MK0033,,,AU,3 maddeden en az 2'si doğru,taslak,2026-10-01
Mat11MK0036,11,√x fonksiyonunun bir noktadaki türevine ilişkin varsayımda bulunup örneklerden genelleme yapar.,Bilgi,Analiz,Çıkarım ve ilişkilendirme,Mat11MK0033,,,AU,3 maddeden en az 2'si doğru,taslak,2026-10-01
Mat11MK0037,11,1/x fonksiyonunun bir noktadaki türevine ilişkin varsayımda bulunup örneklerden genelleme yapar.,Bilgi,Analiz,Çıkarım ve ilişkilendirme,Mat11MK0033,,,AU,3 maddeden en az 2'si doğru,taslak,2026-10-01
Mat11MK0038,11,Türevi grafiğe çizilen teğetin eğimi olarak yorumlar.,Bilgi,Analiz,Yorumlama,Mat11MK0033,,Mat11YG0004,ÇS,3 maddeden en az 2'si doğru,taslak,2026-10-01
Mat11MK0039,11,Türevi anlık değişim hızı olarak yorumlar.,Bilgi,Analiz,Yorumlama,Mat11MK0033,,Mat11YG0004,ÇS,3 maddeden en az 2'si doğru,taslak,2026-10-01
Mat11MK0040,11,Sabit fonksiyonun bir noktadaki türevine ilişkin genellemelerini varsayımlarıyla karşılaştırarak önerme olarak sunar.,Beceri,Değerlendirme,Sınama ve değerlendirme,Mat11MK0034,,,AU,3 maddeden en az 2'si doğru,taslak,2026-10-01
Mat11MK0041,11,xⁿ fonksiyonunun bir noktadaki türevine ilişkin genellemelerini varsayımlarıyla karşılaştırarak önerme olarak sunar.,Beceri,Değerlendirme,Sınama ve değerlendirme,Mat11MK0035,,,AU,3 maddeden en az 2'si doğru,taslak,2026-10-01
Mat11MK0042,11,√x fonksiyonunun bir noktadaki türevine ilişkin genellemelerini varsayımlarıyla karşılaştırarak önerme olarak sunar.,Beceri,Değerlendirme,Sınama ve değerlendirme,Mat11MK0036,,,AU,3 maddeden en az 2'si doğru,taslak,2026-10-01
Mat11MK0043,11,1/x fonksiyonunun bir noktadaki türevine ilişkin genellemelerini varsayımlarıyla karşılaştırarak önerme olarak sunar.,Beceri,Değerlendirme,Sınama ve değerlendirme,Mat11MK0037,,,AU,3 maddeden en az 2'si doğru,taslak,2026-10-01
Mat11MK0044,11,Sabit fonksiyonun bir noktadaki türevine ilişkin önermeleri problem durumlarında kullanarak kullanışlılığını değerlendirir.,Beceri,Uygulama,Transfer ve problem çözme,Mat11MK0040,,,AU,3 maddeden en az 2'si doğru,taslak,2026-10-01
Mat11MK0045,11,xⁿ fonksiyonunun bir noktadaki türevine ilişkin önermeleri problem durumlarında kullanarak kullanışlılığını değerlendirir.,Beceri,Uygulama,Transfer ve problem çözme,Mat11MK0041,,,AU,3 maddeden en az 2'si doğru,taslak,2026-10-01
Mat11MK0046,11,√x fonksiyonunun bir noktadaki türevine ilişkin önermeleri problem durumlarında kullanarak kullanışlılığını değerlendirir.,Beceri,Uygulama,Transfer ve problem çözme,Mat11MK0042,,,AU,3 maddeden en az 2'si doğru,taslak,2026-10-01
Mat11MK0047,11,1/x fonksiyonunun bir noktadaki türevine ilişkin önermeleri problem durumlarında kullanarak kullanışlılığını değerlendirir.,Beceri,Uygulama,Transfer ve problem çözme,Mat11MK0043,,,AU,3 maddeden en az 2'si doğru,taslak,2026-10-01
Mat11MK0048,11,Sabit fonksiyonun bir noktadaki türevine ilişkin önermeleri matematiksel doğrulama ya da ispat yöntemleriyle doğrular.,Beceri,Analiz,Model kurma,Mat11MK0040,,,AU,3 maddeden en az 2'si doğru,taslak,2026-10-01
Mat11MK0049,11,xⁿ fonksiyonunun bir noktadaki türevine ilişkin önermeleri matematiksel doğrulama ya da ispat yöntemleriyle doğrular.,Beceri,Analiz,Model kurma,Mat11MK0041,,,AU,3 maddeden en az 2'si doğru,taslak,2026-10-01
Mat11MK0050,11,√x fonksiyonunun bir noktadaki türevine ilişkin önermeleri matematiksel doğrulama ya da ispat yöntemleriyle doğrular.,Beceri,Analiz,Model kurma,Mat11MK0042,,,AU,3 maddeden en az 2'si doğru,taslak,2026-10-01
Mat11MK0051,11,1/x fonksiyonunun bir noktadaki türevine ilişkin önermeleri matematiksel doğrulama ya da ispat yöntemleriyle doğrular.,Beceri,Analiz,Model kurma,Mat11MK0043,,,AU,3 maddeden en az 2'si doğru,taslak,2026-10-01
Mat11MK0052,11,Sabit fonksiyonun türevini kural olarak kullanır.,Beceri,Uygulama,Kural uygulama,Mat11MK0040,,,ÇS,3 maddeden en az 2'si doğru,taslak,2026-10-01
Mat11MK0053,11,xⁿ fonksiyonunun türevini kural olarak kullanır.,Beceri,Uygulama,Kural uygulama,Mat11MK0041,,,ÇS,3 maddeden en az 2'si doğru,taslak,2026-10-01
Mat11MK0054,11,√x fonksiyonunun türevini kural olarak kullanır.,Beceri,Uygulama,Kural uygulama,Mat11MK0042,,,ÇS,3 maddeden en az 2'si doğru,taslak,2026-10-01
Mat11MK0055,11,1/x fonksiyonunun türevini kural olarak kullanır.,Beceri,Uygulama,Kural uygulama,Mat11MK0043,,,ÇS,3 maddeden en az 2'si doğru,taslak,2026-10-01
Mat11MK0056,11,Bir eğriye üzerindeki bir noktadan çizilen teğetin denklemini yazar.,Beceri,Uygulama,Kural uygulama,Mat11MK0053; Mat11MK0038; Mat10MK0012,,,ÇS,3 maddeden en az 2'si doğru,taslak,2026-10-01
Mat11MK0057,11,Kırılma noktalarında türevin olmadığına ilişkin varsayımda bulunup genelleme yapar.,Bilgi,Analiz,Çıkarım ve ilişkilendirme,Mat02MK0173; Mat11MK0038,,Mat11YG0005,AU,3 maddeden en az 2'si doğru,taslak,2026-10-01
Mat11MK0058,11,Süreksizlik noktalarında türevin olmadığına ilişkin varsayımda bulunup genelleme yapar.,Bilgi,Analiz,Çıkarım ve ilişkilendirme,Mat11MK0031,,,AU,3 maddeden en az 2'si doğru,taslak,2026-10-01
Mat11MK0059,11,Düşey teğet noktalarında türevin olmadığına ilişkin varsayımda bulunup genelleme yapar.,Bilgi,Analiz,Çıkarım ve ilişkilendirme,Mat11MK0038,,Mat11YG0005,AU,3 maddeden en az 2'si doğru,taslak,2026-10-01
Mat11MK0060,11,Türevin kırılma noktalarında olmadığına ilişkin genellemelerini varsayımlarıyla karşılaştırarak önerme olarak sunar.,Beceri,Değerlendirme,Sınama ve değerlendirme,Mat11MK0057,,,AU,3 maddeden en az 2'si doğru,taslak,2026-10-01
Mat11MK0061,11,Türevin süreksizlik noktalarında olmadığına ilişkin genellemelerini varsayımlarıyla karşılaştırarak önerme olarak sunar.,Beceri,Değerlendirme,Sınama ve değerlendirme,Mat11MK0058,,,AU,3 maddeden en az 2'si doğru,taslak,2026-10-01
Mat11MK0062,11,Türevin düşey teğet noktalarında olmadığına ilişkin genellemelerini varsayımlarıyla karşılaştırarak önerme olarak sunar.,Beceri,Değerlendirme,Sınama ve değerlendirme,Mat11MK0059,,,AU,3 maddeden en az 2'si doğru,taslak,2026-10-01
Mat11MK0063,11,Türevin kırılma noktalarında olmadığına ilişkin önermeleri problem durumlarında kullanarak kullanışlılığını değerlendirir.,Beceri,Uygulama,Transfer ve problem çözme,Mat11MK0060,,,AU,3 maddeden en az 2'si doğru,taslak,2026-10-01
Mat11MK0064,11,Türevin süreksizlik noktalarında olmadığına ilişkin önermeleri problem durumlarında kullanarak kullanışlılığını değerlendirir.,Beceri,Uygulama,Transfer ve problem çözme,Mat11MK0061,,,AU,3 maddeden en az 2'si doğru,taslak,2026-10-01
Mat11MK0065,11,Türevin düşey teğet noktalarında olmadığına ilişkin önermeleri problem durumlarında kullanarak kullanışlılığını değerlendirir.,Beceri,Uygulama,Transfer ve problem çözme,Mat11MK0062,,,AU,3 maddeden en az 2'si doğru,taslak,2026-10-01
Mat11MK0066,11,İki fonksiyonun toplamının türevine ilişkin varsayımda bulunup genelleme yapar.,Bilgi,Analiz,Çıkarım ve ilişkilendirme,Mat11MK0053,,,AU,3 maddeden en az 2'si doğru,taslak,2026-10-01
Mat11MK0067,11,İki fonksiyonun farkının türevine ilişkin varsayımda bulunup genelleme yapar.,Bilgi,Analiz,Çıkarım ve ilişkilendirme,Mat11MK0053,,,AU,3 maddeden en az 2'si doğru,taslak,2026-10-01
Mat11MK0068,11,İki fonksiyonun çarpımının türevine ilişkin varsayımda bulunup genelleme yapar.,Bilgi,Analiz,Çıkarım ve ilişkilendirme,Mat11MK0053,,Mat11YG0006,AU,3 maddeden en az 2'si doğru,taslak,2026-10-01
Mat11MK0069,11,İki fonksiyonun bölümünün türevine ilişkin varsayımda bulunup genelleme yapar.,Bilgi,Analiz,Çıkarım ve ilişkilendirme,Mat11MK0053,,,AU,3 maddeden en az 2'si doğru,taslak,2026-10-01
Mat11MK0070,11,İki fonksiyonun bileşkesinin türevine ilişkin varsayımda bulunup genelleme yapar.,Bilgi,Analiz,Çıkarım ve ilişkilendirme,Mat11MK0053; Mat02MK0401,,,AU,3 maddeden en az 2'si doğru,taslak,2026-10-01
Mat11MK0071,11,İki fonksiyonun toplamının türevine ilişkin genellemelerini varsayımlarıyla karşılaştırarak önerme olarak sunar.,Beceri,Değerlendirme,Sınama ve değerlendirme,Mat11MK0066,,,AU,3 maddeden en az 2'si doğru,taslak,2026-10-01
Mat11MK0072,11,İki fonksiyonun farkının türevine ilişkin genellemelerini varsayımlarıyla karşılaştırarak önerme olarak sunar.,Beceri,Değerlendirme,Sınama ve değerlendirme,Mat11MK0067,,,AU,3 maddeden en az 2'si doğru,taslak,2026-10-01
Mat11MK0073,11,İki fonksiyonun çarpımının türevine ilişkin genellemelerini varsayımlarıyla karşılaştırarak önerme olarak sunar.,Beceri,Değerlendirme,Sınama ve değerlendirme,Mat11MK0068,,,AU,3 maddeden en az 2'si doğru,taslak,2026-10-01
Mat11MK0074,11,İki fonksiyonun bölümünün türevine ilişkin genellemelerini varsayımlarıyla karşılaştırarak önerme olarak sunar.,Beceri,Değerlendirme,Sınama ve değerlendirme,Mat11MK0069,,,AU,3 maddeden en az 2'si doğru,taslak,2026-10-01
Mat11MK0075,11,İki fonksiyonun bileşkesinin türevine ilişkin genellemelerini varsayımlarıyla karşılaştırarak önerme olarak sunar.,Beceri,Değerlendirme,Sınama ve değerlendirme,Mat11MK0070,,,AU,3 maddeden en az 2'si doğru,taslak,2026-10-01
Mat11MK0076,11,İki fonksiyonun toplamının türevine ilişkin önermeleri problem durumlarında kullanarak kullanışlılığını değerlendirir.,Beceri,Uygulama,Transfer ve problem çözme,Mat11MK0071,,,AU,3 maddeden en az 2'si doğru,taslak,2026-10-01
Mat11MK0077,11,İki fonksiyonun farkının türevine ilişkin önermeleri problem durumlarında kullanarak kullanışlılığını değerlendirir.,Beceri,Uygulama,Transfer ve problem çözme,Mat11MK0072,,,AU,3 maddeden en az 2'si doğru,taslak,2026-10-01
Mat11MK0078,11,İki fonksiyonun çarpımının türevine ilişkin önermeleri problem durumlarında kullanarak kullanışlılığını değerlendirir.,Beceri,Uygulama,Transfer ve problem çözme,Mat11MK0073,,,AU,3 maddeden en az 2'si doğru,taslak,2026-10-01
Mat11MK0079,11,İki fonksiyonun bölümünün türevine ilişkin önermeleri problem durumlarında kullanarak kullanışlılığını değerlendirir.,Beceri,Uygulama,Transfer ve problem çözme,Mat11MK0074,,,AU,3 maddeden en az 2'si doğru,taslak,2026-10-01
Mat11MK0080,11,İki fonksiyonun bileşkesinin türevine ilişkin önermeleri problem durumlarında kullanarak kullanışlılığını değerlendirir.,Beceri,Uygulama,Transfer ve problem çözme,Mat11MK0075,,,AU,3 maddeden en az 2'si doğru,taslak,2026-10-01
Mat11MK0081,11,Toplamın türevini alır.,Beceri,Uygulama,Kural uygulama,Mat11MK0071; Mat11MK0053,,,ÇS,3 maddeden en az 2'si doğru,taslak,2026-10-01
Mat11MK0082,11,Farkın türevini alır.,Beceri,Uygulama,Kural uygulama,Mat11MK0072; Mat11MK0053,,,ÇS,3 maddeden en az 2'si doğru,taslak,2026-10-01
Mat11MK0083,11,Çarpım kuralıyla türev alır.,Beceri,Uygulama,Kural uygulama,Mat11MK0073; Mat11MK0053,,Mat11YG0006,ÇS,3 maddeden en az 2'si doğru,taslak,2026-10-01
Mat11MK0084,11,Zincir kuralıyla iki fonksiyonun bileşkesinin türevini alır.,Beceri,Uygulama,Kural uygulama,Mat11MK0075; Mat11MK0053,,,ÇS,3 maddeden en az 2'si doğru,taslak,2026-10-01
Mat11MK0085,11,Bölüm kuralıyla türev alır.,Beceri,Uygulama,Kural uygulama,Mat11MK0074; Mat11MK0053,,,ÇS,3 maddeden en az 2'si doğru,taslak,2026-10-01
Mat11MK0086,11,İki fonksiyonun toplamının türevine ilişkin önermeleri matematiksel doğrulama ya da ispat yöntemleriyle doğrular.,Beceri,Analiz,Model kurma,Mat11MK0071,,,AU,3 maddeden en az 2'si doğru,taslak,2026-10-01
Mat11MK0087,11,İki fonksiyonun farkının türevine ilişkin önermeleri matematiksel doğrulama ya da ispat yöntemleriyle doğrular.,Beceri,Analiz,Model kurma,Mat11MK0072,,,AU,3 maddeden en az 2'si doğru,taslak,2026-10-01
Mat11MK0088,11,İki fonksiyonun çarpımının türevine ilişkin önermeleri matematiksel doğrulama ya da ispat yöntemleriyle doğrular.,Beceri,Analiz,Model kurma,Mat11MK0073,,,AU,3 maddeden en az 2'si doğru,taslak,2026-10-01
Mat11MK0089,11,İki fonksiyonun bölümünün türevine ilişkin önermeleri matematiksel doğrulama ya da ispat yöntemleriyle doğrular.,Beceri,Analiz,Model kurma,Mat11MK0074,,,AU,3 maddeden en az 2'si doğru,taslak,2026-10-01
Mat11MK0090,11,İki fonksiyonun bileşkesinin türevine ilişkin önermeleri matematiksel doğrulama ya da ispat yöntemleriyle doğrular.,Beceri,Analiz,Model kurma,Mat11MK0075,,,AU,3 maddeden en az 2'si doğru,taslak,2026-10-01
Mat11MK0091,11,Bir fonksiyon ile türev fonksiyonunun grafikleri arasındaki artan-azalan aralık ilişkisine ilişkin varsayımda bulunup genelleme yapar.,Bilgi,Analiz,Çıkarım ve ilişkilendirme,Mat11MK0038; Mat11MK0053,,,AU,3 maddeden en az 2'si doğru,taslak,2026-10-01
Mat11MK0092,11,Bir fonksiyon ile türev fonksiyonunun grafikleri arasındaki ekstremum noktaları ilişkisine ilişkin varsayımda bulunup genelleme yapar.,Bilgi,Analiz,Çıkarım ve ilişkilendirme,Mat11MK0038; Mat11MK0053,,Mat11YG0007,AU,3 maddeden en az 2'si doğru,taslak,2026-10-01
Mat11MK0093,11,Bir fonksiyon ile türev fonksiyonunun grafikleri arasındaki artan-azalan aralık ilişkisine ilişkin genellemelerini varsayımlarıyla karşılaştırarak önerme olarak sunar.,Beceri,Değerlendirme,Sınama ve değerlendirme,Mat11MK0091,,,AU,3 maddeden en az 2'si doğru,taslak,2026-10-01
Mat11MK0094,11,Bir fonksiyon ile türev fonksiyonunun grafikleri arasındaki ekstremum noktaları ilişkisine ilişkin genellemelerini varsayımlarıyla karşılaştırarak önerme olarak sunar.,Beceri,Değerlendirme,Sınama ve değerlendirme,Mat11MK0092,,,AU,3 maddeden en az 2'si doğru,taslak,2026-10-01
Mat11MK0095,11,Bir fonksiyon ile türev fonksiyonunun grafikleri arasındaki artan-azalan aralık ilişkisine ilişkin önermeleri problem durumlarında kullanarak kullanışlılığını değerlendirir.,Beceri,Uygulama,Transfer ve problem çözme,Mat11MK0093,,,AU,3 maddeden en az 2'si doğru,taslak,2026-10-01
Mat11MK0096,11,Bir fonksiyon ile türev fonksiyonunun grafikleri arasındaki ekstremum noktaları ilişkisine ilişkin önermeleri problem durumlarında kullanarak kullanışlılığını değerlendirir.,Beceri,Uygulama,Transfer ve problem çözme,Mat11MK0094,,,AU,3 maddeden en az 2'si doğru,taslak,2026-10-01
Mat11MK0097,11,Birinci türevin işaretinden fonksiyonun artan ve azalan olduğu aralıkları bulur.,Beceri,Uygulama,Kural uygulama,Mat11MK0093,,,ÇS,3 maddeden en az 2'si doğru,taslak,2026-10-01
Mat11MK0098,11,Yerel en büyük ve en küçük noktaları birinci türev testiyle bulur.,Beceri,Uygulama,Kural uygulama,Mat11MK0097,,Mat11YG0007,ÇS,3 maddeden en az 2'si doğru,taslak,2026-10-01
Mat11MK0099,11,Türev bilgisinden yararlanarak polinom fonksiyonların grafiğini çizer.,Beceri,Uygulama,Dönüştürme,Mat11MK0098; Mat02MK0451; Mat02MK0452,,,AU,3 maddeden en az 2'si doğru,taslak,2026-10-01
Mat11MK0100,11,"Türev kullanılarak çözülebilen maksimum-minimum problemlerde nicelikleri ve aralarındaki ilişkileri belirleyerek problemi uygun temsile (şekil, tablo, sayı doğrusu, denklem) dönüştürür.",Beceri,Uygulama,Dönüştürme,Mat11MK0098; Mat11MK0085; Mat11MK0084,,,AU,3 maddeden en az 2'si doğru,taslak,2026-10-01
Mat11MK0101,11,"Türev kullanılarak çözülebilen değişim oranı problemlerde nicelikleri ve aralarındaki ilişkileri belirleyerek problemi uygun temsile (şekil, tablo, sayı doğrusu, denklem) dönüştürür.",Beceri,Uygulama,Dönüştürme,Mat11MK0039; Mat11MK0084; Mat11MK0085,,,AU,3 maddeden en az 2'si doğru,taslak,2026-10-01
Mat11MK0102,11,Türev kullanılarak çözülebilen maksimum-minimum problemler için strateji geliştirip uygulayarak problemi çözer.,Beceri,Uygulama,Transfer ve problem çözme,Mat11MK0100,,,ÇS; AU,3 maddeden en az 2'si doğru,taslak,2026-10-01
Mat11MK0103,11,Türev kullanılarak çözülebilen değişim oranı problemler için strateji geliştirip uygulayarak problemi çözer.,Beceri,Uygulama,Transfer ve problem çözme,Mat11MK0101,,,ÇS; AU,3 maddeden en az 2'si doğru,taslak,2026-10-01
Mat11MK0104,11,"Türev kullanılarak çözülebilen maksimum-minimum problemlerin çözümünü kontrol eder, çözüme ulaştırmayan stratejiyi değiştirir ve farklı çözüm yollarını değerlendirir.",Beceri,Değerlendirme,Sınama ve değerlendirme,Mat11MK0102,,,AU,3 maddeden en az 2'si doğru,taslak,2026-10-01
Mat11MK0105,11,"Türev kullanılarak çözülebilen değişim oranı problemlerin çözümünü kontrol eder, çözüme ulaştırmayan stratejiyi değiştirir ve farklı çözüm yollarını değerlendirir.",Beceri,Değerlendirme,Sınama ve değerlendirme,Mat11MK0103,,,AU,3 maddeden en az 2'si doğru,taslak,2026-10-01
Mat11MK0106,11,Türev kullanılarak çözülebilen maksimum-minimum problemlerde kullandığı stratejiyi farklı problemlere genelleyerek genellemenin geçerliliğini örneklerle değerlendirir.,Beceri,Analiz,Çıkarım ve ilişkilendirme,Mat11MK0104,,,AU,3 maddeden en az 2'si doğru,taslak,2026-10-01
Mat11MK0107,11,Türev kullanılarak çözülebilen değişim oranı problemlerde kullandığı stratejiyi farklı problemlere genelleyerek genellemenin geçerliliğini örneklerle değerlendirir.,Beceri,Analiz,Çıkarım ve ilişkilendirme,Mat11MK0105,,,AU,3 maddeden en az 2'si doğru,taslak,2026-10-01
